-- MySQL dump 10.13  Distrib 8.0.40, for Linux (x86_64)
--
-- Host: localhost    Database: ce2-contacts
-- ------------------------------------------------------
-- Server version	8.0.40-0ubuntu0.22.04.1

/*!40101 SET @OLD_CHARACTER_SET_CLIENT=@@CHARACTER_SET_CLIENT */;
/*!40101 SET @OLD_CHARACTER_SET_RESULTS=@@CHARACTER_SET_RESULTS */;
/*!40101 SET @OLD_COLLATION_CONNECTION=@@COLLATION_CONNECTION */;
/*!50503 SET NAMES utf8mb4 */;
/*!40103 SET @OLD_TIME_ZONE=@@TIME_ZONE */;
/*!40103 SET TIME_ZONE='+00:00' */;
/*!40014 SET @OLD_UNIQUE_CHECKS=@@UNIQUE_CHECKS, UNIQUE_CHECKS=0 */;
/*!40014 SET @OLD_FOREIGN_KEY_CHECKS=@@FOREIGN_KEY_CHECKS, FOREIGN_KEY_CHECKS=0 */;
/*!40101 SET @OLD_SQL_MODE=@@SQL_MODE, SQL_MODE='NO_AUTO_VALUE_ON_ZERO' */;
/*!40111 SET @OLD_SQL_NOTES=@@SQL_NOTES, SQL_NOTES=0 */;

--
-- Table structure for table `Activity`
--

DROP TABLE IF EXISTS `Activity`;
/*!40101 SET @saved_cs_client     = @@character_set_client */;
/*!50503 SET character_set_client = utf8mb4 */;
CREATE TABLE `Activity` (
  `id` int NOT NULL AUTO_INCREMENT,
  `title` varchar(191) CHARACTER SET utf8mb4 COLLATE utf8mb4_unicode_ci NOT NULL,
  `description` text CHARACTER SET utf8mb4 COLLATE utf8mb4_unicode_ci,
  `activityTypeId` int NOT NULL,
  `date` datetime(3) NOT NULL,
  `duration` int DEFAULT NULL,
  `location` varchar(191) CHARACTER SET utf8mb4 COLLATE utf8mb4_unicode_ci DEFAULT NULL,
  `organizationId` int DEFAULT NULL,
  `createdAt` datetime(3) NOT NULL DEFAULT CURRENT_TIMESTAMP(3),
  `updatedAt` datetime(3) NOT NULL,
  `website` varchar(255) COLLATE utf8mb4_unicode_ci DEFAULT NULL,
  PRIMARY KEY (`id`),
  KEY `Activity_activityTypeId_idx` (`activityTypeId`),
  KEY `Activity_organizationId_idx` (`organizationId`),
  CONSTRAINT `Activity_activityTypeId_fkey` FOREIGN KEY (`activityTypeId`) REFERENCES `ActivityType` (`id`) ON DELETE RESTRICT ON UPDATE CASCADE,
  CONSTRAINT `Activity_organizationId_fkey` FOREIGN KEY (`organizationId`) REFERENCES `Organization` (`id`) ON DELETE SET NULL ON UPDATE CASCADE
) ENGINE=InnoDB AUTO_INCREMENT=12 DEFAULT CHARSET=utf8mb4 COLLATE=utf8mb4_unicode_ci;
/*!40101 SET character_set_client = @saved_cs_client */;

--
-- Dumping data for table `Activity`
--

LOCK TABLES `Activity` WRITE;
/*!40000 ALTER TABLE `Activity` DISABLE KEYS */;
INSERT INTO `Activity` VALUES (1,'Art and Science Webinar',NULL,1,'2023-05-25 15:00:00.000',120,NULL,188,'2024-11-22 13:34:42.000','2024-11-22 13:34:42.000','https://climateurope2.eu/news-events/events/events/art-and-science-towards-climate-action'),(2,'Climateurope2 First Webstival',NULL,6,'2023-03-22 15:32:00.000',167,NULL,188,'2024-11-22 13:34:42.000','2024-11-22 13:34:42.000','https://climateurope2.eu/news-events/events/events/first-climateurope2-webstival'),(3,'Climateurope2 Second Webstival',NULL,6,'2023-09-19 08:22:00.000',420,NULL,188,'2024-11-22 13:34:42.000','2024-11-22 13:34:42.000','https://climateurope2.eu/news-events/events/events/climateurope2-webstival-second-edition'),(4,'UK Climate Resilience Webinar',NULL,6,'2022-11-03 10:49:00.000',72,NULL,55,'2024-11-22 13:34:42.000','2024-11-22 13:34:42.000','https://climateurope2.eu/news-events/events/events/webinar-uk-climate-services-standards-and-value'),(5,'Climateurope2 Uncertainty Workshop',NULL,2,'2023-11-30 07:43:04.000',90,NULL,55,'2024-11-22 13:34:42.000','2024-11-22 13:34:42.000','https://climateurope2.eu/news-events/events/events/communicating-climate-uncertainty');
/*!40000 ALTER TABLE `Activity` ENABLE KEYS */;
UNLOCK TABLES;

--
-- Table structure for table `ActivityParticipation`
--

DROP TABLE IF EXISTS `ActivityParticipation`;
/*!40101 SET @saved_cs_client     = @@character_set_client */;
/*!50503 SET character_set_client = utf8mb4 */;
CREATE TABLE `ActivityParticipation` (
  `id` int NOT NULL AUTO_INCREMENT,
  `activityId` int NOT NULL,
  `contactId` int NOT NULL,
  `role` varchar(191) CHARACTER SET utf8mb4 COLLATE utf8mb4_unicode_ci DEFAULT NULL,
  `attendance` tinyint(1) DEFAULT NULL,
  `createdAt` datetime(3) NOT NULL DEFAULT CURRENT_TIMESTAMP(3),
  PRIMARY KEY (`id`),
  UNIQUE KEY `ActivityParticipation_activityId_contactId_key` (`activityId`,`contactId`),
  KEY `ActivityParticipation_contactId_idx` (`contactId`),
  CONSTRAINT `ActivityParticipation_activityId_fkey` FOREIGN KEY (`activityId`) REFERENCES `Activity` (`id`) ON DELETE RESTRICT ON UPDATE CASCADE,
  CONSTRAINT `ActivityParticipation_contactId_fkey` FOREIGN KEY (`contactId`) REFERENCES `Contact` (`id`) ON DELETE RESTRICT ON UPDATE CASCADE
) ENGINE=InnoDB AUTO_INCREMENT=2048 DEFAULT CHARSET=utf8mb4 COLLATE=utf8mb4_unicode_ci;
/*!40101 SET character_set_client = @saved_cs_client */;

--
-- Dumping data for table `ActivityParticipation`
--

LOCK TABLES `ActivityParticipation` WRITE;
/*!40000 ALTER TABLE `ActivityParticipation` DISABLE KEYS */;
INSERT INTO `ActivityParticipation` VALUES (1,1,2742,'participant',1,'2024-11-22 13:34:42.000'),(2,1,2737,'participant',1,'2024-11-22 13:34:42.000'),(3,1,2734,'participant',1,'2024-11-22 13:34:42.000'),(4,1,2730,'participant',1,'2024-11-22 13:34:42.000'),(5,1,2714,'participant',1,'2024-11-22 13:34:42.000'),(6,1,2708,'participant',1,'2024-11-22 13:34:42.000'),(7,1,2705,'participant',1,'2024-11-22 13:34:42.000'),(8,1,2702,'participant',1,'2024-11-22 13:34:42.000'),(9,1,2685,'participant',1,'2024-11-22 13:34:42.000'),(10,1,2683,'participant',1,'2024-11-22 13:34:42.000'),(11,1,2682,'participant',1,'2024-11-22 13:34:42.000'),(12,1,2678,'participant',1,'2024-11-22 13:34:42.000'),(13,1,2673,'participant',1,'2024-11-22 13:34:42.000'),(14,1,2670,'participant',1,'2024-11-22 13:34:42.000'),(15,1,2664,'participant',1,'2024-11-22 13:34:42.000'),(16,1,2641,'participant',1,'2024-11-22 13:34:42.000'),(17,1,2634,'participant',1,'2024-11-22 13:34:42.000'),(18,1,2633,'participant',1,'2024-11-22 13:34:42.000'),(19,1,2632,'participant',1,'2024-11-22 13:34:42.000'),(20,1,2614,'participant',1,'2024-11-22 13:34:42.000'),(21,1,2615,'participant',1,'2024-11-22 13:34:42.000'),(22,1,2619,'participant',1,'2024-11-22 13:34:42.000'),(23,1,2620,'participant',1,'2024-11-22 13:34:42.000'),(24,1,2621,'participant',1,'2024-11-22 13:34:42.000'),(25,1,2610,'participant',1,'2024-11-22 13:34:42.000'),(26,1,2609,'participant',1,'2024-11-22 13:34:42.000'),(27,1,2612,'participant',1,'2024-11-22 13:34:42.000'),(28,1,2607,'participant',1,'2024-11-22 13:34:42.000'),(29,1,2606,'participant',1,'2024-11-22 13:34:42.000'),(30,1,2599,'participant',1,'2024-11-22 13:34:42.000'),(31,1,2601,'participant',1,'2024-11-22 13:34:42.000'),(32,1,2600,'participant',1,'2024-11-22 13:34:42.000'),(33,1,2597,'participant',1,'2024-11-22 13:34:42.000'),(34,1,2595,'participant',1,'2024-11-22 13:34:42.000'),(35,1,2594,'participant',1,'2024-11-22 13:34:42.000'),(36,1,2592,'participant',1,'2024-11-22 13:34:42.000'),(37,1,2591,'participant',1,'2024-11-22 13:34:42.000'),(38,1,2590,'participant',1,'2024-11-22 13:34:42.000'),(39,1,2588,'participant',1,'2024-11-22 13:34:42.000'),(40,1,2582,'participant',1,'2024-11-22 13:34:42.000'),(41,1,2578,'participant',1,'2024-11-22 13:34:42.000'),(42,1,2577,'participant',1,'2024-11-22 13:34:42.000'),(43,1,2576,'participant',1,'2024-11-22 13:34:42.000'),(44,1,2574,'participant',1,'2024-11-22 13:34:42.000'),(45,1,2575,'participant',1,'2024-11-22 13:34:42.000'),(46,1,2573,'participant',1,'2024-11-22 13:34:42.000'),(47,1,2572,'participant',1,'2024-11-22 13:34:42.000'),(48,1,2567,'participant',1,'2024-11-22 13:34:42.000'),(49,1,2564,'participant',1,'2024-11-22 13:34:42.000'),(50,1,2559,'participant',1,'2024-11-22 13:34:42.000'),(51,1,2557,'participant',1,'2024-11-22 13:34:42.000'),(52,1,2553,'participant',1,'2024-11-22 13:34:42.000'),(53,1,2546,'participant',1,'2024-11-22 13:34:42.000'),(54,1,2545,'participant',1,'2024-11-22 13:34:42.000'),(55,1,2544,'participant',1,'2024-11-22 13:34:42.000'),(56,1,2527,'participant',1,'2024-11-22 13:34:42.000'),(57,1,2525,'participant',1,'2024-11-22 13:34:42.000'),(58,1,2514,'participant',1,'2024-11-22 13:34:42.000'),(59,1,2512,'participant',1,'2024-11-22 13:34:42.000'),(60,1,2494,'participant',1,'2024-11-22 13:34:42.000'),(61,1,2487,'participant',1,'2024-11-22 13:34:42.000'),(62,1,2482,'participant',1,'2024-11-22 13:34:42.000'),(63,1,2479,'participant',1,'2024-11-22 13:34:42.000'),(64,1,2465,'participant',1,'2024-11-22 13:34:42.000'),(65,1,2464,'participant',1,'2024-11-22 13:34:42.000'),(66,1,2463,'participant',1,'2024-11-22 13:34:42.000'),(67,1,2459,'participant',1,'2024-11-22 13:34:42.000'),(68,1,2444,'participant',1,'2024-11-22 13:34:42.000'),(69,1,2434,'participant',1,'2024-11-22 13:34:42.000'),(70,1,2429,'participant',1,'2024-11-22 13:34:42.000'),(71,1,2426,'participant',1,'2024-11-22 13:34:42.000'),(72,1,2427,'participant',1,'2024-11-22 13:34:42.000'),(73,1,2425,'participant',1,'2024-11-22 13:34:42.000'),(74,1,2418,'participant',1,'2024-11-22 13:34:42.000'),(75,1,2404,'participant',1,'2024-11-22 13:34:42.000'),(76,1,2403,'participant',1,'2024-11-22 13:34:42.000'),(77,1,2399,'participant',1,'2024-11-22 13:34:42.000'),(78,1,2395,'participant',1,'2024-11-22 13:34:42.000'),(79,1,2387,'participant',1,'2024-11-22 13:34:42.000'),(80,1,2386,'participant',1,'2024-11-22 13:34:42.000'),(81,1,2383,'participant',1,'2024-11-22 13:34:42.000'),(82,1,2382,'participant',1,'2024-11-22 13:34:42.000'),(83,1,2381,'participant',1,'2024-11-22 13:34:42.000'),(84,1,2368,'participant',1,'2024-11-22 13:34:42.000'),(85,1,2355,'participant',1,'2024-11-22 13:34:42.000'),(86,1,2350,'participant',1,'2024-11-22 13:34:42.000'),(87,1,2337,'participant',1,'2024-11-22 13:34:42.000'),(88,1,2743,'participant',1,'2024-11-22 13:34:42.000'),(89,1,2325,'participant',1,'2024-11-22 13:34:42.000'),(90,1,2319,'participant',1,'2024-11-22 13:34:42.000'),(91,1,2312,'participant',1,'2024-11-22 13:34:42.000'),(92,1,2272,'participant',1,'2024-11-22 13:34:42.000'),(93,1,2271,'participant',1,'2024-11-22 13:34:42.000'),(94,1,2269,'participant',1,'2024-11-22 13:34:42.000'),(95,1,2248,'participant',1,'2024-11-22 13:34:42.000'),(96,1,2243,'participant',1,'2024-11-22 13:34:42.000'),(97,1,2235,'participant',1,'2024-11-22 13:34:42.000'),(98,1,2229,'participant',1,'2024-11-22 13:34:42.000'),(99,1,2222,'participant',1,'2024-11-22 13:34:42.000'),(100,1,2221,'participant',1,'2024-11-22 13:34:42.000'),(101,1,2216,'participant',1,'2024-11-22 13:34:42.000'),(102,1,2213,'participant',1,'2024-11-22 13:34:42.000'),(103,1,2212,'participant',1,'2024-11-22 13:34:42.000'),(104,1,2208,'participant',1,'2024-11-22 13:34:42.000'),(105,1,2207,'participant',1,'2024-11-22 13:34:42.000'),(106,1,2210,'participant',1,'2024-11-22 13:34:42.000'),(107,1,2202,'participant',1,'2024-11-22 13:34:42.000'),(108,1,2193,'participant',1,'2024-11-22 13:34:42.000'),(109,1,2190,'participant',1,'2024-11-22 13:34:42.000'),(110,1,2133,'participant',1,'2024-11-22 13:34:42.000'),(111,1,2180,'participant',1,'2024-11-22 13:34:42.000'),(112,1,2174,'participant',1,'2024-11-22 13:34:42.000'),(113,1,2162,'participant',1,'2024-11-22 13:34:42.000'),(114,1,2159,'participant',1,'2024-11-22 13:34:42.000'),(115,1,2154,'participant',1,'2024-11-22 13:34:42.000'),(116,1,2152,'participant',1,'2024-11-22 13:34:42.000'),(117,1,2137,'participant',1,'2024-11-22 13:34:42.000'),(118,1,2128,'participant',1,'2024-11-22 13:34:42.000'),(119,1,2127,'participant',1,'2024-11-22 13:34:42.000'),(120,1,2125,'participant',1,'2024-11-22 13:34:42.000'),(121,1,2123,'participant',1,'2024-11-22 13:34:42.000'),(122,1,2121,'participant',1,'2024-11-22 13:34:42.000'),(123,1,2109,'participant',1,'2024-11-22 13:34:42.000'),(124,1,2108,'participant',1,'2024-11-22 13:34:42.000'),(125,1,2104,'participant',1,'2024-11-22 13:34:42.000'),(126,1,2098,'participant',1,'2024-11-22 13:34:42.000'),(127,1,2092,'participant',1,'2024-11-22 13:34:42.000'),(128,1,2089,'participant',1,'2024-11-22 13:34:42.000'),(129,1,2072,'participant',1,'2024-11-22 13:34:42.000'),(130,1,2065,'participant',1,'2024-11-22 13:34:42.000'),(131,1,2064,'participant',1,'2024-11-22 13:34:42.000'),(132,1,2059,'participant',1,'2024-11-22 13:34:42.000'),(133,1,2052,'participant',1,'2024-11-22 13:34:42.000'),(134,1,2055,'participant',1,'2024-11-22 13:34:42.000'),(135,1,2050,'participant',1,'2024-11-22 13:34:42.000'),(136,1,1990,'participant',1,'2024-11-22 13:34:42.000'),(137,1,2009,'participant',1,'2024-11-22 13:34:42.000'),(138,1,1966,'participant',1,'2024-11-22 13:34:42.000'),(139,1,1999,'participant',1,'2024-11-22 13:34:42.000'),(140,1,1978,'participant',1,'2024-11-22 13:34:42.000'),(141,1,2018,'participant',1,'2024-11-22 13:34:42.000'),(142,1,2005,'participant',1,'2024-11-22 13:34:42.000'),(143,1,1995,'participant',1,'2024-11-22 13:34:42.000'),(144,1,2013,'participant',1,'2024-11-22 13:34:42.000'),(145,1,1984,'participant',1,'2024-11-22 13:34:42.000'),(146,1,2007,'participant',1,'2024-11-22 13:34:42.000'),(147,1,1991,'participant',1,'2024-11-22 13:34:42.000'),(148,1,1965,'participant',1,'2024-11-22 13:34:42.000'),(149,1,1960,'participant',1,'2024-11-22 13:34:42.000'),(150,1,1958,'participant',1,'2024-11-22 13:34:42.000'),(151,1,1941,'participant',1,'2024-11-22 13:34:42.000'),(152,1,1938,'participant',1,'2024-11-22 13:34:42.000'),(153,1,1935,'participant',1,'2024-11-22 13:34:42.000'),(154,1,1936,'participant',1,'2024-11-22 13:34:42.000'),(155,1,1937,'participant',1,'2024-11-22 13:34:42.000'),(156,1,1918,'participant',1,'2024-11-22 13:34:42.000'),(157,1,1900,'participant',1,'2024-11-22 13:34:42.000'),(158,1,1876,'participant',1,'2024-11-22 13:34:42.000'),(159,1,1874,'participant',1,'2024-11-22 13:34:42.000'),(160,1,1857,'participant',1,'2024-11-22 13:34:42.000'),(161,1,1855,'participant',1,'2024-11-22 13:34:42.000'),(162,1,1849,'participant',1,'2024-11-22 13:34:42.000'),(163,1,1848,'participant',1,'2024-11-22 13:34:42.000'),(164,1,1845,'participant',1,'2024-11-22 13:34:42.000'),(165,1,1839,'participant',1,'2024-11-22 13:34:42.000'),(166,1,1810,'participant',1,'2024-11-22 13:34:42.000'),(167,1,1808,'participant',1,'2024-11-22 13:34:42.000'),(168,1,1804,'participant',1,'2024-11-22 13:34:42.000'),(169,1,1799,'participant',1,'2024-11-22 13:34:42.000'),(170,1,1795,'participant',1,'2024-11-22 13:34:42.000'),(171,1,1789,'participant',1,'2024-11-22 13:34:42.000'),(172,1,1787,'participant',1,'2024-11-22 13:34:42.000'),(173,1,1779,'participant',1,'2024-11-22 13:34:42.000'),(174,1,1778,'participant',1,'2024-11-22 13:34:42.000'),(175,1,1777,'participant',1,'2024-11-22 13:34:42.000'),(176,1,1772,'participant',1,'2024-11-22 13:34:42.000'),(177,1,1769,'participant',1,'2024-11-22 13:34:42.000'),(178,1,2022,'participant',1,'2024-11-22 13:34:42.000'),(179,1,1768,'participant',1,'2024-11-22 13:34:42.000'),(180,1,1764,'participant',1,'2024-11-22 13:34:42.000'),(181,1,1756,'participant',1,'2024-11-22 13:34:42.000'),(182,1,1745,'participant',1,'2024-11-22 13:34:42.000'),(183,1,1747,'participant',1,'2024-11-22 13:34:42.000'),(184,1,1736,'participant',1,'2024-11-22 13:34:42.000'),(185,1,1730,'participant',1,'2024-11-22 13:34:42.000'),(186,1,1704,'participant',1,'2024-11-22 13:34:42.000'),(187,1,1727,'participant',1,'2024-11-22 13:34:42.000'),(188,1,1683,'participant',1,'2024-11-22 13:34:42.000'),(189,1,1682,'participant',1,'2024-11-22 13:34:42.000'),(190,1,1680,'participant',1,'2024-11-22 13:34:42.000'),(191,1,1677,'participant',1,'2024-11-22 13:34:42.000'),(192,1,1676,'participant',1,'2024-11-22 13:34:42.000'),(193,1,1661,'participant',1,'2024-11-22 13:34:42.000'),(194,1,1659,'participant',1,'2024-11-22 13:34:42.000'),(195,1,1653,'participant',1,'2024-11-22 13:34:42.000'),(196,1,1652,'participant',1,'2024-11-22 13:34:42.000'),(197,1,1648,'participant',1,'2024-11-22 13:34:42.000'),(198,1,1645,'participant',1,'2024-11-22 13:34:42.000'),(199,1,1646,'participant',1,'2024-11-22 13:34:42.000'),(200,1,1644,'participant',1,'2024-11-22 13:34:42.000'),(201,1,1643,'participant',1,'2024-11-22 13:34:42.000'),(202,1,1638,'participant',1,'2024-11-22 13:34:42.000'),(203,1,1631,'participant',1,'2024-11-22 13:34:42.000'),(204,1,1476,'participant',1,'2024-11-22 13:34:42.000'),(205,1,1580,'participant',1,'2024-11-22 13:34:42.000'),(206,1,1519,'participant',1,'2024-11-22 13:34:42.000'),(207,1,2506,'participant',1,'2024-11-22 13:34:42.000'),(208,1,1571,'participant',1,'2024-11-22 13:34:42.000'),(209,1,1488,'participant',1,'2024-11-22 13:34:42.000'),(210,1,1588,'participant',1,'2024-11-22 13:34:42.000'),(211,1,1563,'participant',1,'2024-11-22 13:34:42.000'),(212,1,1525,'participant',1,'2024-11-22 13:34:42.000'),(213,1,1573,'participant',1,'2024-11-22 13:34:42.000'),(214,1,1549,'participant',1,'2024-11-22 13:34:42.000'),(215,1,1539,'participant',1,'2024-11-22 13:34:42.000'),(216,1,1478,'participant',1,'2024-11-22 13:34:42.000'),(217,1,1570,'participant',1,'2024-11-22 13:34:42.000'),(218,1,2011,'participant',1,'2024-11-22 13:34:42.000'),(219,1,1480,'participant',1,'2024-11-22 13:34:42.000'),(220,1,1493,'participant',1,'2024-11-22 13:34:42.000'),(221,1,1535,'participant',1,'2024-11-22 13:34:42.000'),(222,1,1496,'participant',1,'2024-11-22 13:34:42.000'),(223,1,1479,'participant',1,'2024-11-22 13:34:42.000'),(224,1,1540,'participant',1,'2024-11-22 13:34:42.000'),(225,1,1523,'participant',1,'2024-11-22 13:34:42.000'),(226,1,1471,'participant',1,'2024-11-22 13:34:42.000'),(227,1,1552,'participant',1,'2024-11-22 13:34:42.000'),(228,1,1508,'participant',1,'2024-11-22 13:34:42.000'),(229,1,1565,'participant',1,'2024-11-22 13:34:42.000'),(230,1,1498,'participant',1,'2024-11-22 13:34:42.000'),(231,1,1528,'participant',1,'2024-11-22 13:34:42.000'),(232,1,1509,'participant',1,'2024-11-22 13:34:42.000'),(233,1,1501,'participant',1,'2024-11-22 13:34:42.000'),(234,1,1551,'participant',1,'2024-11-22 13:34:42.000'),(235,1,1560,'participant',1,'2024-11-22 13:34:42.000'),(236,1,1532,'participant',1,'2024-11-22 13:34:42.000'),(237,1,1585,'participant',1,'2024-11-22 13:34:42.000'),(238,1,1600,'participant',1,'2024-11-22 13:34:42.000'),(239,1,1568,'participant',1,'2024-11-22 13:34:42.000'),(240,1,1550,'participant',1,'2024-11-22 13:34:42.000'),(241,1,1566,'participant',1,'2024-11-22 13:34:42.000'),(242,1,1536,'participant',1,'2024-11-22 13:34:42.000'),(243,1,1518,'participant',1,'2024-11-22 13:34:42.000'),(244,1,1544,'participant',1,'2024-11-22 13:34:42.000'),(245,1,1533,'participant',1,'2024-11-22 13:34:42.000'),(246,1,1486,'participant',1,'2024-11-22 13:34:42.000'),(247,1,1473,'participant',1,'2024-11-22 13:34:42.000'),(248,1,1511,'participant',1,'2024-11-22 13:34:42.000'),(249,1,1505,'participant',1,'2024-11-22 13:34:42.000'),(250,1,2324,'participant',1,'2024-11-22 13:34:42.000'),(251,1,1482,'participant',1,'2024-11-22 13:34:42.000'),(252,1,1564,'participant',1,'2024-11-22 13:34:42.000'),(253,1,1491,'participant',1,'2024-11-22 13:34:42.000'),(254,1,1504,'participant',1,'2024-11-22 13:34:42.000'),(255,1,1605,'participant',1,'2024-11-22 13:34:42.000'),(256,1,1522,'participant',1,'2024-11-22 13:34:42.000'),(257,1,1515,'participant',1,'2024-11-22 13:34:42.000'),(258,1,1489,'participant',1,'2024-11-22 13:34:42.000'),(259,1,1728,'participant',1,'2024-11-22 13:34:42.000'),(260,1,2341,'participant',1,'2024-11-22 13:34:42.000'),(261,1,1575,'participant',1,'2024-11-22 13:34:42.000'),(262,1,1582,'participant',1,'2024-11-22 13:34:42.000'),(263,1,1530,'participant',1,'2024-11-22 13:34:42.000'),(264,1,2663,'participant',1,'2024-11-22 13:34:42.000'),(265,1,1538,'participant',1,'2024-11-22 13:34:42.000'),(266,1,1513,'participant',1,'2024-11-22 13:34:42.000'),(267,1,2596,'participant',1,'2024-11-22 13:34:42.000'),(268,1,1529,'participant',1,'2024-11-22 13:34:42.000'),(269,1,1490,'participant',1,'2024-11-22 13:34:42.000'),(270,1,1537,'participant',1,'2024-11-22 13:34:42.000'),(271,1,1554,'participant',1,'2024-11-22 13:34:42.000'),(272,1,1527,'participant',1,'2024-11-22 13:34:42.000'),(273,1,1586,'participant',1,'2024-11-22 13:34:42.000'),(274,1,1705,'participant',1,'2024-11-22 13:34:42.000'),(275,1,1592,'participant',1,'2024-11-22 13:34:42.000'),(276,1,1499,'participant',1,'2024-11-22 13:34:42.000'),(277,1,1581,'participant',1,'2024-11-22 13:34:42.000'),(278,1,1526,'participant',1,'2024-11-22 13:34:42.000'),(279,1,1675,'participant',1,'2024-11-22 13:34:42.000'),(280,1,1495,'participant',1,'2024-11-22 13:34:42.000'),(281,1,2732,'participant',1,'2024-11-22 13:34:42.000'),(282,1,1541,'participant',1,'2024-11-22 13:34:42.000'),(283,1,1485,'participant',1,'2024-11-22 13:34:42.000'),(284,1,1590,'participant',1,'2024-11-22 13:34:42.000'),(285,1,1517,'participant',1,'2024-11-22 13:34:42.000'),(286,1,2002,'participant',1,'2024-11-22 13:34:42.000'),(287,1,1567,'participant',1,'2024-11-22 13:34:42.000'),(288,1,1767,'participant',1,'2024-11-22 13:34:42.000'),(289,1,1555,'participant',1,'2024-11-22 13:34:42.000'),(290,1,1516,'participant',1,'2024-11-22 13:34:42.000'),(291,1,1487,'participant',1,'2024-11-22 13:34:42.000'),(292,1,2613,'participant',1,'2024-11-22 13:34:42.000'),(293,1,1512,'participant',1,'2024-11-22 13:34:42.000'),(294,1,1481,'participant',1,'2024-11-22 13:34:42.000'),(295,1,1579,'participant',1,'2024-11-22 13:34:42.000'),(296,1,1572,'participant',1,'2024-11-22 13:34:42.000'),(297,1,2021,'panelist',1,'2024-11-22 13:34:42.000'),(298,1,1594,'panelist',1,'2024-11-22 13:34:42.000'),(299,1,1766,'panelist',1,'2024-11-22 13:34:42.000'),(300,1,2966,'panelist',1,'2024-11-22 13:34:42.000'),(301,2,2732,'participant',1,'2024-11-22 13:34:42.000'),(302,2,2728,'participant',1,'2024-11-22 13:34:42.000'),(303,2,2726,'participant',1,'2024-11-22 13:34:42.000'),(304,2,2722,'participant',1,'2024-11-22 13:34:42.000'),(305,2,2719,'participant',1,'2024-11-22 13:34:42.000'),(306,2,2712,'participant',1,'2024-11-22 13:34:42.000'),(307,2,2718,'participant',1,'2024-11-22 13:34:42.000'),(308,2,2711,'participant',1,'2024-11-22 13:34:42.000'),(309,2,2715,'participant',1,'2024-11-22 13:34:42.000'),(310,2,2721,'participant',1,'2024-11-22 13:34:42.000'),(311,2,2720,'participant',1,'2024-11-22 13:34:42.000'),(312,2,2716,'participant',1,'2024-11-22 13:34:42.000'),(313,2,2710,'participant',1,'2024-11-22 13:34:42.000'),(314,2,2706,'participant',1,'2024-11-22 13:34:42.000'),(315,2,1765,'participant',1,'2024-11-22 13:34:42.000'),(316,2,2703,'participant',1,'2024-11-22 13:34:42.000'),(317,2,2694,'participant',1,'2024-11-22 13:34:42.000'),(318,2,2690,'participant',1,'2024-11-22 13:34:42.000'),(319,2,2692,'participant',1,'2024-11-22 13:34:42.000'),(320,2,2689,'participant',1,'2024-11-22 13:34:42.000'),(321,2,2687,'participant',1,'2024-11-22 13:34:42.000'),(322,2,2681,'participant',1,'2024-11-22 13:34:42.000'),(323,2,2677,'participant',1,'2024-11-22 13:34:42.000'),(324,2,2674,'participant',1,'2024-11-22 13:34:42.000'),(325,2,2671,'participant',1,'2024-11-22 13:34:42.000'),(326,2,2667,'participant',1,'2024-11-22 13:34:42.000'),(327,2,2663,'participant',1,'2024-11-22 13:34:42.000'),(328,2,2583,'participant',1,'2024-11-22 13:34:42.000'),(329,2,2653,'participant',1,'2024-11-22 13:34:42.000'),(330,2,2648,'participant',1,'2024-11-22 13:34:42.000'),(331,2,2644,'participant',1,'2024-11-22 13:34:42.000'),(332,2,2642,'participant',1,'2024-11-22 13:34:42.000'),(333,2,2637,'participant',1,'2024-11-22 13:34:42.000'),(334,2,2631,'participant',1,'2024-11-22 13:34:42.000'),(335,2,2628,'participant',1,'2024-11-22 13:34:42.000'),(336,2,2623,'participant',1,'2024-11-22 13:34:42.000'),(337,2,2626,'participant',1,'2024-11-22 13:34:42.000'),(338,2,2614,'participant',1,'2024-11-22 13:34:42.000'),(339,2,2616,'participant',1,'2024-11-22 13:34:42.000'),(340,2,2608,'participant',1,'2024-11-22 13:34:42.000'),(341,2,2650,'participant',1,'2024-11-22 13:34:42.000'),(342,2,2604,'participant',1,'2024-11-22 13:34:42.000'),(343,2,2602,'participant',1,'2024-11-22 13:34:42.000'),(344,2,2598,'participant',1,'2024-11-22 13:34:42.000'),(345,2,2596,'participant',1,'2024-11-22 13:34:42.000'),(346,2,2589,'participant',1,'2024-11-22 13:34:42.000'),(347,2,2586,'participant',1,'2024-11-22 13:34:42.000'),(348,2,2581,'participant',1,'2024-11-22 13:34:42.000'),(349,2,2580,'participant',1,'2024-11-22 13:34:42.000'),(350,2,2579,'participant',1,'2024-11-22 13:34:42.000'),(351,2,2577,'participant',1,'2024-11-22 13:34:42.000'),(352,2,2573,'participant',1,'2024-11-22 13:34:42.000'),(353,2,2568,'participant',1,'2024-11-22 13:34:42.000'),(354,2,2565,'participant',1,'2024-11-22 13:34:42.000'),(355,2,2560,'participant',1,'2024-11-22 13:34:42.000'),(356,2,2556,'participant',1,'2024-11-22 13:34:42.000'),(357,2,2555,'participant',1,'2024-11-22 13:34:42.000'),(358,2,1889,'participant',1,'2024-11-22 13:34:42.000'),(359,2,1887,'participant',1,'2024-11-22 13:34:42.000'),(360,2,1886,'participant',1,'2024-11-22 13:34:42.000'),(361,2,1884,'participant',1,'2024-11-22 13:34:42.000'),(362,2,1890,'participant',1,'2024-11-22 13:34:42.000'),(363,2,1888,'participant',1,'2024-11-22 13:34:42.000'),(364,2,1880,'participant',1,'2024-11-22 13:34:42.000'),(365,2,2551,'participant',1,'2024-11-22 13:34:42.000'),(366,2,2549,'participant',1,'2024-11-22 13:34:42.000'),(367,2,2548,'participant',1,'2024-11-22 13:34:42.000'),(368,2,2547,'participant',1,'2024-11-22 13:34:42.000'),(369,2,2543,'participant',1,'2024-11-22 13:34:42.000'),(370,2,2541,'participant',1,'2024-11-22 13:34:42.000'),(371,2,2537,'participant',1,'2024-11-22 13:34:42.000'),(372,2,2540,'participant',1,'2024-11-22 13:34:42.000'),(373,2,2538,'participant',1,'2024-11-22 13:34:42.000'),(374,2,2539,'participant',1,'2024-11-22 13:34:42.000'),(375,2,1893,'participant',1,'2024-11-22 13:34:42.000'),(376,2,1895,'participant',1,'2024-11-22 13:34:42.000'),(377,2,1894,'participant',1,'2024-11-22 13:34:42.000'),(378,2,2533,'participant',1,'2024-11-22 13:34:42.000'),(379,2,2532,'participant',1,'2024-11-22 13:34:42.000'),(380,2,2529,'participant',1,'2024-11-22 13:34:42.000'),(381,2,2528,'participant',1,'2024-11-22 13:34:42.000'),(382,2,2530,'participant',1,'2024-11-22 13:34:42.000'),(383,2,2524,'participant',1,'2024-11-22 13:34:42.000'),(384,2,2522,'participant',1,'2024-11-22 13:34:42.000'),(385,2,2498,'participant',1,'2024-11-22 13:34:42.000'),(386,2,2500,'participant',1,'2024-11-22 13:34:42.000'),(387,2,2499,'participant',1,'2024-11-22 13:34:42.000'),(388,2,2520,'participant',1,'2024-11-22 13:34:42.000'),(389,2,2517,'participant',1,'2024-11-22 13:34:42.000'),(390,2,2515,'participant',1,'2024-11-22 13:34:42.000'),(391,2,2513,'participant',1,'2024-11-22 13:34:42.000'),(392,2,2512,'participant',1,'2024-11-22 13:34:42.000'),(393,2,2508,'participant',1,'2024-11-22 13:34:42.000'),(394,2,2507,'participant',1,'2024-11-22 13:34:42.000'),(395,2,2502,'participant',1,'2024-11-22 13:34:42.000'),(396,2,2493,'participant',1,'2024-11-22 13:34:42.000'),(397,2,2495,'participant',1,'2024-11-22 13:34:42.000'),(398,2,2496,'participant',1,'2024-11-22 13:34:42.000'),(399,2,2490,'participant',1,'2024-11-22 13:34:42.000'),(400,2,2489,'participant',1,'2024-11-22 13:34:42.000'),(401,2,2486,'participant',1,'2024-11-22 13:34:42.000'),(402,2,2483,'participant',1,'2024-11-22 13:34:42.000'),(403,2,2481,'participant',1,'2024-11-22 13:34:42.000'),(404,2,2473,'participant',1,'2024-11-22 13:34:42.000'),(405,2,2472,'participant',1,'2024-11-22 13:34:42.000'),(406,2,2469,'participant',1,'2024-11-22 13:34:42.000'),(407,2,2237,'participant',1,'2024-11-22 13:34:42.000'),(408,2,2236,'participant',1,'2024-11-22 13:34:42.000'),(409,2,2462,'participant',1,'2024-11-22 13:34:42.000'),(410,2,2454,'participant',1,'2024-11-22 13:34:42.000'),(411,2,2455,'participant',1,'2024-11-22 13:34:42.000'),(412,2,2457,'participant',1,'2024-11-22 13:34:42.000'),(413,2,2449,'participant',1,'2024-11-22 13:34:42.000'),(414,2,2450,'participant',1,'2024-11-22 13:34:42.000'),(415,2,2448,'participant',1,'2024-11-22 13:34:42.000'),(416,2,2447,'participant',1,'2024-11-22 13:34:42.000'),(417,2,2446,'participant',1,'2024-11-22 13:34:42.000'),(418,2,2442,'participant',1,'2024-11-22 13:34:42.000'),(419,2,2441,'participant',1,'2024-11-22 13:34:42.000'),(420,2,2432,'participant',1,'2024-11-22 13:34:42.000'),(421,2,2435,'participant',1,'2024-11-22 13:34:42.000'),(422,2,2433,'participant',1,'2024-11-22 13:34:42.000'),(423,2,2438,'participant',1,'2024-11-22 13:34:42.000'),(424,2,2425,'participant',1,'2024-11-22 13:34:42.000'),(425,2,2422,'participant',1,'2024-11-22 13:34:42.000'),(426,2,2423,'participant',1,'2024-11-22 13:34:42.000'),(427,2,2418,'participant',1,'2024-11-22 13:34:42.000'),(428,2,2417,'participant',1,'2024-11-22 13:34:42.000'),(429,2,2419,'participant',1,'2024-11-22 13:34:42.000'),(430,2,2411,'participant',1,'2024-11-22 13:34:42.000'),(431,2,2412,'participant',1,'2024-11-22 13:34:42.000'),(432,2,2408,'participant',1,'2024-11-22 13:34:42.000'),(433,2,2409,'participant',1,'2024-11-22 13:34:42.000'),(434,2,2402,'participant',1,'2024-11-22 13:34:42.000'),(435,2,1922,'participant',1,'2024-11-22 13:34:42.000'),(436,2,2397,'participant',1,'2024-11-22 13:34:42.000'),(437,2,2396,'participant',1,'2024-11-22 13:34:42.000'),(438,2,2389,'participant',1,'2024-11-22 13:34:42.000'),(439,2,2385,'participant',1,'2024-11-22 13:34:42.000'),(440,2,2384,'participant',1,'2024-11-22 13:34:42.000'),(441,2,2377,'participant',1,'2024-11-22 13:34:42.000'),(442,2,2185,'participant',1,'2024-11-22 13:34:42.000'),(443,2,2373,'participant',1,'2024-11-22 13:34:42.000'),(444,2,2372,'participant',1,'2024-11-22 13:34:42.000'),(445,2,2370,'participant',1,'2024-11-22 13:34:42.000'),(446,2,2369,'participant',1,'2024-11-22 13:34:42.000'),(447,2,2367,'participant',1,'2024-11-22 13:34:42.000'),(448,2,2360,'participant',1,'2024-11-22 13:34:42.000'),(449,2,2359,'participant',1,'2024-11-22 13:34:42.000'),(450,2,2358,'participant',1,'2024-11-22 13:34:42.000'),(451,2,2364,'participant',1,'2024-11-22 13:34:42.000'),(452,2,2363,'participant',1,'2024-11-22 13:34:42.000'),(453,2,2361,'participant',1,'2024-11-22 13:34:42.000'),(454,2,2362,'participant',1,'2024-11-22 13:34:42.000'),(455,2,2354,'participant',1,'2024-11-22 13:34:42.000'),(456,2,2351,'participant',1,'2024-11-22 13:34:42.000'),(457,2,2352,'participant',1,'2024-11-22 13:34:42.000'),(458,2,2348,'participant',1,'2024-11-22 13:34:42.000'),(459,2,2349,'participant',1,'2024-11-22 13:34:42.000'),(460,2,2347,'participant',1,'2024-11-22 13:34:42.000'),(461,2,2346,'participant',1,'2024-11-22 13:34:42.000'),(462,2,2345,'participant',1,'2024-11-22 13:34:42.000'),(463,2,2343,'participant',1,'2024-11-22 13:34:42.000'),(464,2,2344,'participant',1,'2024-11-22 13:34:42.000'),(465,2,2342,'participant',1,'2024-11-22 13:34:42.000'),(466,2,2341,'participant',1,'2024-11-22 13:34:42.000'),(467,2,2333,'participant',1,'2024-11-22 13:34:42.000'),(468,2,2331,'participant',1,'2024-11-22 13:34:42.000'),(469,2,2330,'participant',1,'2024-11-22 13:34:42.000'),(470,2,2328,'participant',1,'2024-11-22 13:34:42.000'),(471,2,2327,'participant',1,'2024-11-22 13:34:42.000'),(472,2,2325,'participant',1,'2024-11-22 13:34:42.000'),(473,2,2324,'participant',1,'2024-11-22 13:34:42.000'),(474,2,2323,'participant',1,'2024-11-22 13:34:42.000'),(475,2,2320,'participant',1,'2024-11-22 13:34:42.000'),(476,2,2319,'participant',1,'2024-11-22 13:34:42.000'),(477,2,2318,'participant',1,'2024-11-22 13:34:42.000'),(478,2,2317,'participant',1,'2024-11-22 13:34:42.000'),(479,2,2300,'participant',1,'2024-11-22 13:34:42.000'),(480,2,2314,'participant',1,'2024-11-22 13:34:42.000'),(481,2,2301,'participant',1,'2024-11-22 13:34:42.000'),(482,2,2315,'participant',1,'2024-11-22 13:34:42.000'),(483,2,2295,'participant',1,'2024-11-22 13:34:42.000'),(484,2,2312,'panelist',1,'2024-11-22 13:34:42.000'),(485,2,2289,'participant',1,'2024-11-22 13:34:42.000'),(486,2,2291,'participant',1,'2024-11-22 13:34:42.000'),(487,2,2292,'participant',1,'2024-11-22 13:34:42.000'),(488,2,2283,'participant',1,'2024-11-22 13:34:42.000'),(489,2,2279,'participant',1,'2024-11-22 13:34:42.000'),(490,2,2277,'participant',1,'2024-11-22 13:34:42.000'),(491,2,2276,'participant',1,'2024-11-22 13:34:42.000'),(492,2,2260,'participant',1,'2024-11-22 13:34:42.000'),(493,2,2259,'participant',1,'2024-11-22 13:34:42.000'),(494,2,2258,'participant',1,'2024-11-22 13:34:42.000'),(495,2,2256,'participant',1,'2024-11-22 13:34:42.000'),(496,2,2250,'participant',1,'2024-11-22 13:34:42.000'),(497,2,2251,'participant',1,'2024-11-22 13:34:42.000'),(498,2,2252,'participant',1,'2024-11-22 13:34:42.000'),(499,2,2254,'participant',1,'2024-11-22 13:34:42.000'),(500,2,2247,'participant',1,'2024-11-22 13:34:42.000'),(501,2,2243,'participant',1,'2024-11-22 13:34:42.000'),(502,2,2241,'participant',1,'2024-11-22 13:34:42.000'),(503,2,2233,'participant',1,'2024-11-22 13:34:42.000'),(504,2,2231,'participant',1,'2024-11-22 13:34:42.000'),(505,2,2225,'participant',1,'2024-11-22 13:34:42.000'),(506,2,2227,'participant',1,'2024-11-22 13:34:42.000'),(507,2,2224,'participant',1,'2024-11-22 13:34:42.000'),(508,2,2226,'participant',1,'2024-11-22 13:34:42.000'),(509,2,2228,'participant',1,'2024-11-22 13:34:42.000'),(510,2,2223,'participant',1,'2024-11-22 13:34:42.000'),(511,2,2217,'participant',1,'2024-11-22 13:34:42.000'),(512,2,2218,'participant',1,'2024-11-22 13:34:42.000'),(513,2,2214,'participant',1,'2024-11-22 13:34:42.000'),(514,2,2211,'participant',1,'2024-11-22 13:34:42.000'),(515,2,2206,'participant',1,'2024-11-22 13:34:42.000'),(516,2,2209,'participant',1,'2024-11-22 13:34:42.000'),(517,2,2205,'participant',1,'2024-11-22 13:34:42.000'),(518,2,2195,'participant',1,'2024-11-22 13:34:42.000'),(519,2,2193,'participant',1,'2024-11-22 13:34:42.000'),(520,2,2189,'participant',1,'2024-11-22 13:34:42.000'),(521,2,2188,'participant',1,'2024-11-22 13:34:42.000'),(522,2,2187,'participant',1,'2024-11-22 13:34:42.000'),(523,2,2179,'participant',1,'2024-11-22 13:34:42.000'),(524,2,2178,'participant',1,'2024-11-22 13:34:42.000'),(525,2,2177,'participant',1,'2024-11-22 13:34:42.000'),(526,2,2173,'participant',1,'2024-11-22 13:34:42.000'),(527,2,2171,'participant',1,'2024-11-22 13:34:42.000'),(528,2,2170,'participant',1,'2024-11-22 13:34:42.000'),(529,2,2166,'participant',1,'2024-11-22 13:34:42.000'),(530,2,2165,'participant',1,'2024-11-22 13:34:42.000'),(531,2,2163,'participant',1,'2024-11-22 13:34:42.000'),(532,2,2161,'participant',1,'2024-11-22 13:34:42.000'),(533,2,2160,'participant',1,'2024-11-22 13:34:42.000'),(534,2,2155,'participant',1,'2024-11-22 13:34:42.000'),(535,2,2156,'participant',1,'2024-11-22 13:34:42.000'),(536,2,2153,'participant',1,'2024-11-22 13:34:42.000'),(537,2,2150,'participant',1,'2024-11-22 13:34:42.000'),(538,2,2149,'participant',1,'2024-11-22 13:34:42.000'),(539,2,2148,'participant',1,'2024-11-22 13:34:42.000'),(540,2,2144,'participant',1,'2024-11-22 13:34:42.000'),(541,2,2141,'participant',1,'2024-11-22 13:34:42.000'),(542,2,2142,'participant',1,'2024-11-22 13:34:42.000'),(543,2,2139,'participant',1,'2024-11-22 13:34:42.000'),(544,2,2138,'participant',1,'2024-11-22 13:34:42.000'),(545,2,1694,'participant',1,'2024-11-22 13:34:42.000'),(546,2,2119,'participant',1,'2024-11-22 13:34:42.000'),(547,2,2133,'participant',1,'2024-11-22 13:34:42.000'),(548,2,2118,'participant',1,'2024-11-22 13:34:42.000'),(549,2,2116,'participant',1,'2024-11-22 13:34:42.000'),(550,2,2113,'participant',1,'2024-11-22 13:34:42.000'),(551,2,2112,'participant',1,'2024-11-22 13:34:42.000'),(552,2,2107,'participant',1,'2024-11-22 13:34:42.000'),(553,2,2106,'participant',1,'2024-11-22 13:34:42.000'),(554,2,2105,'participant',1,'2024-11-22 13:34:42.000'),(555,2,2103,'participant',1,'2024-11-22 13:34:42.000'),(556,2,2100,'participant',1,'2024-11-22 13:34:42.000'),(557,2,2099,'participant',1,'2024-11-22 13:34:42.000'),(558,2,2095,'participant',1,'2024-11-22 13:34:42.000'),(559,2,2096,'participant',1,'2024-11-22 13:34:42.000'),(560,2,2097,'participant',1,'2024-11-22 13:34:42.000'),(561,2,2091,'participant',1,'2024-11-22 13:34:42.000'),(562,2,2085,'participant',1,'2024-11-22 13:34:42.000'),(563,2,2082,'participant',1,'2024-11-22 13:34:42.000'),(564,2,2084,'participant',1,'2024-11-22 13:34:42.000'),(565,2,2080,'participant',1,'2024-11-22 13:34:42.000'),(566,2,2079,'participant',1,'2024-11-22 13:34:42.000'),(567,2,2072,'participant',1,'2024-11-22 13:34:42.000'),(568,2,2075,'participant',1,'2024-11-22 13:34:42.000'),(569,2,2068,'participant',1,'2024-11-22 13:34:42.000'),(570,2,2069,'participant',1,'2024-11-22 13:34:42.000'),(571,2,2070,'participant',1,'2024-11-22 13:34:42.000'),(572,2,2071,'participant',1,'2024-11-22 13:34:42.000'),(573,2,2066,'participant',1,'2024-11-22 13:34:42.000'),(574,2,2061,'participant',1,'2024-11-22 13:34:42.000'),(575,2,2060,'participant',1,'2024-11-22 13:34:42.000'),(576,2,2056,'participant',1,'2024-11-22 13:34:42.000'),(577,2,2053,'participant',1,'2024-11-22 13:34:42.000'),(578,2,2054,'participant',1,'2024-11-22 13:34:42.000'),(579,2,2049,'participant',1,'2024-11-22 13:34:42.000'),(580,2,2046,'participant',1,'2024-11-22 13:34:42.000'),(581,2,2045,'participant',1,'2024-11-22 13:34:42.000'),(582,2,2044,'participant',1,'2024-11-22 13:34:42.000'),(583,2,2042,'participant',1,'2024-11-22 13:34:42.000'),(584,2,2041,'participant',1,'2024-11-22 13:34:42.000'),(585,2,2040,'participant',1,'2024-11-22 13:34:42.000'),(586,2,2037,'participant',1,'2024-11-22 13:34:42.000'),(587,2,1907,'participant',1,'2024-11-22 13:34:42.000'),(588,2,1910,'participant',1,'2024-11-22 13:34:42.000'),(589,2,1904,'participant',1,'2024-11-22 13:34:42.000'),(590,2,1909,'participant',1,'2024-11-22 13:34:42.000'),(591,2,1906,'participant',1,'2024-11-22 13:34:42.000'),(592,2,1908,'participant',1,'2024-11-22 13:34:42.000'),(593,2,2035,'participant',1,'2024-11-22 13:34:42.000'),(594,2,2034,'participant',1,'2024-11-22 13:34:42.000'),(595,2,2033,'participant',1,'2024-11-22 13:34:42.000'),(596,2,1979,'participant',1,'2024-11-22 13:34:42.000'),(597,2,2018,'participant',1,'2024-11-22 13:34:42.000'),(598,2,2003,'participant',1,'2024-11-22 13:34:42.000'),(599,2,2019,'participant',1,'2024-11-22 13:34:42.000'),(600,2,2029,'participant',1,'2024-11-22 13:34:42.000'),(601,2,2032,'participant',1,'2024-11-22 13:34:42.000'),(602,2,2002,'participant',1,'2024-11-22 13:34:42.000'),(603,2,1993,'participant',1,'2024-11-22 13:34:42.000'),(604,2,1977,'participant',1,'2024-11-22 13:34:42.000'),(605,2,2012,'participant',1,'2024-11-22 13:34:42.000'),(606,2,1976,'participant',1,'2024-11-22 13:34:42.000'),(607,2,2031,'participant',1,'2024-11-22 13:34:42.000'),(608,2,2005,'participant',1,'2024-11-22 13:34:42.000'),(609,2,2009,'participant',1,'2024-11-22 13:34:42.000'),(610,2,2001,'participant',1,'2024-11-22 13:34:42.000'),(611,2,1970,'participant',1,'2024-11-22 13:34:42.000'),(612,2,2006,'participant',1,'2024-11-22 13:34:42.000'),(613,2,2013,'participant',1,'2024-11-22 13:34:42.000'),(614,2,2028,'participant',1,'2024-11-22 13:34:42.000'),(615,2,1973,'participant',1,'2024-11-22 13:34:42.000'),(616,2,1994,'participant',1,'2024-11-22 13:34:42.000'),(617,2,2000,'participant',1,'2024-11-22 13:34:42.000'),(618,2,1998,'participant',1,'2024-11-22 13:34:42.000'),(619,2,2010,'participant',1,'2024-11-22 13:34:42.000'),(620,2,2024,'participant',1,'2024-11-22 13:34:42.000'),(621,2,2004,'participant',1,'2024-11-22 13:34:42.000'),(622,2,2025,'participant',1,'2024-11-22 13:34:42.000'),(623,2,2011,'participant',1,'2024-11-22 13:34:42.000'),(624,2,1983,'participant',1,'2024-11-22 13:34:42.000'),(625,2,2017,'participant',1,'2024-11-22 13:34:42.000'),(626,2,1972,'participant',1,'2024-11-22 13:34:42.000'),(627,2,2021,'participant',1,'2024-11-22 13:34:42.000'),(628,2,1999,'participant',1,'2024-11-22 13:34:42.000'),(629,2,1981,'participant',1,'2024-11-22 13:34:42.000'),(630,2,1969,'participant',1,'2024-11-22 13:34:42.000'),(631,2,2008,'participant',1,'2024-11-22 13:34:42.000'),(632,2,1986,'participant',1,'2024-11-22 13:34:42.000'),(633,2,2030,'participant',1,'2024-11-22 13:34:42.000'),(634,2,2026,'participant',1,'2024-11-22 13:34:42.000'),(635,2,2014,'participant',1,'2024-11-22 13:34:42.000'),(636,2,1997,'participant',1,'2024-11-22 13:34:42.000'),(637,2,2016,'participant',1,'2024-11-22 13:34:42.000'),(638,2,1974,'participant',1,'2024-11-22 13:34:42.000'),(639,2,1985,'participant',1,'2024-11-22 13:34:42.000'),(640,2,1964,'participant',1,'2024-11-22 13:34:42.000'),(641,2,1963,'participant',1,'2024-11-22 13:34:42.000'),(642,2,1962,'participant',1,'2024-11-22 13:34:42.000'),(643,2,1961,'participant',1,'2024-11-22 13:34:42.000'),(644,2,1959,'participant',1,'2024-11-22 13:34:42.000'),(645,2,1957,'participant',1,'2024-11-22 13:34:42.000'),(646,2,1956,'participant',1,'2024-11-22 13:34:42.000'),(647,2,1949,'participant',1,'2024-11-22 13:34:42.000'),(648,2,1943,'participant',1,'2024-11-22 13:34:42.000'),(649,2,1939,'participant',1,'2024-11-22 13:34:42.000'),(650,2,1940,'participant',1,'2024-11-22 13:34:42.000'),(651,2,1933,'participant',1,'2024-11-22 13:34:42.000'),(652,2,1929,'participant',1,'2024-11-22 13:34:42.000'),(653,2,1931,'participant',1,'2024-11-22 13:34:42.000'),(654,2,1928,'participant',1,'2024-11-22 13:34:42.000'),(655,2,1930,'participant',1,'2024-11-22 13:34:42.000'),(656,2,1926,'participant',1,'2024-11-22 13:34:42.000'),(657,2,1927,'participant',1,'2024-11-22 13:34:42.000'),(658,2,1925,'participant',1,'2024-11-22 13:34:42.000'),(659,2,1923,'participant',1,'2024-11-22 13:34:42.000'),(660,2,1920,'participant',1,'2024-11-22 13:34:42.000'),(661,2,1917,'participant',1,'2024-11-22 13:34:42.000'),(662,2,1915,'participant',1,'2024-11-22 13:34:42.000'),(663,2,1911,'participant',1,'2024-11-22 13:34:42.000'),(664,2,1899,'participant',1,'2024-11-22 13:34:42.000'),(665,2,1903,'participant',1,'2024-11-22 13:34:42.000'),(666,2,1902,'participant',1,'2024-11-22 13:34:42.000'),(667,2,1901,'participant',1,'2024-11-22 13:34:42.000'),(668,2,1897,'participant',1,'2024-11-22 13:34:42.000'),(669,2,1896,'participant',1,'2024-11-22 13:34:42.000'),(670,2,1891,'participant',1,'2024-11-22 13:34:42.000'),(671,2,1874,'participant',1,'2024-11-22 13:34:42.000'),(672,2,1871,'participant',1,'2024-11-22 13:34:42.000'),(673,2,1870,'participant',1,'2024-11-22 13:34:42.000'),(674,2,1878,'participant',1,'2024-11-22 13:34:42.000'),(675,2,1864,'participant',1,'2024-11-22 13:34:42.000'),(676,2,1863,'participant',1,'2024-11-22 13:34:42.000'),(677,2,1858,'participant',1,'2024-11-22 13:34:42.000'),(678,2,1857,'participant',1,'2024-11-22 13:34:42.000'),(679,2,1856,'participant',1,'2024-11-22 13:34:42.000'),(680,2,1852,'participant',1,'2024-11-22 13:34:42.000'),(681,2,1851,'participant',1,'2024-11-22 13:34:42.000'),(682,2,1850,'participant',1,'2024-11-22 13:34:42.000'),(683,2,1847,'participant',1,'2024-11-22 13:34:42.000'),(684,2,1843,'participant',1,'2024-11-22 13:34:42.000'),(685,2,1842,'participant',1,'2024-11-22 13:34:42.000'),(686,2,1838,'participant',1,'2024-11-22 13:34:42.000'),(687,2,1837,'participant',1,'2024-11-22 13:34:42.000'),(688,2,1833,'participant',1,'2024-11-22 13:34:42.000'),(689,2,1832,'participant',1,'2024-11-22 13:34:42.000'),(690,2,1831,'participant',1,'2024-11-22 13:34:42.000'),(691,2,1830,'participant',1,'2024-11-22 13:34:42.000'),(692,2,1829,'participant',1,'2024-11-22 13:34:42.000'),(693,2,1828,'participant',1,'2024-11-22 13:34:42.000'),(694,2,1827,'participant',1,'2024-11-22 13:34:42.000'),(695,2,1815,'participant',1,'2024-11-22 13:34:42.000'),(696,2,1812,'participant',1,'2024-11-22 13:34:42.000'),(697,2,1811,'participant',1,'2024-11-22 13:34:42.000'),(698,2,1807,'participant',1,'2024-11-22 13:34:42.000'),(699,2,1818,'participant',1,'2024-11-22 13:34:42.000'),(700,2,1808,'participant',1,'2024-11-22 13:34:42.000'),(701,2,1806,'participant',1,'2024-11-22 13:34:42.000'),(702,2,1802,'participant',1,'2024-11-22 13:34:42.000'),(703,2,1798,'participant',1,'2024-11-22 13:34:42.000'),(704,2,1791,'participant',1,'2024-11-22 13:34:42.000'),(705,2,1792,'participant',1,'2024-11-22 13:34:42.000'),(706,2,1788,'participant',1,'2024-11-22 13:34:42.000'),(707,2,1787,'participant',1,'2024-11-22 13:34:42.000'),(708,2,1786,'participant',1,'2024-11-22 13:34:42.000'),(709,2,1785,'participant',1,'2024-11-22 13:34:42.000'),(710,2,1783,'participant',1,'2024-11-22 13:34:42.000'),(711,2,1782,'participant',1,'2024-11-22 13:34:42.000'),(712,2,1780,'participant',1,'2024-11-22 13:34:42.000'),(713,2,1778,'participant',1,'2024-11-22 13:34:42.000'),(714,2,1776,'participant',1,'2024-11-22 13:34:42.000'),(715,2,1775,'participant',1,'2024-11-22 13:34:42.000'),(716,2,1766,'participant',1,'2024-11-22 13:34:42.000'),(717,2,2022,'participant',1,'2024-11-22 13:34:42.000'),(718,2,1768,'participant',1,'2024-11-22 13:34:42.000'),(719,2,1762,'participant',1,'2024-11-22 13:34:42.000'),(720,2,1761,'participant',1,'2024-11-22 13:34:42.000'),(721,2,1760,'participant',1,'2024-11-22 13:34:42.000'),(722,2,1751,'participant',1,'2024-11-22 13:34:42.000'),(723,2,1752,'participant',1,'2024-11-22 13:34:42.000'),(724,2,1750,'participant',1,'2024-11-22 13:34:42.000'),(725,2,1749,'participant',1,'2024-11-22 13:34:42.000'),(726,2,1746,'participant',1,'2024-11-22 13:34:42.000'),(727,2,2655,'participant',1,'2024-11-22 13:34:42.000'),(728,2,1745,'participant',1,'2024-11-22 13:34:42.000'),(729,2,1743,'participant',1,'2024-11-22 13:34:42.000'),(730,2,1740,'participant',1,'2024-11-22 13:34:42.000'),(731,2,1735,'participant',1,'2024-11-22 13:34:42.000'),(732,2,1734,'participant',1,'2024-11-22 13:34:42.000'),(733,2,1703,'participant',1,'2024-11-22 13:34:42.000'),(734,2,1708,'participant',1,'2024-11-22 13:34:42.000'),(735,2,1711,'participant',1,'2024-11-22 13:34:42.000'),(736,2,1709,'participant',1,'2024-11-22 13:34:42.000'),(737,2,1700,'participant',1,'2024-11-22 13:34:42.000'),(738,2,1723,'participant',1,'2024-11-22 13:34:42.000'),(739,2,1707,'participant',1,'2024-11-22 13:34:42.000'),(740,2,1699,'participant',1,'2024-11-22 13:34:42.000'),(741,2,1695,'participant',1,'2024-11-22 13:34:42.000'),(742,2,1726,'participant',1,'2024-11-22 13:34:42.000'),(743,2,1729,'participant',1,'2024-11-22 13:34:42.000'),(744,2,1702,'participant',1,'2024-11-22 13:34:42.000'),(745,2,1698,'participant',1,'2024-11-22 13:34:42.000'),(746,2,1705,'participant',1,'2024-11-22 13:34:42.000'),(747,2,1728,'participant',1,'2024-11-22 13:34:42.000'),(748,2,1704,'participant',1,'2024-11-22 13:34:42.000'),(749,2,1716,'participant',1,'2024-11-22 13:34:42.000'),(750,2,1724,'participant',1,'2024-11-22 13:34:42.000'),(751,2,1725,'participant',1,'2024-11-22 13:34:42.000'),(752,2,1697,'participant',1,'2024-11-22 13:34:42.000'),(753,2,1719,'participant',1,'2024-11-22 13:34:42.000'),(754,2,1692,'participant',1,'2024-11-22 13:34:42.000'),(755,2,1693,'participant',1,'2024-11-22 13:34:42.000'),(756,2,1691,'participant',1,'2024-11-22 13:34:42.000'),(757,2,1690,'participant',1,'2024-11-22 13:34:42.000'),(758,2,1688,'participant',1,'2024-11-22 13:34:42.000'),(759,2,1687,'participant',1,'2024-11-22 13:34:42.000'),(760,2,1684,'participant',1,'2024-11-22 13:34:42.000'),(761,2,1682,'participant',1,'2024-11-22 13:34:42.000'),(762,2,1681,'participant',1,'2024-11-22 13:34:42.000'),(763,2,1679,'participant',1,'2024-11-22 13:34:42.000'),(764,2,1675,'participant',1,'2024-11-22 13:34:42.000'),(765,2,1672,'participant',1,'2024-11-22 13:34:42.000'),(766,2,1670,'participant',1,'2024-11-22 13:34:42.000'),(767,2,1667,'participant',1,'2024-11-22 13:34:42.000'),(768,2,1665,'participant',1,'2024-11-22 13:34:42.000'),(769,2,1664,'participant',1,'2024-11-22 13:34:42.000'),(770,2,1663,'participant',1,'2024-11-22 13:34:42.000'),(771,2,1662,'participant',1,'2024-11-22 13:34:42.000'),(772,2,1661,'participant',1,'2024-11-22 13:34:42.000'),(773,2,1660,'participant',1,'2024-11-22 13:34:42.000'),(774,2,1659,'participant',1,'2024-11-22 13:34:42.000'),(775,2,1657,'participant',1,'2024-11-22 13:34:42.000'),(776,2,1656,'participant',1,'2024-11-22 13:34:42.000'),(777,2,1654,'participant',1,'2024-11-22 13:34:42.000'),(778,2,1651,'participant',1,'2024-11-22 13:34:42.000'),(779,2,1649,'participant',1,'2024-11-22 13:34:42.000'),(780,2,1647,'participant',1,'2024-11-22 13:34:42.000'),(781,2,1642,'participant',1,'2024-11-22 13:34:42.000'),(782,2,1640,'participant',1,'2024-11-22 13:34:42.000'),(783,2,1636,'participant',1,'2024-11-22 13:34:42.000'),(784,2,1637,'participant',1,'2024-11-22 13:34:42.000'),(785,2,1635,'participant',1,'2024-11-22 13:34:42.000'),(786,2,1634,'participant',1,'2024-11-22 13:34:42.000'),(787,2,1633,'participant',1,'2024-11-22 13:34:42.000'),(788,2,1605,'participant',1,'2024-11-22 13:34:42.000'),(789,2,1475,'participant',1,'2024-11-22 13:34:42.000'),(790,2,1604,'participant',1,'2024-11-22 13:34:42.000'),(791,2,1721,'participant',1,'2024-11-22 13:34:42.000'),(792,2,1862,'participant',1,'2024-11-22 13:34:42.000'),(793,2,2027,'participant',1,'2024-11-22 13:34:42.000'),(794,2,2282,'participant',1,'2024-11-22 13:34:42.000'),(795,2,2020,'participant',1,'2024-11-22 13:34:42.000'),(796,2,2401,'participant',1,'2024-11-22 13:34:42.000'),(797,2,1595,'participant',1,'2024-11-22 13:34:42.000'),(798,2,1547,'participant',1,'2024-11-22 13:34:42.000'),(799,2,1556,'participant',1,'2024-11-22 13:34:42.000'),(800,2,2375,'participant',1,'2024-11-22 13:34:42.000'),(801,3,2741,'participant',1,'2024-11-22 13:34:42.000'),(802,3,2740,'participant',1,'2024-11-22 13:34:42.000'),(803,3,2739,'participant',1,'2024-11-22 13:34:42.000'),(804,3,2738,'participant',1,'2024-11-22 13:34:42.000'),(805,3,2736,'participant',1,'2024-11-22 13:34:42.000'),(806,3,2733,'participant',1,'2024-11-22 13:34:42.000'),(807,3,2732,'participant',1,'2024-11-22 13:34:42.000'),(808,3,2727,'participant',1,'2024-11-22 13:34:42.000'),(809,3,2726,'participant',1,'2024-11-22 13:34:42.000'),(810,3,2716,'participant',1,'2024-11-22 13:34:42.000'),(811,3,2720,'participant',1,'2024-11-22 13:34:42.000'),(812,3,2713,'participant',1,'2024-11-22 13:34:42.000'),(813,3,2721,'participant',1,'2024-11-22 13:34:42.000'),(814,3,2719,'participant',1,'2024-11-22 13:34:42.000'),(815,3,2710,'participant',1,'2024-11-22 13:34:42.000'),(816,3,2707,'participant',1,'2024-11-22 13:34:42.000'),(817,3,2694,'participant',1,'2024-11-22 13:34:42.000'),(818,3,2698,'participant',1,'2024-11-22 13:34:42.000'),(819,3,2692,'participant',1,'2024-11-22 13:34:42.000'),(820,3,2693,'participant',1,'2024-11-22 13:34:42.000'),(821,3,2691,'participant',1,'2024-11-22 13:34:42.000'),(822,3,2688,'participant',1,'2024-11-22 13:34:42.000'),(823,3,2686,'participant',1,'2024-11-22 13:34:42.000'),(824,3,2684,'participant',1,'2024-11-22 13:34:42.000'),(825,3,2679,'participant',1,'2024-11-22 13:34:42.000'),(826,3,2677,'participant',1,'2024-11-22 13:34:42.000'),(827,3,2672,'participant',1,'2024-11-22 13:34:42.000'),(828,3,2669,'participant',1,'2024-11-22 13:34:42.000'),(829,3,2667,'participant',1,'2024-11-22 13:34:42.000'),(830,3,2665,'participant',1,'2024-11-22 13:34:42.000'),(831,3,2659,'participant',1,'2024-11-22 13:34:42.000'),(832,3,2658,'participant',1,'2024-11-22 13:34:42.000'),(833,3,2657,'participant',1,'2024-11-22 13:34:42.000'),(834,3,2653,'participant',1,'2024-11-22 13:34:42.000'),(835,3,2651,'participant',1,'2024-11-22 13:34:42.000'),(836,3,2650,'participant',1,'2024-11-22 13:34:42.000'),(837,3,2649,'participant',1,'2024-11-22 13:34:42.000'),(838,3,2646,'participant',1,'2024-11-22 13:34:42.000'),(839,3,2647,'participant',1,'2024-11-22 13:34:42.000'),(840,3,2642,'participant',1,'2024-11-22 13:34:42.000'),(841,3,2643,'participant',1,'2024-11-22 13:34:42.000'),(842,3,2644,'participant',1,'2024-11-22 13:34:42.000'),(843,3,2640,'participant',1,'2024-11-22 13:34:42.000'),(844,3,2638,'participant',1,'2024-11-22 13:34:42.000'),(845,3,2639,'participant',1,'2024-11-22 13:34:42.000'),(846,3,2636,'participant',1,'2024-11-22 13:34:42.000'),(847,3,2635,'participant',1,'2024-11-22 13:34:42.000'),(848,3,2630,'participant',1,'2024-11-22 13:34:42.000'),(849,3,2629,'participant',1,'2024-11-22 13:34:42.000'),(850,3,2623,'participant',1,'2024-11-22 13:34:42.000'),(851,3,2625,'participant',1,'2024-11-22 13:34:42.000'),(852,3,2626,'participant',1,'2024-11-22 13:34:42.000'),(853,3,2624,'participant',1,'2024-11-22 13:34:42.000'),(854,3,2622,'participant',1,'2024-11-22 13:34:42.000'),(855,3,2614,'participant',1,'2024-11-22 13:34:42.000'),(856,3,2613,'participant',1,'2024-11-22 13:34:42.000'),(857,3,2618,'participant',1,'2024-11-22 13:34:42.000'),(858,3,2607,'participant',1,'2024-11-22 13:34:42.000'),(859,3,2605,'participant',1,'2024-11-22 13:34:42.000'),(860,3,2603,'participant',1,'2024-11-22 13:34:42.000'),(861,3,2593,'participant',1,'2024-11-22 13:34:42.000'),(862,3,2587,'participant',1,'2024-11-22 13:34:42.000'),(863,3,2585,'participant',1,'2024-11-22 13:34:42.000'),(864,3,2583,'participant',1,'2024-11-22 13:34:42.000'),(865,3,2580,'participant',1,'2024-11-22 13:34:42.000'),(866,3,2573,'participant',1,'2024-11-22 13:34:42.000'),(867,3,2571,'participant',1,'2024-11-22 13:34:42.000'),(868,3,2570,'participant',1,'2024-11-22 13:34:42.000'),(869,3,2568,'participant',1,'2024-11-22 13:34:42.000'),(870,3,2566,'participant',1,'2024-11-22 13:34:42.000'),(871,3,2563,'participant',1,'2024-11-22 13:34:42.000'),(872,3,2562,'participant',1,'2024-11-22 13:34:42.000'),(873,3,2549,'participant',1,'2024-11-22 13:34:42.000'),(874,3,2554,'participant',1,'2024-11-22 13:34:42.000'),(875,3,1881,'participant',1,'2024-11-22 13:34:42.000'),(876,3,1883,'participant',1,'2024-11-22 13:34:42.000'),(877,3,1887,'participant',1,'2024-11-22 13:34:42.000'),(878,3,1889,'participant',1,'2024-11-22 13:34:42.000'),(879,3,1885,'participant',1,'2024-11-22 13:34:42.000'),(880,3,1888,'participant',1,'2024-11-22 13:34:42.000'),(881,3,1882,'participant',1,'2024-11-22 13:34:42.000'),(882,3,2552,'participant',1,'2024-11-22 13:34:42.000'),(883,3,2547,'participant',1,'2024-11-22 13:34:42.000'),(884,3,2536,'participant',1,'2024-11-22 13:34:42.000'),(885,3,2539,'participant',1,'2024-11-22 13:34:42.000'),(886,3,2535,'participant',1,'2024-11-22 13:34:42.000'),(887,3,2541,'participant',1,'2024-11-22 13:34:42.000'),(888,3,2540,'participant',1,'2024-11-22 13:34:42.000'),(889,3,1893,'participant',1,'2024-11-22 13:34:42.000'),(890,3,1894,'participant',1,'2024-11-22 13:34:42.000'),(891,3,1895,'participant',1,'2024-11-22 13:34:42.000'),(892,3,2530,'participant',1,'2024-11-22 13:34:42.000'),(893,3,2185,'participant',1,'2024-11-22 13:34:42.000'),(894,3,2526,'participant',1,'2024-11-22 13:34:42.000'),(895,3,2521,'participant',1,'2024-11-22 13:34:42.000'),(896,3,2500,'participant',1,'2024-11-22 13:34:42.000'),(897,3,2498,'participant',1,'2024-11-22 13:34:42.000'),(898,3,2518,'participant',1,'2024-11-22 13:34:42.000'),(899,3,2519,'participant',1,'2024-11-22 13:34:42.000'),(900,3,2516,'participant',1,'2024-11-22 13:34:42.000'),(901,3,2511,'participant',1,'2024-11-22 13:34:42.000'),(902,3,2510,'participant',1,'2024-11-22 13:34:42.000'),(903,3,2506,'participant',1,'2024-11-22 13:34:42.000'),(904,3,2507,'participant',1,'2024-11-22 13:34:42.000'),(905,3,2503,'participant',1,'2024-11-22 13:34:42.000'),(906,3,2493,'participant',1,'2024-11-22 13:34:42.000'),(907,3,2497,'participant',1,'2024-11-22 13:34:42.000'),(908,3,2488,'participant',1,'2024-11-22 13:34:42.000'),(909,3,2484,'participant',1,'2024-11-22 13:34:42.000'),(910,3,2483,'participant',1,'2024-11-22 13:34:42.000'),(911,3,2481,'participant',1,'2024-11-22 13:34:42.000'),(912,3,2480,'participant',1,'2024-11-22 13:34:42.000'),(913,3,2478,'participant',1,'2024-11-22 13:34:42.000'),(914,3,2473,'participant',1,'2024-11-22 13:34:42.000'),(915,3,2475,'participant',1,'2024-11-22 13:34:42.000'),(916,3,2477,'participant',1,'2024-11-22 13:34:42.000'),(917,3,2471,'participant',1,'2024-11-22 13:34:42.000'),(918,3,2470,'participant',1,'2024-11-22 13:34:42.000'),(919,3,2468,'participant',1,'2024-11-22 13:34:42.000'),(920,3,2467,'participant',1,'2024-11-22 13:34:42.000'),(921,3,2466,'participant',1,'2024-11-22 13:34:42.000'),(922,3,2238,'participant',1,'2024-11-22 13:34:42.000'),(923,3,2460,'participant',1,'2024-11-22 13:34:42.000'),(924,3,2451,'participant',1,'2024-11-22 13:34:42.000'),(925,3,2456,'participant',1,'2024-11-22 13:34:42.000'),(926,3,2457,'participant',1,'2024-11-22 13:34:42.000'),(927,3,2450,'participant',1,'2024-11-22 13:34:42.000'),(928,3,2448,'participant',1,'2024-11-22 13:34:42.000'),(929,3,2449,'participant',1,'2024-11-22 13:34:42.000'),(930,3,2445,'participant',1,'2024-11-22 13:34:42.000'),(931,3,2443,'participant',1,'2024-11-22 13:34:42.000'),(932,3,2440,'participant',1,'2024-11-22 13:34:42.000'),(933,3,2439,'participant',1,'2024-11-22 13:34:42.000'),(934,3,2431,'participant',1,'2024-11-22 13:34:42.000'),(935,3,2436,'participant',1,'2024-11-22 13:34:42.000'),(936,3,2437,'participant',1,'2024-11-22 13:34:42.000'),(937,3,2438,'participant',1,'2024-11-22 13:34:42.000'),(938,3,2430,'participant',1,'2024-11-22 13:34:42.000'),(939,3,2428,'participant',1,'2024-11-22 13:34:42.000'),(940,3,2427,'participant',1,'2024-11-22 13:34:42.000'),(941,3,2425,'participant',1,'2024-11-22 13:34:42.000'),(942,3,2424,'participant',1,'2024-11-22 13:34:42.000'),(943,3,2421,'participant',1,'2024-11-22 13:34:42.000'),(944,3,2416,'participant',1,'2024-11-22 13:34:42.000'),(945,3,2413,'participant',1,'2024-11-22 13:34:42.000'),(946,3,2408,'participant',1,'2024-11-22 13:34:42.000'),(947,3,2409,'participant',1,'2024-11-22 13:34:42.000'),(948,3,2405,'participant',1,'2024-11-22 13:34:42.000'),(949,3,2410,'participant',1,'2024-11-22 13:34:42.000'),(950,3,2407,'participant',1,'2024-11-22 13:34:42.000'),(951,3,2400,'participant',1,'2024-11-22 13:34:42.000'),(952,3,2393,'participant',1,'2024-11-22 13:34:42.000'),(953,3,2392,'participant',1,'2024-11-22 13:34:42.000'),(954,3,2390,'participant',1,'2024-11-22 13:34:42.000'),(955,3,2391,'participant',1,'2024-11-22 13:34:42.000'),(956,3,2380,'participant',1,'2024-11-22 13:34:42.000'),(957,3,2378,'participant',1,'2024-11-22 13:34:42.000'),(958,3,2375,'participant',1,'2024-11-22 13:34:42.000'),(959,3,2374,'participant',1,'2024-11-22 13:34:42.000'),(960,3,2367,'participant',1,'2024-11-22 13:34:42.000'),(961,3,2366,'participant',1,'2024-11-22 13:34:42.000'),(962,3,2359,'participant',1,'2024-11-22 13:34:42.000'),(963,3,2357,'participant',1,'2024-11-22 13:34:42.000'),(964,3,2356,'participant',1,'2024-11-22 13:34:42.000'),(965,3,2353,'participant',1,'2024-11-22 13:34:42.000'),(966,3,2352,'participant',1,'2024-11-22 13:34:42.000'),(967,3,2348,'participant',1,'2024-11-22 13:34:42.000'),(968,3,2349,'participant',1,'2024-11-22 13:34:42.000'),(969,3,2346,'participant',1,'2024-11-22 13:34:42.000'),(970,3,2344,'participant',1,'2024-11-22 13:34:42.000'),(971,3,2341,'participant',1,'2024-11-22 13:34:42.000'),(972,3,2340,'participant',1,'2024-11-22 13:34:42.000'),(973,3,2339,'participant',1,'2024-11-22 13:34:42.000'),(974,3,2338,'participant',1,'2024-11-22 13:34:42.000'),(975,3,2336,'participant',1,'2024-11-22 13:34:42.000'),(976,3,2335,'participant',1,'2024-11-22 13:34:42.000'),(977,3,2334,'participant',1,'2024-11-22 13:34:42.000'),(978,3,2332,'participant',1,'2024-11-22 13:34:42.000'),(979,3,2329,'participant',1,'2024-11-22 13:34:42.000'),(980,3,2326,'participant',1,'2024-11-22 13:34:42.000'),(981,3,2325,'participant',1,'2024-11-22 13:34:42.000'),(982,3,2324,'participant',1,'2024-11-22 13:34:42.000'),(983,3,2322,'participant',1,'2024-11-22 13:34:42.000'),(984,3,2321,'participant',1,'2024-11-22 13:34:42.000'),(985,3,2317,'participant',1,'2024-11-22 13:34:42.000'),(986,3,2299,'participant',1,'2024-11-22 13:34:42.000'),(987,3,2300,'participant',1,'2024-11-22 13:34:42.000'),(988,3,2312,'participant',1,'2024-11-22 13:34:42.000'),(989,3,2297,'participant',1,'2024-11-22 13:34:42.000'),(990,3,2302,'participant',1,'2024-11-22 13:34:42.000'),(991,3,2301,'participant',1,'2024-11-22 13:34:42.000'),(992,3,2311,'participant',1,'2024-11-22 13:34:42.000'),(993,3,2293,'participant',1,'2024-11-22 13:34:42.000'),(994,3,2310,'participant',1,'2024-11-22 13:34:42.000'),(995,3,2290,'participant',1,'2024-11-22 13:34:42.000'),(996,3,2296,'participant',1,'2024-11-22 13:34:42.000'),(997,3,2294,'participant',1,'2024-11-22 13:34:42.000'),(998,3,2287,'participant',1,'2024-11-22 13:34:42.000'),(999,3,2286,'participant',1,'2024-11-22 13:34:42.000'),(1000,3,2283,'participant',1,'2024-11-22 13:34:42.000'),(1001,3,2284,'participant',1,'2024-11-22 13:34:42.000'),(1002,3,2281,'participant',1,'2024-11-22 13:34:42.000'),(1003,3,2280,'participant',1,'2024-11-22 13:34:42.000'),(1004,3,2278,'participant',1,'2024-11-22 13:34:42.000'),(1005,3,2275,'participant',1,'2024-11-22 13:34:42.000'),(1006,3,2268,'participant',1,'2024-11-22 13:34:42.000'),(1007,3,2263,'participant',1,'2024-11-22 13:34:42.000'),(1008,3,2264,'participant',1,'2024-11-22 13:34:42.000'),(1009,3,2265,'participant',1,'2024-11-22 13:34:42.000'),(1010,3,2262,'participant',1,'2024-11-22 13:34:42.000'),(1011,3,2261,'participant',1,'2024-11-22 13:34:42.000'),(1012,3,2257,'participant',1,'2024-11-22 13:34:42.000'),(1013,3,2253,'participant',1,'2024-11-22 13:34:42.000'),(1014,3,2250,'participant',1,'2024-11-22 13:34:42.000'),(1015,3,2254,'participant',1,'2024-11-22 13:34:42.000'),(1016,3,2246,'participant',1,'2024-11-22 13:34:42.000'),(1017,3,2245,'participant',1,'2024-11-22 13:34:42.000'),(1018,3,2242,'participant',1,'2024-11-22 13:34:42.000'),(1019,3,2240,'participant',1,'2024-11-22 13:34:42.000'),(1020,3,2239,'participant',1,'2024-11-22 13:34:42.000'),(1021,3,2232,'participant',1,'2024-11-22 13:34:42.000'),(1022,3,2217,'participant',1,'2024-11-22 13:34:42.000'),(1023,3,2211,'participant',1,'2024-11-22 13:34:42.000'),(1024,3,2210,'participant',1,'2024-11-22 13:34:42.000'),(1025,3,2203,'participant',1,'2024-11-22 13:34:42.000'),(1026,3,2201,'participant',1,'2024-11-22 13:34:42.000'),(1027,3,2195,'participant',1,'2024-11-22 13:34:42.000'),(1028,3,2194,'participant',1,'2024-11-22 13:34:42.000'),(1029,3,2192,'participant',1,'2024-11-22 13:34:42.000'),(1030,3,2183,'participant',1,'2024-11-22 13:34:42.000'),(1031,3,2181,'participant',1,'2024-11-22 13:34:42.000'),(1032,3,1765,'participant',1,'2024-11-22 13:34:42.000'),(1033,3,2179,'participant',1,'2024-11-22 13:34:42.000'),(1034,3,2176,'participant',1,'2024-11-22 13:34:42.000'),(1035,3,2175,'participant',1,'2024-11-22 13:34:42.000'),(1036,3,2171,'participant',1,'2024-11-22 13:34:42.000'),(1037,3,2169,'participant',1,'2024-11-22 13:34:42.000'),(1038,3,2168,'participant',1,'2024-11-22 13:34:42.000'),(1039,3,2164,'participant',1,'2024-11-22 13:34:42.000'),(1040,3,2161,'participant',1,'2024-11-22 13:34:42.000'),(1041,3,2158,'participant',1,'2024-11-22 13:34:42.000'),(1042,3,2153,'participant',1,'2024-11-22 13:34:42.000'),(1043,3,2151,'participant',1,'2024-11-22 13:34:42.000'),(1044,3,2149,'participant',1,'2024-11-22 13:34:42.000'),(1045,3,2147,'participant',1,'2024-11-22 13:34:42.000'),(1046,3,2145,'participant',1,'2024-11-22 13:34:42.000'),(1047,3,2144,'participant',1,'2024-11-22 13:34:42.000'),(1048,3,2136,'participant',1,'2024-11-22 13:34:42.000'),(1049,3,2135,'participant',1,'2024-11-22 13:34:42.000'),(1050,3,2134,'participant',1,'2024-11-22 13:34:42.000'),(1051,3,2119,'participant',1,'2024-11-22 13:34:42.000'),(1052,3,2132,'participant',1,'2024-11-22 13:34:42.000'),(1053,3,2130,'participant',1,'2024-11-22 13:34:42.000'),(1054,3,2129,'participant',1,'2024-11-22 13:34:42.000'),(1055,3,2126,'participant',1,'2024-11-22 13:34:42.000'),(1056,3,2122,'participant',1,'2024-11-22 13:34:42.000'),(1057,3,1694,'participant',1,'2024-11-22 13:34:42.000'),(1058,3,2117,'participant',1,'2024-11-22 13:34:42.000'),(1059,3,1872,'participant',1,'2024-11-22 13:34:42.000'),(1060,3,1873,'participant',1,'2024-11-22 13:34:42.000'),(1061,3,2115,'participant',1,'2024-11-22 13:34:42.000'),(1062,3,2114,'participant',1,'2024-11-22 13:34:42.000'),(1063,3,2110,'participant',1,'2024-11-22 13:34:42.000'),(1064,3,2111,'participant',1,'2024-11-22 13:34:42.000'),(1065,3,2106,'participant',1,'2024-11-22 13:34:42.000'),(1066,3,2103,'participant',1,'2024-11-22 13:34:42.000'),(1067,3,2102,'participant',1,'2024-11-22 13:34:42.000'),(1068,3,2101,'participant',1,'2024-11-22 13:34:42.000'),(1069,3,2094,'participant',1,'2024-11-22 13:34:42.000'),(1070,3,2360,'participant',1,'2024-11-22 13:34:42.000'),(1071,3,2097,'participant',1,'2024-11-22 13:34:42.000'),(1072,3,2093,'participant',1,'2024-11-22 13:34:42.000'),(1073,3,2087,'participant',1,'2024-11-22 13:34:42.000'),(1074,3,2088,'participant',1,'2024-11-22 13:34:42.000'),(1075,3,2086,'participant',1,'2024-11-22 13:34:42.000'),(1076,3,2083,'participant',1,'2024-11-22 13:34:42.000'),(1077,3,2084,'participant',1,'2024-11-22 13:34:42.000'),(1078,3,2079,'participant',1,'2024-11-22 13:34:42.000'),(1079,3,2078,'participant',1,'2024-11-22 13:34:42.000'),(1080,3,2076,'participant',1,'2024-11-22 13:34:42.000'),(1081,3,2072,'participant',1,'2024-11-22 13:34:42.000'),(1082,3,2074,'participant',1,'2024-11-22 13:34:42.000'),(1083,3,2071,'participant',1,'2024-11-22 13:34:42.000'),(1084,3,2073,'participant',1,'2024-11-22 13:34:42.000'),(1085,3,2067,'participant',1,'2024-11-22 13:34:42.000'),(1086,3,2066,'participant',1,'2024-11-22 13:34:42.000'),(1087,3,2065,'participant',1,'2024-11-22 13:34:42.000'),(1088,3,2063,'participant',1,'2024-11-22 13:34:42.000'),(1089,3,2062,'participant',1,'2024-11-22 13:34:42.000'),(1090,3,2061,'participant',1,'2024-11-22 13:34:42.000'),(1091,3,2056,'participant',1,'2024-11-22 13:34:42.000'),(1092,3,2048,'participant',1,'2024-11-22 13:34:42.000'),(1093,3,2046,'participant',1,'2024-11-22 13:34:42.000'),(1094,3,2043,'participant',1,'2024-11-22 13:34:42.000'),(1095,3,2039,'participant',1,'2024-11-22 13:34:42.000'),(1096,3,2038,'participant',1,'2024-11-22 13:34:42.000'),(1097,3,2042,'participant',1,'2024-11-22 13:34:42.000'),(1098,3,1910,'participant',1,'2024-11-22 13:34:42.000'),(1099,3,1905,'participant',1,'2024-11-22 13:34:42.000'),(1100,3,1909,'participant',1,'2024-11-22 13:34:42.000'),(1101,3,2036,'participant',1,'2024-11-22 13:34:42.000'),(1102,3,2034,'participant',1,'2024-11-22 13:34:42.000'),(1103,3,2012,'participant',1,'2024-11-22 13:34:42.000'),(1104,3,2016,'participant',1,'2024-11-22 13:34:42.000'),(1105,3,2006,'participant',1,'2024-11-22 13:34:42.000'),(1106,3,2032,'participant',1,'2024-11-22 13:34:42.000'),(1107,3,2007,'participant',1,'2024-11-22 13:34:42.000'),(1108,3,1971,'participant',1,'2024-11-22 13:34:42.000'),(1109,3,1982,'participant',1,'2024-11-22 13:34:42.000'),(1110,3,2003,'participant',1,'2024-11-22 13:34:42.000'),(1111,3,1998,'participant',1,'2024-11-22 13:34:42.000'),(1112,3,1988,'participant',1,'2024-11-22 13:34:42.000'),(1113,3,1967,'participant',1,'2024-11-22 13:34:42.000'),(1114,3,1996,'participant',1,'2024-11-22 13:34:42.000'),(1115,3,2010,'participant',1,'2024-11-22 13:34:42.000'),(1116,3,2001,'participant',1,'2024-11-22 13:34:42.000'),(1117,3,1997,'participant',1,'2024-11-22 13:34:42.000'),(1118,3,2004,'participant',1,'2024-11-22 13:34:42.000'),(1119,3,2019,'participant',1,'2024-11-22 13:34:42.000'),(1120,3,2020,'participant',1,'2024-11-22 13:34:42.000'),(1121,3,2018,'participant',1,'2024-11-22 13:34:42.000'),(1122,3,1989,'participant',1,'2024-11-22 13:34:42.000'),(1123,3,2021,'participant',1,'2024-11-22 13:34:42.000'),(1124,3,2000,'participant',1,'2024-11-22 13:34:42.000'),(1125,3,2014,'participant',1,'2024-11-22 13:34:42.000'),(1126,3,2026,'participant',1,'2024-11-22 13:34:42.000'),(1127,3,1987,'participant',1,'2024-11-22 13:34:42.000'),(1128,3,2027,'participant',1,'2024-11-22 13:34:42.000'),(1129,3,1968,'participant',1,'2024-11-22 13:34:42.000'),(1130,3,2655,'participant',1,'2024-11-22 13:34:42.000'),(1131,3,1958,'participant',1,'2024-11-22 13:34:42.000'),(1132,3,1956,'participant',1,'2024-11-22 13:34:42.000'),(1133,3,1955,'participant',1,'2024-11-22 13:34:42.000'),(1134,3,1953,'participant',1,'2024-11-22 13:34:42.000'),(1135,3,1952,'participant',1,'2024-11-22 13:34:42.000'),(1136,3,1951,'participant',1,'2024-11-22 13:34:42.000'),(1137,3,1950,'participant',1,'2024-11-22 13:34:42.000'),(1138,3,1945,'participant',1,'2024-11-22 13:34:42.000'),(1139,3,1946,'participant',1,'2024-11-22 13:34:42.000'),(1140,3,1948,'participant',1,'2024-11-22 13:34:42.000'),(1141,3,1947,'participant',1,'2024-11-22 13:34:42.000'),(1142,3,1943,'participant',1,'2024-11-22 13:34:42.000'),(1143,3,1942,'participant',1,'2024-11-22 13:34:42.000'),(1144,3,1934,'participant',1,'2024-11-22 13:34:42.000'),(1145,3,1932,'participant',1,'2024-11-22 13:34:42.000'),(1146,3,1922,'participant',1,'2024-11-22 13:34:42.000'),(1147,3,1921,'participant',1,'2024-11-22 13:34:42.000'),(1148,3,1919,'participant',1,'2024-11-22 13:34:42.000'),(1149,3,1913,'participant',1,'2024-11-22 13:34:42.000'),(1150,3,1898,'participant',1,'2024-11-22 13:34:42.000'),(1151,3,1897,'participant',1,'2024-11-22 13:34:42.000'),(1152,3,1892,'participant',1,'2024-11-22 13:34:42.000'),(1153,3,1875,'participant',1,'2024-11-22 13:34:42.000'),(1154,3,1874,'participant',1,'2024-11-22 13:34:42.000'),(1155,3,1879,'participant',1,'2024-11-22 13:34:42.000'),(1156,3,1878,'participant',1,'2024-11-22 13:34:42.000'),(1157,3,1865,'participant',1,'2024-11-22 13:34:42.000'),(1158,3,1859,'participant',1,'2024-11-22 13:34:42.000'),(1159,3,1854,'participant',1,'2024-11-22 13:34:42.000'),(1160,3,1853,'participant',1,'2024-11-22 13:34:42.000'),(1161,3,1852,'participant',1,'2024-11-22 13:34:42.000'),(1162,3,1846,'participant',1,'2024-11-22 13:34:42.000'),(1163,3,1845,'participant',1,'2024-11-22 13:34:42.000'),(1164,3,1844,'participant',1,'2024-11-22 13:34:42.000'),(1165,3,1835,'participant',1,'2024-11-22 13:34:42.000'),(1166,3,1836,'participant',1,'2024-11-22 13:34:42.000'),(1167,3,1834,'participant',1,'2024-11-22 13:34:42.000'),(1168,3,1830,'participant',1,'2024-11-22 13:34:42.000'),(1169,3,1826,'participant',1,'2024-11-22 13:34:42.000'),(1170,3,1824,'participant',1,'2024-11-22 13:34:42.000'),(1171,3,1822,'participant',1,'2024-11-22 13:34:42.000'),(1172,3,1821,'participant',1,'2024-11-22 13:34:42.000'),(1173,3,1814,'participant',1,'2024-11-22 13:34:42.000'),(1174,3,1816,'participant',1,'2024-11-22 13:34:42.000'),(1175,3,1808,'participant',1,'2024-11-22 13:34:42.000'),(1176,3,1813,'participant',1,'2024-11-22 13:34:42.000'),(1177,3,1818,'participant',1,'2024-11-22 13:34:42.000'),(1178,3,1819,'participant',1,'2024-11-22 13:34:42.000'),(1179,3,1807,'participant',1,'2024-11-22 13:34:42.000'),(1180,3,1810,'participant',1,'2024-11-22 13:34:42.000'),(1181,3,1802,'participant',1,'2024-11-22 13:34:42.000'),(1182,3,1801,'participant',1,'2024-11-22 13:34:42.000'),(1183,3,1794,'participant',1,'2024-11-22 13:34:42.000'),(1184,3,1793,'participant',1,'2024-11-22 13:34:42.000'),(1185,3,1796,'participant',1,'2024-11-22 13:34:42.000'),(1186,3,1798,'participant',1,'2024-11-22 13:34:42.000'),(1187,3,1797,'participant',1,'2024-11-22 13:34:42.000'),(1188,3,1790,'participant',1,'2024-11-22 13:34:42.000'),(1189,3,1784,'participant',1,'2024-11-22 13:34:42.000'),(1190,3,1781,'participant',1,'2024-11-22 13:34:42.000'),(1191,3,1778,'participant',1,'2024-11-22 13:34:42.000'),(1192,3,1773,'participant',1,'2024-11-22 13:34:42.000'),(1193,3,1771,'participant',1,'2024-11-22 13:34:42.000'),(1194,3,1768,'participant',1,'2024-11-22 13:34:42.000'),(1195,3,1766,'participant',1,'2024-11-22 13:34:42.000'),(1196,3,1763,'participant',1,'2024-11-22 13:34:42.000'),(1197,3,1762,'participant',1,'2024-11-22 13:34:42.000'),(1198,3,1761,'participant',1,'2024-11-22 13:34:42.000'),(1199,3,1760,'participant',1,'2024-11-22 13:34:42.000'),(1200,3,1759,'participant',1,'2024-11-22 13:34:42.000'),(1201,3,1758,'participant',1,'2024-11-22 13:34:42.000'),(1202,3,1757,'participant',1,'2024-11-22 13:34:42.000'),(1203,3,1755,'participant',1,'2024-11-22 13:34:42.000'),(1204,3,1754,'participant',1,'2024-11-22 13:34:42.000'),(1205,3,1753,'participant',1,'2024-11-22 13:34:42.000'),(1206,3,1748,'participant',1,'2024-11-22 13:34:42.000'),(1207,3,1744,'participant',1,'2024-11-22 13:34:42.000'),(1208,3,1741,'participant',1,'2024-11-22 13:34:42.000'),(1209,3,1737,'participant',1,'2024-11-22 13:34:42.000'),(1210,3,2320,'participant',1,'2024-11-22 13:34:42.000'),(1211,3,1734,'participant',1,'2024-11-22 13:34:42.000'),(1212,3,1732,'participant',1,'2024-11-22 13:34:42.000'),(1213,3,1702,'participant',1,'2024-11-22 13:34:42.000'),(1214,3,1707,'participant',1,'2024-11-22 13:34:42.000'),(1215,3,1706,'participant',1,'2024-11-22 13:34:42.000'),(1216,3,1721,'participant',1,'2024-11-22 13:34:42.000'),(1217,3,1708,'participant',1,'2024-11-22 13:34:42.000'),(1218,3,1713,'participant',1,'2024-11-22 13:34:42.000'),(1219,3,1701,'participant',1,'2024-11-22 13:34:42.000'),(1220,3,1705,'participant',1,'2024-11-22 13:34:42.000'),(1221,3,1718,'participant',1,'2024-11-22 13:34:42.000'),(1222,3,1728,'participant',1,'2024-11-22 13:34:42.000'),(1223,3,1722,'participant',1,'2024-11-22 13:34:42.000'),(1224,3,1724,'participant',1,'2024-11-22 13:34:42.000'),(1225,3,1723,'participant',1,'2024-11-22 13:34:42.000'),(1226,3,1696,'participant',1,'2024-11-22 13:34:42.000'),(1227,3,1704,'participant',1,'2024-11-22 13:34:42.000'),(1228,3,1725,'participant',1,'2024-11-22 13:34:42.000'),(1229,3,1717,'participant',1,'2024-11-22 13:34:42.000'),(1230,3,1727,'participant',1,'2024-11-22 13:34:42.000'),(1231,3,2172,'participant',1,'2024-11-22 13:34:42.000'),(1232,3,1690,'participant',1,'2024-11-22 13:34:42.000'),(1233,3,1689,'participant',1,'2024-11-22 13:34:42.000'),(1234,3,1686,'participant',1,'2024-11-22 13:34:42.000'),(1235,3,1685,'participant',1,'2024-11-22 13:34:42.000'),(1236,3,1684,'participant',1,'2024-11-22 13:34:42.000'),(1237,3,1682,'participant',1,'2024-11-22 13:34:42.000'),(1238,3,1678,'participant',1,'2024-11-22 13:34:42.000'),(1239,3,1674,'participant',1,'2024-11-22 13:34:42.000'),(1240,3,1673,'participant',1,'2024-11-22 13:34:42.000'),(1241,3,1672,'participant',1,'2024-11-22 13:34:42.000'),(1242,3,1671,'participant',1,'2024-11-22 13:34:42.000'),(1243,3,1668,'participant',1,'2024-11-22 13:34:42.000'),(1244,3,1669,'participant',1,'2024-11-22 13:34:42.000'),(1245,3,1667,'participant',1,'2024-11-22 13:34:42.000'),(1246,3,1666,'participant',1,'2024-11-22 13:34:42.000'),(1247,3,1659,'participant',1,'2024-11-22 13:34:42.000'),(1248,3,1655,'participant',1,'2024-11-22 13:34:42.000'),(1249,3,1650,'participant',1,'2024-11-22 13:34:42.000'),(1250,3,1649,'participant',1,'2024-11-22 13:34:42.000'),(1251,3,1647,'participant',1,'2024-11-22 13:34:42.000'),(1252,3,1642,'participant',1,'2024-11-22 13:34:42.000'),(1253,3,1641,'participant',1,'2024-11-22 13:34:42.000'),(1254,3,1639,'participant',1,'2024-11-22 13:34:42.000'),(1255,3,1632,'participant',1,'2024-11-22 13:34:42.000'),(1256,3,1630,'participant',1,'2024-11-22 13:34:42.000'),(1257,3,1604,'participant',1,'2024-11-22 13:34:42.000'),(1258,3,1605,'participant',1,'2024-11-22 13:34:42.000'),(1259,3,1476,'participant',1,'2024-11-22 13:34:42.000'),(1260,3,1472,'participant',1,'2024-11-22 13:34:42.000'),(1261,3,2401,'participant',1,'2024-11-22 13:34:42.000'),(1262,3,1600,'participant',1,'2024-11-22 13:34:42.000'),(1263,3,2049,'participant',1,'2024-11-22 13:34:42.000'),(1264,3,2037,'participant',1,'2024-11-22 13:34:42.000'),(1265,3,1524,'participant',1,'2024-11-22 13:34:42.000'),(1266,4,2726,'participant',1,'2024-11-22 13:34:42.000'),(1267,4,2725,'participant',1,'2024-11-22 13:34:42.000'),(1268,4,2724,'participant',1,'2024-11-22 13:34:42.000'),(1269,4,2723,'participant',1,'2024-11-22 13:34:42.000'),(1270,4,2722,'participant',1,'2024-11-22 13:34:42.000'),(1271,4,2720,'participant',1,'2024-11-22 13:34:42.000'),(1272,4,2704,'participant',1,'2024-11-22 13:34:42.000'),(1273,4,2694,'participant',1,'2024-11-22 13:34:42.000'),(1274,4,2692,'participant',1,'2024-11-22 13:34:42.000'),(1275,4,2401,'participant',1,'2024-11-22 13:34:42.000'),(1276,4,2644,'participant',1,'2024-11-22 13:34:42.000'),(1277,4,2622,'participant',1,'2024-11-22 13:34:42.000'),(1278,4,2617,'participant',1,'2024-11-22 13:34:42.000'),(1279,4,1888,'participant',1,'2024-11-22 13:34:42.000'),(1280,4,1889,'participant',1,'2024-11-22 13:34:42.000'),(1281,4,1886,'participant',1,'2024-11-22 13:34:42.000'),(1282,4,1890,'participant',1,'2024-11-22 13:34:42.000'),(1283,4,2547,'participant',1,'2024-11-22 13:34:42.000'),(1284,4,2540,'participant',1,'2024-11-22 13:34:42.000'),(1285,4,2531,'participant',1,'2024-11-22 13:34:42.000'),(1286,4,2500,'participant',1,'2024-11-22 13:34:42.000'),(1287,4,2501,'participant',1,'2024-11-22 13:34:42.000'),(1288,4,2498,'participant',1,'2024-11-22 13:34:42.000'),(1289,4,2499,'participant',1,'2024-11-22 13:34:42.000'),(1290,4,2489,'participant',1,'2024-11-22 13:34:42.000'),(1291,4,2473,'participant',1,'2024-11-22 13:34:42.000'),(1292,4,2476,'participant',1,'2024-11-22 13:34:42.000'),(1293,4,2477,'participant',1,'2024-11-22 13:34:42.000'),(1294,4,2238,'participant',1,'2024-11-22 13:34:42.000'),(1295,4,2457,'participant',1,'2024-11-22 13:34:42.000'),(1296,4,2450,'participant',1,'2024-11-22 13:34:42.000'),(1297,4,2437,'participant',1,'2024-11-22 13:34:42.000'),(1298,4,2359,'participant',1,'2024-11-22 13:34:42.000'),(1299,4,2360,'participant',1,'2024-11-22 13:34:42.000'),(1300,4,2299,'participant',1,'2024-11-22 13:34:42.000'),(1301,4,2302,'participant',1,'2024-11-22 13:34:42.000'),(1302,4,2253,'participant',1,'2024-11-22 13:34:42.000'),(1303,4,2254,'participant',1,'2024-11-22 13:34:42.000'),(1304,4,2249,'participant',1,'2024-11-22 13:34:42.000'),(1305,4,2215,'participant',1,'2024-11-22 13:34:42.000'),(1306,4,2199,'participant',1,'2024-11-22 13:34:42.000'),(1307,4,1873,'participant',1,'2024-11-22 13:34:42.000'),(1308,4,1908,'participant',1,'2024-11-22 13:34:42.000'),(1309,4,1992,'participant',1,'2024-11-22 13:34:42.000'),(1310,4,2008,'participant',1,'2024-11-22 13:34:42.000'),(1311,4,2020,'participant',1,'2024-11-22 13:34:42.000'),(1312,4,2017,'participant',1,'2024-11-22 13:34:42.000'),(1313,4,2019,'participant',1,'2024-11-22 13:34:42.000'),(1314,4,2021,'participant',1,'2024-11-22 13:34:42.000'),(1315,4,1924,'participant',1,'2024-11-22 13:34:42.000'),(1316,4,1927,'participant',1,'2024-11-22 13:34:42.000'),(1317,4,1915,'participant',1,'2024-11-22 13:34:42.000'),(1318,4,1912,'participant',1,'2024-11-22 13:34:42.000'),(1319,4,1897,'participant',1,'2024-11-22 13:34:42.000'),(1320,4,1877,'participant',1,'2024-11-22 13:34:42.000'),(1321,4,1879,'participant',1,'2024-11-22 13:34:42.000'),(1322,4,1860,'participant',1,'2024-11-22 13:34:42.000'),(1323,4,1820,'participant',1,'2024-11-22 13:34:42.000'),(1324,4,1767,'participant',1,'2024-11-22 13:34:42.000'),(1325,4,1727,'participant',1,'2024-11-22 13:34:42.000'),(1326,4,1710,'participant',1,'2024-11-22 13:34:42.000'),(1327,4,1715,'participant',1,'2024-11-22 13:34:42.000'),(1328,4,1714,'participant',1,'2024-11-22 13:34:42.000'),(1329,4,1720,'participant',1,'2024-11-22 13:34:42.000'),(1330,4,1725,'participant',1,'2024-11-22 13:34:42.000'),(1331,4,1712,'participant',1,'2024-11-22 13:34:42.000'),(1332,4,1474,'participant',1,'2024-11-22 13:34:42.000'),(1333,5,2735,'participant',1,'2024-11-22 13:34:42.000'),(1334,5,2731,'participant',1,'2024-11-22 13:34:42.000'),(1335,5,2701,'participant',1,'2024-11-22 13:34:42.000'),(1336,5,2696,'participant',1,'2024-11-22 13:34:42.000'),(1337,5,2699,'participant',1,'2024-11-22 13:34:42.000'),(1338,5,2668,'participant',1,'2024-11-22 13:34:42.000'),(1339,5,2660,'participant',1,'2024-11-22 13:34:42.000'),(1340,5,2643,'participant',1,'2024-11-22 13:34:42.000'),(1341,5,2627,'participant',1,'2024-11-22 13:34:42.000'),(1342,5,2570,'participant',1,'2024-11-22 13:34:42.000'),(1343,5,2569,'participant',1,'2024-11-22 13:34:42.000'),(1344,5,2568,'participant',1,'2024-11-22 13:34:42.000'),(1345,5,2542,'participant',1,'2024-11-22 13:34:42.000'),(1346,5,2541,'participant',1,'2024-11-22 13:34:42.000'),(1347,5,2526,'participant',1,'2024-11-22 13:34:42.000'),(1348,5,1602,'participant',1,'2024-11-22 13:34:42.000'),(1349,5,2507,'participant',1,'2024-11-22 13:34:42.000'),(1350,5,2496,'participant',1,'2024-11-22 13:34:42.000'),(1351,5,2491,'participant',1,'2024-11-22 13:34:42.000'),(1352,5,2492,'participant',1,'2024-11-22 13:34:42.000'),(1353,5,2237,'participant',1,'2024-11-22 13:34:42.000'),(1354,5,2458,'participant',1,'2024-11-22 13:34:42.000'),(1355,5,2453,'participant',1,'2024-11-22 13:34:42.000'),(1356,5,2406,'participant',1,'2024-11-22 13:34:42.000'),(1357,5,2380,'participant',1,'2024-11-22 13:34:42.000'),(1358,5,2185,'participant',1,'2024-11-22 13:34:42.000'),(1359,5,2366,'participant',1,'2024-11-22 13:34:42.000'),(1360,5,2297,'participant',1,'2024-11-22 13:34:42.000'),(1361,5,2298,'participant',1,'2024-11-22 13:34:42.000'),(1362,5,2286,'participant',1,'2024-11-22 13:34:42.000'),(1363,5,2282,'participant',1,'2024-11-22 13:34:42.000'),(1364,5,2287,'participant',1,'2024-11-22 13:34:42.000'),(1365,5,2285,'participant',1,'2024-11-22 13:34:42.000'),(1366,5,2274,'participant',1,'2024-11-22 13:34:42.000'),(1367,5,2266,'participant',1,'2024-11-22 13:34:42.000'),(1368,5,2234,'participant',1,'2024-11-22 13:34:42.000'),(1369,5,2219,'participant',1,'2024-11-22 13:34:42.000'),(1370,5,2204,'participant',1,'2024-11-22 13:34:42.000'),(1371,5,2196,'participant',1,'2024-11-22 13:34:42.000'),(1372,5,2198,'participant',1,'2024-11-22 13:34:42.000'),(1373,5,2197,'participant',1,'2024-11-22 13:34:42.000'),(1374,5,2184,'participant',1,'2024-11-22 13:34:42.000'),(1375,5,2172,'participant',1,'2024-11-22 13:34:42.000'),(1376,5,2171,'participant',1,'2024-11-22 13:34:42.000'),(1377,5,2164,'participant',1,'2024-11-22 13:34:42.000'),(1378,5,2153,'participant',1,'2024-11-22 13:34:42.000'),(1379,5,2146,'participant',1,'2024-11-22 13:34:42.000'),(1380,5,2143,'participant',1,'2024-11-22 13:34:42.000'),(1381,5,2140,'participant',1,'2024-11-22 13:34:42.000'),(1382,5,2130,'participant',1,'2024-11-22 13:34:42.000'),(1383,5,2124,'participant',1,'2024-11-22 13:34:42.000'),(1384,5,2111,'participant',1,'2024-11-22 13:34:42.000'),(1385,5,2084,'participant',1,'2024-11-22 13:34:42.000'),(1386,5,2061,'participant',1,'2024-11-22 13:34:42.000'),(1387,5,2058,'participant',1,'2024-11-22 13:34:42.000'),(1388,5,2051,'participant',1,'2024-11-22 13:34:42.000'),(1389,5,2037,'participant',1,'2024-11-22 13:34:42.000'),(1390,5,1975,'participant',1,'2024-11-22 13:34:42.000'),(1391,5,2015,'participant',1,'2024-11-22 13:34:42.000'),(1392,5,1954,'participant',1,'2024-11-22 13:34:42.000'),(1393,5,1919,'participant',1,'2024-11-22 13:34:42.000'),(1394,5,1869,'participant',1,'2024-11-22 13:34:42.000'),(1395,5,1817,'participant',1,'2024-11-22 13:34:42.000'),(1396,5,1810,'participant',1,'2024-11-22 13:34:42.000'),(1397,5,1809,'participant',1,'2024-11-22 13:34:42.000'),(1398,5,1805,'participant',1,'2024-11-22 13:34:42.000'),(1399,5,1744,'participant',1,'2024-11-22 13:34:42.000'),(1400,5,1678,'participant',1,'2024-11-22 13:34:42.000'),(1401,5,1674,'participant',1,'2024-11-22 13:34:42.000'),(1402,5,1671,'participant',1,'2024-11-22 13:34:42.000'),(1403,5,1659,'participant',1,'2024-11-22 13:34:42.000'),(1404,5,1726,'participant',1,'2024-11-22 13:34:42.000'),(1405,5,1510,'participant',1,'2024-11-22 13:34:42.000'),(1406,5,1852,'participant',1,'2024-11-22 13:34:42.000'),(1407,5,2341,'participant',1,'2024-11-22 13:34:42.000'),(1408,5,1604,'participant',1,'2024-11-22 13:34:42.000'),(1409,5,2335,'participant',1,'2024-11-22 13:34:42.000'),(1410,5,2320,'participant',1,'2024-11-22 13:34:42.000'),(1411,5,1603,'participant',1,'2024-11-22 13:34:42.000'),(1412,5,1601,'participant',1,'2024-11-22 13:34:42.000'),(1413,5,1476,'participant',1,'2024-11-22 13:34:42.000'),(1414,5,1885,'participant',1,'2024-11-22 13:34:42.000'),(1415,5,1483,'participant',1,'2024-11-22 13:34:42.000'),(1416,5,2457,'participant',1,'2024-11-22 13:34:42.000'),(1417,5,2238,'participant',1,'2024-11-22 13:34:42.000'),(1418,5,1484,'participant',1,'2024-11-22 13:34:42.000'),(1419,5,2477,'participant',1,'2024-11-22 13:34:42.000'),(1420,5,1808,'participant',1,'2024-11-22 13:34:42.000'),(1421,5,1492,'participant',1,'2024-11-22 13:34:42.000'),(1422,5,1888,'participant',1,'2024-11-22 13:34:42.000'),(1423,5,1494,'participant',1,'2024-11-22 13:34:42.000'),(1424,5,1497,'participant',1,'2024-11-22 13:34:42.000'),(1425,5,1500,'participant',1,'2024-11-22 13:34:42.000'),(1426,5,2450,'participant',1,'2024-11-22 13:34:42.000'),(1427,5,1503,'participant',1,'2024-11-22 13:34:42.000'),(1428,5,2473,'participant',1,'2024-11-22 13:34:42.000'),(1429,5,1800,'participant',1,'2024-11-22 13:34:42.000'),(1430,5,1506,'participant',1,'2024-11-22 13:34:42.000'),(1431,5,1773,'participant',1,'2024-11-22 13:34:42.000'),(1432,5,1507,'participant',1,'2024-11-22 13:34:42.000'),(1433,5,2351,'participant',1,'2024-11-22 13:34:42.000'),(1434,5,2283,'participant',1,'2024-11-22 13:34:42.000'),(1435,5,2538,'participant',1,'2024-11-22 13:34:42.000'),(1436,5,1514,'participant',1,'2024-11-22 13:34:42.000'),(1437,5,2147,'participant',1,'2024-11-22 13:34:42.000'),(1438,5,1830,'participant',1,'2024-11-22 13:34:42.000'),(1439,5,2449,'participant',1,'2024-11-22 13:34:42.000'),(1440,5,1520,'participant',1,'2024-11-22 13:34:42.000'),(1441,5,2475,'participant',1,'2024-11-22 13:34:42.000'),(1442,5,1774,'participant',1,'2024-11-22 13:34:42.000'),(1443,5,2057,'participant',1,'2024-11-22 13:34:42.000'),(1444,5,2211,'participant',1,'2024-11-22 13:34:42.000'),(1445,5,2732,'participant',1,'2024-11-22 13:34:42.000'),(1446,5,1531,'participant',1,'2024-11-22 13:34:42.000'),(1447,5,2547,'participant',1,'2024-11-22 13:34:42.000'),(1448,5,2500,'participant',1,'2024-11-22 13:34:42.000'),(1449,5,1703,'participant',1,'2024-11-22 13:34:42.000'),(1450,5,1542,'participant',1,'2024-11-22 13:34:42.000'),(1451,5,1722,'participant',1,'2024-11-22 13:34:42.000'),(1452,5,1543,'participant',1,'2024-11-22 13:34:42.000'),(1453,5,1545,'participant',1,'2024-11-22 13:34:42.000'),(1454,5,1546,'participant',1,'2024-11-22 13:34:42.000'),(1455,5,2417,'participant',1,'2024-11-22 13:34:42.000'),(1456,5,1548,'participant',1,'2024-11-22 13:34:42.000'),(1457,5,1553,'participant',1,'2024-11-22 13:34:42.000'),(1458,5,1557,'participant',1,'2024-11-22 13:34:42.000'),(1459,5,2667,'participant',1,'2024-11-22 13:34:42.000'),(1460,5,1561,'participant',1,'2024-11-22 13:34:42.000'),(1461,5,1558,'participant',1,'2024-11-22 13:34:42.000'),(1462,5,1559,'participant',1,'2024-11-22 13:34:42.000'),(1463,5,1521,'participant',1,'2024-11-22 13:34:42.000'),(1464,5,2495,'participant',1,'2024-11-22 13:34:42.000'),(1465,5,1562,'participant',1,'2024-11-22 13:34:42.000'),(1466,5,1705,'participant',1,'2024-11-22 13:34:42.000'),(1467,5,2474,'participant',1,'2024-11-22 13:34:42.000'),(1468,5,1569,'participant',1,'2024-11-22 13:34:42.000'),(1469,5,2520,'participant',1,'2024-11-22 13:34:42.000'),(1470,5,1574,'participant',1,'2024-11-22 13:34:42.000'),(1471,5,1728,'participant',1,'2024-11-22 13:34:42.000'),(1472,5,2230,'participant',1,'2024-11-22 13:34:42.000'),(1473,5,1576,'participant',1,'2024-11-22 13:34:42.000'),(1474,5,2499,'participant',1,'2024-11-22 13:34:42.000'),(1475,5,1578,'participant',1,'2024-11-22 13:34:42.000'),(1476,5,2401,'participant',1,'2024-11-22 13:34:42.000'),(1477,5,2694,'participant',1,'2024-11-22 13:34:42.000'),(1478,5,1577,'participant',1,'2024-11-22 13:34:42.000'),(1479,5,1583,'participant',1,'2024-11-22 13:34:42.000'),(1480,5,1584,'participant',1,'2024-11-22 13:34:42.000'),(1481,5,1889,'participant',1,'2024-11-22 13:34:42.000'),(1482,5,2312,'participant',1,'2024-11-22 13:34:42.000'),(1483,5,2644,'participant',1,'2024-11-22 13:34:42.000'),(1484,5,1587,'participant',1,'2024-11-22 13:34:42.000'),(1485,5,1534,'participant',1,'2024-11-22 13:34:42.000'),(1486,5,1589,'participant',1,'2024-11-22 13:34:42.000'),(1487,5,1591,'participant',1,'2024-11-22 13:34:42.000'),(1488,5,1593,'participant',1,'2024-11-22 13:34:42.000'),(1489,5,2409,'participant',1,'2024-11-22 13:34:42.000'),(1490,5,1594,'participant',1,'2024-11-22 13:34:42.000'),(1491,5,1598,'participant',1,'2024-11-22 13:34:42.000'),(1492,5,1599,'participant',1,'2024-11-22 13:34:42.000'),(1493,5,2103,'participant',1,'2024-11-22 13:34:42.000'),(1494,5,1597,'participant',1,'2024-11-22 13:34:42.000'),(1495,5,1596,'participant',1,'2024-11-22 13:34:42.000');
/*!40000 ALTER TABLE `ActivityParticipation` ENABLE KEYS */;
UNLOCK TABLES;

--
-- Table structure for table `ActivityType`
--

DROP TABLE IF EXISTS `ActivityType`;
/*!40101 SET @saved_cs_client     = @@character_set_client */;
/*!50503 SET character_set_client = utf8mb4 */;
CREATE TABLE `ActivityType` (
  `id` int NOT NULL AUTO_INCREMENT,
  `name` varchar(191) CHARACTER SET utf8mb4 COLLATE utf8mb4_unicode_ci NOT NULL,
  PRIMARY KEY (`id`),
  UNIQUE KEY `ActivityType_name_key` (`name`)
) ENGINE=InnoDB AUTO_INCREMENT=7 DEFAULT CHARSET=utf8mb4 COLLATE=utf8mb4_unicode_ci;
/*!40101 SET character_set_client = @saved_cs_client */;

--
-- Dumping data for table `ActivityType`
--

LOCK TABLES `ActivityType` WRITE;
/*!40000 ALTER TABLE `ActivityType` DISABLE KEYS */;
INSERT INTO `ActivityType` VALUES (5,'Focus Group'),(3,'Interview'),(4,'Survey'),(1,'Webinar'),(6,'Webstival'),(2,'Workshop');
/*!40000 ALTER TABLE `ActivityType` ENABLE KEYS */;
UNLOCK TABLES;

--
-- Table structure for table `Contact`
--

DROP TABLE IF EXISTS `Contact`;
/*!40101 SET @saved_cs_client     = @@character_set_client */;
/*!50503 SET character_set_client = utf8mb4 */;
CREATE TABLE `Contact` (
  `id` int NOT NULL AUTO_INCREMENT,
  `name` varchar(191) CHARACTER SET utf8mb4 COLLATE utf8mb4_unicode_ci NOT NULL,
  `email` varchar(191) CHARACTER SET utf8mb4 COLLATE utf8mb4_unicode_ci NOT NULL,
  `organizationId` int DEFAULT NULL,
  `projectParticipation` tinyint(1) NOT NULL,
  `sectorId` int DEFAULT NULL,
  `termsId` int DEFAULT NULL,
  `country` varchar(191) CHARACTER SET utf8mb4 COLLATE utf8mb4_unicode_ci DEFAULT NULL,
  `network` tinyint(1) NOT NULL DEFAULT '0',
  PRIMARY KEY (`id`),
  UNIQUE KEY `email` (`email`),
  KEY `organizationId` (`organizationId`),
  KEY `Contact_sectorId_fkey` (`sectorId`),
  KEY `Contact_termsId_fkey` (`termsId`),
  CONSTRAINT `Contact_organizationId_fkey` FOREIGN KEY (`organizationId`) REFERENCES `Organization` (`id`) ON DELETE SET NULL ON UPDATE CASCADE,
  CONSTRAINT `Contact_sectorId_fkey` FOREIGN KEY (`sectorId`) REFERENCES `Sector` (`id`) ON DELETE SET NULL ON UPDATE CASCADE,
  CONSTRAINT `Contact_termsId_fkey` FOREIGN KEY (`termsId`) REFERENCES `Terms` (`id`) ON DELETE SET NULL ON UPDATE CASCADE
) ENGINE=InnoDB AUTO_INCREMENT=2994 DEFAULT CHARSET=utf8mb4 COLLATE=utf8mb4_unicode_ci;
/*!40101 SET character_set_client = @saved_cs_client */;

--
-- Dumping data for table `Contact`
--

LOCK TABLES `Contact` WRITE;
/*!40000 ALTER TABLE `Contact` DISABLE KEYS */;
INSERT INTO `Contact` VALUES (1471,'Adrienn Ujhazi','adrien.ujhazi@gmail.com',669,0,5,NULL,NULL,0),(1472,'MATTEO PEROTTI','matteo.perotti96@gmail.com',669,0,5,NULL,NULL,0),(1473,'piero rubino','pieroru1955@gmail.com',669,0,6,NULL,NULL,0),(1474,'Ingrid Roll','ingrid.roll@gmail.com',669,0,7,NULL,NULL,0),(1475,'Marta Teixeira','mastacia.dg@gmail.com',669,0,9,NULL,NULL,0),(1476,'Gioacchino Manzulli','ing.manzulli@virgilio.it',669,0,7,NULL,NULL,0),(1477,'Andrea Taylor','a.l.taylor@leeds.ac.uk',598,1,NULL,NULL,NULL,0),(1478,'Andreia Azevedo Soares ','aasoares@publico.pt',669,0,3,NULL,'',0),(1479,'Anastasiia  Bushovska ','ab@ecoaction.org.ua',669,0,4,NULL,NULL,0),(1480,'pietro reggiani','Adagiofilm@gmail.com',669,0,3,NULL,NULL,0),(1481,'Adriana Marcucci','adriana.marcucci@esc.ethz.ch',669,0,9,NULL,NULL,0),(1482,'gueda Silva','agueda.silva@apambiente.pt',669,0,6,NULL,NULL,0),(1483,'Ailish craig','ailish.craig@bristol.ac.uk',669,0,5,NULL,NULL,0),(1484,'Alexandre Cal','alexandre.calhevia@nationalgrid.com',669,0,5,NULL,NULL,1),(1485,'Alice Portal','alice.portal94@gmail.com',669,0,9,NULL,NULL,0),(1486,'Anne Zimmermann','amzimmermann@web.de',669,0,5,NULL,NULL,0),(1487,'Andreas Pfennig','andreas.pfennig@uliege.be',669,0,9,NULL,NULL,0),(1488,'Andreea Mihai','andreea.mihai333@gmail.com',669,0,7,NULL,NULL,0),(1489,'Andreia  Sousa ','andreiagss@gmail.com',669,0,9,NULL,NULL,0),(1490,'Anna Berti Suman','anna.bertisuman@gmail.com',669,0,9,NULL,NULL,0),(1491,'Anna Dimitrijevics','anna.dimitrijevics@ec.europa.eu',669,0,6,NULL,NULL,0),(1492,'Anna Valerinov','anna.valerianova@chmi.cz',669,0,5,NULL,NULL,0),(1493,'Antonio  Bottega ','Antobottega@gmail.com',669,0,3,NULL,NULL,0),(1494,'Avinash Venkata','avinash.venkata@cdri.world',669,0,5,NULL,NULL,0),(1495,'Barbara Frigione','barbara.frigione@unibs.it',669,0,9,NULL,NULL,0),(1496,'Filippo Bellini','bellini_filippo@hotmail.it',669,0,4,NULL,NULL,0),(1497,'B.','benat.abajo@tecnalia.com',669,0,5,NULL,NULL,0),(1498,'beppe casales','beppe.casales@gmail.com',669,0,5,NULL,NULL,1),(1499,'Bob Webb','bob.webb@anu.edu.au',669,0,9,NULL,NULL,0),(1500,'B. Yesil','burcu.yesil@climateanaylitcs.org',669,0,5,NULL,NULL,0),(1501,'Claudia Dimaggio','c.dimaggio@cittametropolitana.mi.it',669,0,5,NULL,NULL,0),(1502,'Carlo Buontempo','carlo.buontempo@ecmwf.int ',90,1,NULL,NULL,NULL,0),(1503,'Carol McSweeney','carol.mcsweeney@metoffice.gov.uk',669,0,5,NULL,NULL,0),(1504,'Rachel Cheang','cheangrchl@gmail.com',669,0,6,NULL,NULL,0),(1505,'CHIARA CERVIGNI','CHIARA.CERVIGNI@COMUNE.BOLOGNA.IT',669,0,6,NULL,NULL,0),(1506,'Chris Skinner','chris.skinner@environment-agency.gov.uk',669,0,5,NULL,NULL,0),(1507,'Christine Gifford','christine.gifford@metoffice.gov.uk',669,0,5,NULL,NULL,1),(1508,'Cinzia Tampieri','cinzia.tampieri@gmail.com',669,0,5,NULL,NULL,0),(1509,'Giu Coccato','coccatog@icloud.com',669,0,5,NULL,NULL,0),(1510,'Corinna','corinna.hausner@ramboll.com',669,0,5,NULL,NULL,0),(1511,'Carey Feierabend','Cpfirebird@msn.com',669,0,6,NULL,NULL,0),(1512,'Maria Ramos','cramos@macs.udl.es',669,0,9,NULL,NULL,0),(1513,'Davoud Akbarbeyglu','D.akbarbeyglu@gmail.com',669,0,9,NULL,NULL,0),(1514,'Dhirendra','d.kumar@reading.ac.uk',669,0,5,NULL,NULL,0),(1515,'Sandy Dallerba','dallerba@illinois.edu',669,0,9,NULL,NULL,0),(1516,'David Kay','Dlk2@cornell.edu',669,0,9,NULL,NULL,0),(1517,'Domenico Bovienzo','domenico.bovienzo@unive.it',669,0,9,NULL,NULL,0),(1518,'Doris  Socha','doris1818@gmail.com',669,0,5,NULL,NULL,0),(1519,'Edoardo Mombelli','edoardo.mombelli@advant-nctm.com',669,0,7,NULL,NULL,0),(1520,'Elena Bianco','elena.bianco@cmcc.it',669,0,5,NULL,NULL,0),(1521,'Lizzy Dyson','elizabeth.dyson@metoffice.gov.uk',669,0,5,NULL,NULL,0),(1522,'Enrico Cipriani','enci91@gmail.com',669,0,9,NULL,NULL,0),(1523,'l r','eti@tacticaltech.org',669,0,4,NULL,NULL,0),(1524,'HOST 1 (CMCC Events)','events@cmcc.it',669,0,5,NULL,NULL,0),(1525,'Federico Caruso','fede.caruso@gmail.com',669,0,3,NULL,NULL,0),(1526,'Fiona Khnke','fiona.koehnke@hereon.de',669,0,9,NULL,NULL,0),(1527,'francesco cara','frakara@gmail.com',669,0,9,NULL,NULL,0),(1528,'Francesca Cella','francesca.cella@gmail.com',669,0,5,NULL,NULL,0),(1529,'Francesca Dagostin','francesca.dagostin@fmach.it',669,0,9,NULL,NULL,0),(1530,'Francesca Zarabara','francesca.zarabara@phd.units.it',669,0,9,NULL,NULL,0),(1531,'Francesco Immorlano CMCC','francesco.immorlano@cmcc.it',669,0,5,NULL,NULL,0),(1532,'Francesco Serafini','francescoserafini0@gmail.com',669,0,5,NULL,NULL,0),(1533,'Gianpiero Miraglio','g.miraglio@gmail.com',669,0,5,NULL,NULL,0),(1534,'Tania','gaetana.anamiati@dnv.com',669,0,5,NULL,NULL,0),(1535,'Gianluca Avella','gavella@aess-modena.it',669,0,4,NULL,NULL,0),(1536,'Giorgia Svalduz','Giorgia.svalduz@gmail.com',669,0,5,NULL,NULL,0),(1537,'Giulia Saponaro','giulia.saponaro@fmi.fi',669,0,9,NULL,NULL,0),(1538,'Guido Rianna','guido.rianna@cmcc.it',669,0,9,NULL,NULL,0),(1539,'Heinz Wittenbrink','heinz@wittenbrink.net',669,0,3,NULL,NULL,0),(1540,'ingrid ruegemer','i.ruegemer@symbioscene.com',669,0,4,NULL,NULL,0),(1541,'Ilda Mannino','ilda.mannino@univiu.org',669,0,9,NULL,NULL,0),(1542,'Ingrid Vigna','ingridv@met.no',669,0,5,NULL,NULL,0),(1543,'Irne Whlstrm','irene.wahlstrom@smhi.se',669,0,5,NULL,NULL,0),(1544,'Isabel Ripa JuliA','isabel.ripajulia@gmail.com',669,0,5,NULL,NULL,0),(1545,'Jagger Biggs','jagger@oppla.eu',669,0,5,NULL,NULL,0),(1546,'Janette Bessembinder KNMI','janette.bessembinder@knmi.nl',669,0,5,NULL,NULL,1),(1547,'Jean Dusart','Jean.DUSART@ec.europa.eu',669,0,5,NULL,NULL,0),(1548,'Jrme Servonnat','jerome.servonnat@lsce.ipsl.fr',669,0,5,NULL,NULL,0),(1549,'Jacopo  Mengarelli ','jmengarucci@gmail.com',669,0,3,NULL,NULL,0),(1550,'Jovana Kei','jovanakcontact@gmail.com',669,0,5,NULL,NULL,0),(1551,'Katarina erani','katarina.ceranic.pg@gmail.com',669,0,5,NULL,NULL,0),(1552,'Katarna Korytrov','katarina.korytarova@gmail.com',669,0,5,NULL,NULL,0),(1553,'Katharina Klehmet SMHI','katharina.klehmet@smhi.se',669,0,5,NULL,NULL,0),(1554,'kiro boodh','kboodhraj@csir.co.za',669,0,9,NULL,NULL,0),(1555,'Kealie Vogel','kealie.vogel@empa.ch',669,0,9,NULL,NULL,0),(1556,'Kirsten Dunlop','kirsten.dunlop@climate-kic.org',669,0,5,NULL,NULL,0),(1557,'Klaus Wyser','klaus.wyser@smhi.se',669,0,5,NULL,NULL,0),(1558,'Lily','lilgou@ceh.ac.uk',669,0,5,NULL,NULL,0),(1559,'Lindha Nilsson','lindha.nilsson@smhi.se',669,0,5,NULL,NULL,0),(1560,'Lisa Tassi','lisatassi08@gmail.com',669,0,5,NULL,NULL,0),(1561,'Lilian Loyer','lloyer@ramboll.com',451,1,NULL,NULL,NULL,0),(1562,'Maria Caballero','maria.caballero@hereon.de',669,0,5,NULL,NULL,0),(1563,'Marianna Franchino','mariannafranchino@gmail.com',669,0,7,NULL,NULL,0),(1564,'Marinella Osilo','marinella.osilo@comune.sassari.it',669,0,6,NULL,NULL,0),(1565,'Mia Alibegovic','mia.alibegovic@un.org',669,0,5,NULL,NULL,0),(1566,'Michele Andrighetti','michele.andrighetti@gmail.com',669,0,5,NULL,NULL,0),(1567,'Milena Putnik','milenaputnik@gmail.com',669,0,9,NULL,NULL,0),(1568,'Milica Joi','milica.josic999@gmail.com',669,0,5,NULL,NULL,0),(1569,'Nebiyu Waliyi Tekesa','nabaawaliyi@gmail.com',669,0,5,NULL,NULL,0),(1570,'Nadja Bobic','nadjabobic@gmail.com',669,0,3,NULL,NULL,0),(1571,'nicoletta tranquillo','nicoletta.tranquillo@kilowatt.bo.it',669,0,7,NULL,NULL,0),(1572,'Norel Rimbu','Norel.Rimbu@awi.de',669,0,9,NULL,NULL,0),(1573,'Norina  Di Blasio ','norina.diblasio@gmail.com',669,0,3,NULL,NULL,0),(1574,'Olga Trasuna','olga@environment.lv',669,0,5,NULL,NULL,0),(1575,'Paola Villavicencio','p_villavicencio@hotmail.com',669,0,9,NULL,NULL,0),(1576,'Rebecca Hueting DBL','rebecca.hueting@dblue.it',669,0,5,NULL,NULL,0),(1577,'Rmi Gandoin rsted','regen@orsted.com',669,0,5,NULL,NULL,0),(1578,'Renato Bertalanic, ARSO','renato.bertalanic@gov.si',669,0,5,NULL,NULL,0),(1579,'Teekay Kreissig','robotic-dance@kreissig.net',669,0,9,NULL,NULL,0),(1580,'Sara  Dorato ','s.dorato@t-6.it',669,0,7,NULL,NULL,1),(1581,'Sabine Baumann','sabine.baumann@dlr.de',669,0,9,NULL,NULL,0),(1582,'Salah eddine Tachi','salah008@hotmail.fr',669,0,9,NULL,NULL,0),(1583,'Sara El Mekkaoui','sara.el.mekkaoui@dnv.com',669,0,5,NULL,NULL,0),(1584,'Sarah Wright','sarah.wright@deltares.nl',142,1,NULL,NULL,NULL,0),(1585,'Silvia Girardello','silvia.girardello@kilowatt.bo.it',669,0,5,NULL,NULL,0),(1586,'Sorin Cheval','sorincheval@yahoo.com',669,0,9,NULL,NULL,0),(1587,'SusannaH','susanna.hopsch@smhi.se',669,0,5,NULL,NULL,0),(1588,'Tatjaan Kalianin','tatjana.kalicanin@bancaintesa.rs',669,0,7,NULL,NULL,0),(1589,'Ted','ted.buskop@deltares.nl',669,0,5,NULL,NULL,1),(1590,'Tereza  Fonseca ','terezacp@yahoo.com',669,0,9,NULL,NULL,0),(1591,'Thierry Legrand','tlegrand@cencenelec.eu',669,0,5,NULL,NULL,0),(1592,'Tijana Jakovljevic','tlezaic@gmail.com',669,0,9,NULL,NULL,0),(1593,'Uro Davidovi RHMZ','uros.davidovic@gmail.com',669,0,5,NULL,NULL,0),(1594,'Vladimir Djurdjevic','vdj@ff.bg.ac.rs',669,0,5,NULL,NULL,1),(1595,'Jaro Mysiak','venice@cmcc.it',669,0,5,NULL,NULL,0),(1596,'veronica dreassi','veronica.dreassi@regione.fvg.it',669,0,5,NULL,NULL,0),(1597,'veronica','veronica2.piuri@gmail.com',669,0,5,NULL,NULL,0),(1598,'Wei Yang','wei.yang@smhi.se',669,0,5,NULL,NULL,0),(1599,'Zsuzsanna Zemplni','zempleni.zs@met.hu',669,0,5,NULL,NULL,0),(1600,'Annalisa Gozzi','ann.g.0710@gmail.com',669,0,5,NULL,NULL,0),(1601,'Kate Wright','k.wright@lancaster.ac.uk',669,0,5,NULL,NULL,0),(1602,'Lars Brring','lars.barring@smhi.se',509,1,5,NULL,NULL,0),(1603,'Seena Beqja','serenabbeqja@gmail.com',669,0,5,NULL,NULL,0),(1604,'Martina Mattucci','martina.mattucci@hotmail.it',669,0,5,NULL,NULL,0),(1605,'Thomas  Benedikter ','Thomas.benedikter57@gmail.com',669,0,6,NULL,NULL,0),(1606,'Nugzar Suaridze','openskyge@gmail.com',669,0,4,NULL,NULL,1),(1607,'Annamaria Cosattini','annamaria.cosattini@regione.fvg.it',669,0,8,NULL,NULL,1),(1609,'Stephanie Senet','stephanie.senet@aefinfo.fr',669,0,5,NULL,NULL,1),(1610,'Virginie Turc','virginie_cisv@hotmail.com',669,0,7,NULL,NULL,1),(1611,'Mario Ciancarini','spingitoridc@gmail.com',669,0,7,NULL,NULL,1),(1612,'Yulia Shamis','yuliash2704@yandex.ru',669,0,7,NULL,NULL,1),(1613,'Marco Cigolotti','info@climaction.it',669,0,7,NULL,NULL,1),(1614,'Jacopo Grassi','jacopograssi977@gmail.com',669,0,7,NULL,NULL,1),(1615,'Pierre Roy','pierre.roy@cgg.com',669,0,7,NULL,NULL,1),(1616,'Kristina Kalkan','kristina.kalkan@biosense.rs',669,0,8,NULL,NULL,1),(1617,'Nenad Gligoric','nenad.gligoric@zentrixlab.eu',669,0,8,NULL,NULL,1),(1618,'Paola Nassisi','paola.nassisi@cmcc.it',669,0,7,NULL,NULL,1),(1619,'Prabodh Mistry','prabodh.mistry@ehv-engineering.com',669,0,7,NULL,NULL,1),(1620,'Andrea Catalina Fajardo','andrea.fajardo@climatehubhh.org',669,0,7,NULL,NULL,1),(1621,'Ingeborg Van den Nieuwendijk','ingeborg.van.den.nieuwendijk@atradius.com',669,0,8,NULL,NULL,1),(1622,'Garret Patrick Kelly','sarajevo100cities@gmail.com',669,0,8,NULL,NULL,1),(1623,'Katiuscia Fara','katfara@hotmail.com',669,0,5,NULL,NULL,1),(1624,'cigdem coskun','cigdemcn@hotmail.com',669,0,9,NULL,NULL,1),(1625,'Yves Zieba','yves.zieba@syntezia.com',669,0,7,NULL,NULL,1),(1626,'Kanak Singh','Kanaksingh4@gmail.com',669,0,9,NULL,NULL,1),(1627,'Tassos Krommydas','tassos@gwpmed.org',669,0,4,NULL,NULL,1),(1628,'Michael Lavelle','michaellavelleengineer@gmail.com',669,0,7,NULL,NULL,0),(1629,'marc PATTINSON','mpattinson@group-gac.com',669,0,7,NULL,NULL,0),(1630,'Sara Cozzone','sara.cozzone@gmail.com',1,0,4,NULL,NULL,0),(1631,'Lambert Kuijpers','lambert.kuijpers@kpnmail.nl',2,0,9,NULL,NULL,0),(1632,'Yi-Chi Wang','yichiwang@gate.sinica.edu.tw',3,0,9,NULL,NULL,0),(1633,'Lida Dimitriadou','ldimitriadou@academyofathens.gr',4,0,9,NULL,NULL,0),(1634,'Stavros Solomos','ssolomos@academyofathens.gr',4,0,9,NULL,NULL,0),(1635,'Igle Gledhill','igle.gledhill@wits.ac.za',5,0,9,NULL,NULL,0),(1636,'Cecilia Consalvo','c.consalvo@acteon-environment.eu',6,0,9,NULL,NULL,0),(1637,'Cecilia Consalvo','Ceciliaconsalvo@gmail.com',6,0,5,NULL,NULL,0),(1638,'Adam Sebire','adamsebire@gmail.com',7,0,5,NULL,NULL,0),(1639,'Daniel Hagos  Berhe ','danielhgs829@gmail.com',8,0,9,NULL,NULL,0),(1640,'Leonor Pereira','leonor.pereira@advid.pt',9,0,4,NULL,NULL,0),(1641,'Alan MANDRILLON','mandrillon@aerospace-valley.com',10,0,4,NULL,NULL,0),(1642,'Ioana-Simona Rosca','rosca@aerospace-valley.com',10,0,4,NULL,NULL,0),(1643,'carmen palumbo','carmen.palu@gmail.com',11,0,6,NULL,NULL,0),(1644,'Gianluca Avella','gavella@aess.modena.it',11,0,4,NULL,NULL,0),(1645,'Gianluca Avella','gianluca.avella@aess.energy',11,0,4,NULL,NULL,0),(1646,'Lisa Sentimenti','lisa.sentimenti@aess.energy',11,0,4,NULL,NULL,0),(1647,'Philipp Stanzel','philipp.stanzel@afry.com',12,0,7,NULL,NULL,0),(1648,'Andr Le Doux Wamba','andre_ledouxcm@yahoo.fr',13,0,4,NULL,NULL,0),(1649,'Ins Alterio','ines.alterio@agencerecherche.fr',14,0,6,NULL,NULL,1),(1650,'Douglas Machacha','dmachacha@gmail.com',15,0,7,NULL,NULL,0),(1651,'Gennaro Pisciotta','gennaro.pisciotta@gmail.com',16,0,5,NULL,NULL,0),(1652,'Paolo Frontero','paolo.frontero@gmail.com',17,0,9,NULL,NULL,0),(1653,'shreya some','shreyas@ait.asia',18,0,9,NULL,NULL,0),(1654,'Patrycja Metlewicz','pmetlewicz@gmail.com',19,0,5,NULL,NULL,0),(1655,'Maria Wirth','maria.wirth@alchemia-nova.net',20,0,9,NULL,NULL,0),(1656,'Virginia Stimilli','virginia.stimilli@alda-europe.eu',21,0,4,NULL,NULL,0),(1657,'Laura Trentini','laura3ntini@gmail.com',22,0,5,NULL,NULL,0),(1658,'Osman Budak','osbudak@gmail.com',23,0,4,NULL,NULL,1),(1659,'Angela  Colli ','angela.colli@unipv.it',24,0,4,NULL,NULL,0),(1660,'PETRESCU LAURA ELENA','suedelaura@yahoo.com',25,0,9,NULL,NULL,0),(1661,'SENTHILKUMAR RAMASAMY','rsk.iitm@gmail.com',26,0,9,NULL,NULL,0),(1662,'Matteo Ulisse Parodi','matteo.parodi@aon.com',27,0,9,NULL,NULL,0),(1663,'Chiara Tringali','chiara.tringali@ape.fvg.it',28,0,4,NULL,NULL,0),(1664,'Txema Lecea','txema.lecea@araymond.com',29,0,7,NULL,NULL,0),(1665,'Camila Apollaro','camiapollaro@gmail.com',30,0,5,NULL,NULL,0),(1666,'Ilona  Mettiinen ','Ilona.mettiainen@ulapland.fi',31,0,9,NULL,NULL,0),(1667,'Pontony Zumrrraga','pontonyzumarraga@hotmail.com',32,0,6,NULL,NULL,0),(1668,'Federica Flapp','federica.flapp@arpa.fvg.it',33,0,6,NULL,NULL,0),(1669,'Valentina Gallina','valentina.gallina@arpa.fvg.it',33,0,6,NULL,NULL,0),(1670,'Mario Gregorio Piuri','m.piuri@arpalombardia.it',34,0,6,NULL,NULL,1),(1671,'Mauro Mussin','m.mussin@arpalombardia.it',34,0,6,NULL,NULL,1),(1672,'Simona Barbarino','s.barbarino@arpa.piemonte.it',35,0,9,NULL,NULL,0),(1673,'Pier Luigi Trudu','pltrudu@arpa.sardegna.it',36,0,6,NULL,NULL,0),(1674,'Alice Vecchi','ext-avecchi@arpae.it',37,0,6,NULL,NULL,0),(1675,'Vanessa Giorgione','giorgione.vanessa@gmail.com',37,0,9,NULL,NULL,0),(1676,'francesca frigo','ffrigo@arpae.it',37,0,6,NULL,NULL,0),(1677,'Stefania Calleri','s.calleri@arpat.toscana.it',38,0,3,NULL,NULL,0),(1678,'Sabina Sabic','sabina.sabic@gmail.com',39,0,4,NULL,NULL,0),(1679,'Adeshina Adebanjo','adesama2sty@gmail.com',40,0,9,NULL,NULL,0),(1680,'Soumita Chatterjee','soumita450@gmail.com',41,0,9,NULL,NULL,0),(1681,'Ethan Chia','ethan@aspri.com.sg',42,0,4,NULL,NULL,0),(1682,'Kakha  NADIRADZE','nadiradzekakha@gmail.com',43,0,4,NULL,NULL,1),(1683,'Fabiano Ventura','f.ventura@macromicro.it',44,0,4,NULL,NULL,0),(1684,'Francis Colledge','francis.colledge@atkinsglobal.com',45,0,7,NULL,NULL,0),(1685,'Max Ulrich','m.ulrich@atmoveraconsulting.de',46,0,7,NULL,NULL,0),(1686,'Laura Basconi','laura.b@aworld.org',47,0,7,NULL,NULL,0),(1687,'elena garrido','egarrido@logrono.es',48,0,6,NULL,NULL,1),(1688,'Nieves Fernandez Navarro','nfernandez@malaga.eu',49,0,6,NULL,NULL,0),(1689,'Soranut Sarasombath','alex.sarasombath@gmail.com',50,0,7,NULL,NULL,0),(1690,'Adina-Eliza Croitoru','adina.croitoru@ubbcluj.ro',51,0,9,NULL,NULL,0),(1691,'Yeshambel Chekol','Yeshambel166@gmail.com',52,0,9,NULL,NULL,0),(1692,'Magdalena Muir','magdalenaakmuir@gmail.com',53,0,9,NULL,NULL,0),(1693,'Magdalena Muir','etw62554@yahoo.com',53,0,9,NULL,NULL,0),(1694,'Agnese Cecchini','a.cecchini@gruppoitaliaenergia.it',71,0,3,NULL,NULL,0),(1695,'Julieta Rosenbluth','julieta.rosenbluth@bsc.es',55,1,9,NULL,'Spain',0),(1696,'Antonia Frangeskou','afragi01@gmail.com',55,0,9,NULL,NULL,0),(1697,'Dragana Bojovic','Dragana.bojovic@bsc.es',55,0,9,NULL,NULL,0),(1698,'Eren Duzenli','eren.duzenli@bsc.es',55,0,9,NULL,NULL,0),(1699,'Marina Baldissera','marina.baldissera@bsc.es',55,1,NULL,NULL,NULL,0),(1700,'Nria Prez-Zann','nuria.perez@bsc.es',55,0,9,NULL,NULL,0),(1701,'Paula Checchia Adell','paula.checchia@bsc.es',55,1,9,NULL,NULL,0),(1702,'Carlos Delgado-Torres','carlos.delgado@bsc.es',55,0,9,NULL,NULL,0),(1703,'Ilaria Vigo','ilaria.vigo@bsc.es',55,0,NULL,NULL,NULL,0),(1704,'VERONICA Torralba Fernndez','veronica.torralba@bsc.es',55,0,9,NULL,NULL,0),(1705,'Marta Terrado','marta.terrado@bsc.es',55,1,NULL,NULL,NULL,0),(1706,'Vernica Torralba','veronica.torralba@bsc.com',55,0,9,NULL,NULL,0),(1707,'Angel Muoz','angel.g.munoz@bsc.es',55,0,NULL,NULL,NULL,0),(1708,'Rosa Rodrguez Gasn','rosa.rodriguez@bsc.es',55,0,9,NULL,NULL,0),(1709,'Albert Soret','albert.soret@bsc.es',55,0,NULL,NULL,NULL,0),(1710,'ngel G Muoz','angel.g.munoz.bsc@gmail.com',55,0,9,NULL,NULL,0),(1711,'Aude Carreric','aude.carreric@bsc.es',55,0,9,NULL,NULL,0),(1712,'Dragana Bojovic','bagins_yu@yahoo.com',55,0,9,NULL,NULL,0),(1713,'Balakrishnan Solaraju','balakrishnan.solaraju@bsc.es',55,0,9,NULL,NULL,0),(1714,'Carlo Lacagnina','carlo.lacagnina@bsc.es',55,0,NULL,NULL,NULL,0),(1715,'Marina Corradini','corradinimrn@gmail.com',55,0,9,NULL,NULL,0),(1716,'Diana Urquiza','diana.urquizane@gmail.com',55,0,9,NULL,NULL,0),(1717,'ilaria vigo','ilaria.vigo@barcelonagse.eu',55,0,9,NULL,NULL,0),(1718,'Jolita  Jancyte ','jolita.jancyte@bsc.es',55,0,9,NULL,NULL,0),(1719,'Nadia Milders','nadia.milders@bsc.es',55,0,9,NULL,NULL,0),(1720,'Paola Castellano','pcossa@fc.ul.pt',55,0,9,NULL,NULL,0),(1721,'Carmen Gonzalez','carmen.gonzalezromero@bsc.es',55,1,NULL,NULL,NULL,0),(1722,'Ins Martn','ines.martin@bsc.es',55,1,9,NULL,'Spain',0),(1723,'Mar Rodrguez','mar.rodriguez@bsc.es',55,1,NULL,NULL,NULL,0),(1724,'Paola Castellanos','paola.castellanos@bsc.es',55,1,NULL,NULL,NULL,0),(1725,'Andria Nicodemou','andria.nicodemou@bsc.es',55,0,NULL,NULL,NULL,0),(1726,'Carlo Lacagnina','carlo.lacagnina17@gmail.com',55,0,7,NULL,NULL,0),(1727,'Diana Urquiza','diana.urquiza@bsc.es',55,1,NULL,NULL,NULL,0),(1728,'Francisco J. Doblas-Reyes','francisco.doblas-reyes@bsc.es',55,1,NULL,NULL,NULL,0),(1729,'Victria Agudetse Roures','victoria.agudetse@bsc.es',55,0,9,NULL,NULL,0),(1730,'Mihajlo Vujasin','vujasin.mihajlo@gmail.com',56,0,3,NULL,NULL,0),(1731,'Jafar Amani Dashlejeh','amani.jafar@gmail.com',57,0,9,NULL,NULL,1),(1732,'Marco Trevisan','marco.trevisan@bazzmann.agency',58,0,3,NULL,NULL,0),(1733,'Aitor Zulueta','aitor.zulueta@bc3research.org',59,0,9,NULL,NULL,0),(1734,'SARA MINISINI','s.minisini@bdi.fr',60,0,6,NULL,NULL,0),(1735,'Uratchwee Unhalehaka','uratchwee@bedo.or.th',62,0,6,NULL,NULL,0),(1736,'Johan Gars','johan.gars@kva.se',63,0,9,NULL,NULL,0),(1737,'Rozemien De Troch','rozemien.detroch@climatecentre.be',64,0,9,NULL,NULL,1),(1738,'Isidora Simovi','isidora.simovic@biosense.rs',65,0,9,NULL,NULL,1),(1739,'Tijana Nikoli Lugonja','nikolic.tija@gmail.com',65,0,9,NULL,NULL,1),(1740,'Ilaria Zorzi','ilaria.zorzi@bluebiloba.com',66,0,7,NULL,NULL,0),(1741,'Joseph Safi','josephsafi11@gmail.com',67,0,7,NULL,NULL,0),(1742,'Sabine von Mering','vonmering@brandeis.edu',68,0,9,NULL,NULL,0),(1743,'Ellie Murtagh','elliemurtagh@redcross.org.uk',69,0,5,NULL,NULL,0),(1744,'Agostino Mathis','amathisit@yahoo.com',70,0,9,NULL,NULL,0),(1745,'Garima Jasuja','956743@stud.unive.it',71,0,9,NULL,NULL,0),(1746,'Md Monzer Hossain Sarker','monzer.sarker@unive.it',71,0,9,NULL,NULL,0),(1747,'Baya  Aissaoui ','baya.aissaoui@cmcc.it',71,0,9,NULL,NULL,0),(1748,'Tatiana Gmez','pacto.alcaldes@energiagrancanaria.com',72,0,6,NULL,NULL,0),(1749,'QUARTIERI GIUSEPPE','giuseppegmquartieri@gmail.com',73,0,9,NULL,NULL,0),(1750,'Colin Barnes','crebarnes@gmail.com',74,0,9,NULL,NULL,0),(1751,'Carine Sat','carine.saut@capgemini.com',75,0,7,NULL,NULL,0),(1752,'Miguel Angel Tinte Garcia','miguel.tinte@gmail.com',75,0,5,NULL,NULL,0),(1753,'Eva Boon','eva@climateadaptationservices.com',76,0,9,NULL,NULL,0),(1754,'Eva Boon','eva@climatedaptationservices.com',76,0,9,NULL,NULL,0),(1755,'Karolina Zubel','karolina.zubel@case-research.eu',77,0,9,NULL,NULL,0),(1756,'Salvador Samitier','salvador.samitier@gencat.cat',78,0,6,NULL,NULL,0),(1757,'tienne Mtais','etienne.metais@cdp.net',79,0,4,NULL,NULL,0),(1758,'Franco Boscolo','piceaexcelsa@tiscali.it',80,0,9,NULL,NULL,0),(1759,'Fabiana Adamo','adamofabiana@gmail.com',81,0,4,NULL,NULL,0),(1760,'Fabiana Adamo','f.adamo@cefaonlus.it',81,0,4,NULL,NULL,0),(1761,'Mike Cohen','steenbok@aerosat.co.za',82,0,7,NULL,NULL,0),(1762,'Innocent Azih','azih@caccng.org',83,0,4,NULL,NULL,0),(1763,'Irena ujdovi','isujdovic@cpn.rs',84,0,6,NULL,NULL,0),(1764,'Katarina Stekic','kstekic@cpn.rs',84,1,NULL,NULL,NULL,0),(1765,'Alberto Troccoli','alberto.troccoli@wemcouncil.org',85,0,7,NULL,NULL,0),(1766,'Marjana Brkic','mbrkic@cpn.rs',84,1,NULL,NULL,NULL,1),(1767,'Petar Lausevic','plausevic@cpn.rs',84,1,NULL,NULL,NULL,0),(1768,'Mirjana Volarev','mvolarev@cpn.rs',84,0,NULL,NULL,NULL,1),(1769,'Shadananan Nair','nair59@yahoo.com',86,0,4,NULL,NULL,0),(1770,'Claudia Bouroncle','claudia.bouroncle@catie.ac.cr',87,0,9,NULL,NULL,1),(1771,'andrea monda','andrea.monda@regione.campania.it',88,0,6,NULL,NULL,0),(1772,'Leslie Busby','lbusby56@gmail.com',89,0,4,NULL,NULL,0),(1773,'Christian Pag','christian.page@cerfacs.fr',90,1,NULL,NULL,NULL,0),(1774,'Emilia Sanchez','sanchez@cerfacs.fr',90,0,5,NULL,NULL,0),(1775,'Laura Zamboni','laura.p.zamboni@gmail.com',91,0,7,NULL,NULL,0),(1776,'VERNET JOSEP MARIA','jmvernet@cellerlagranada.com',92,0,5,NULL,NULL,0),(1777,'simona fabiani','s.fabiani@cgil.it',93,0,4,NULL,NULL,0),(1778,'Tom Halenka','tomas.halenka@mff.cuni.cz',94,0,9,NULL,NULL,0),(1779,'Chokchai Suthidhummajit','chokchai.s@gmail.com',95,0,9,NULL,NULL,0),(1780,'Camilo Barrios Prez','camilobarriosperez@gmail.com',96,0,9,NULL,NULL,0),(1781,'Ana  Carvalho','anacarvalho@cimcavado.pt',97,0,6,NULL,NULL,0),(1782,'Nicola Rebora','nicola.rebora@cimafoundation.org',98,0,9,NULL,NULL,0),(1783,'Ann-Sophie Boehle','ann-sophie.boehle@ec.europa.eu',99,0,6,NULL,NULL,0),(1784,'Giulia Moggia','Giulia.moggia@ec.europa.eu',99,0,6,NULL,NULL,0),(1785,'Javier Barrio','Javier.barrio-alonso@ec.europa.eu',99,0,6,NULL,NULL,0),(1786,'Marko Adamovic','marko.adamovic@ec.europa.eu',99,0,7,NULL,NULL,0),(1787,'RIchard Martins Tavares','richard.tavares@ec.europa.eu',99,0,4,NULL,NULL,0),(1788,'Laura Deltenre','laura.deltenre@cisl.cam.ac.uk',100,0,9,NULL,NULL,0),(1789,'David Joseph  Allieu ','davidjallieu@gmail.com',101,0,5,NULL,NULL,0),(1790,'Felix van Veldhoven','felix@climateadaptationservices.com',102,0,4,NULL,NULL,0),(1791,'Hasse Goosen','hasse@climateadaptationservices.com',102,0,9,NULL,NULL,0),(1792,'Sophie van der Horst','sophie@climateadaptationservices.com',102,0,5,NULL,NULL,0),(1793,'Burcu Yesil','burcu.yesil@climateanalytics.org',103,0,9,NULL,NULL,0),(1794,'Quentin Lejeune','quentin.lejeune@climateanalytics.org',103,0,9,NULL,NULL,0),(1795,'Robert Brecha','robert.brecha@climateanalytics.org',103,0,9,NULL,NULL,0),(1796,'Zachary Zeller','zachary.zeller@climatanalytics.org',103,0,4,NULL,NULL,0),(1797,'Zachary Zeller','zachary.zeller@climateanalytics.org',103,0,4,NULL,NULL,0),(1798,'Rosanne Martyr','rosanne.martyr-koller@climateanalytics.org',103,0,9,NULL,NULL,0),(1799,'Andrea Conte','Info@andreco.org',104,0,5,NULL,NULL,0),(1800,'Christopher Jack (Climate Centre)','jack@climatecentre.org',105,0,5,NULL,NULL,0),(1801,'Juan Martin Queirel','jm.queirel@climatescale.com',106,0,7,NULL,NULL,0),(1802,'Ana Lopez','ana.lopez@climatescale.com',106,0,7,NULL,NULL,1),(1803,'Gil Lizcano','gil.lizcano@climatescale.com',106,0,7,NULL,NULL,1),(1804,'Anke Schlnsen-Rico','anke.schluensen-rico@hereon.de',107,0,9,NULL,NULL,0),(1805,'Jeewanthi Sirisena','jeewanthi.thotapitiya@hereon.de',107,0,5,NULL,NULL,0),(1806,'Elke Keup-Thiel','elke.keup-thiel@hereon.de',108,1,NULL,NULL,NULL,0),(1807,'Maria Wolff','maria.wolff@hereon.de',108,0,9,NULL,NULL,1),(1808,'Andreas Villwock','andreas.villwock@hereon.de',108,1,NULL,NULL,NULL,0),(1809,'Armelle Remedio','armelle.remedio@hereon.de',108,0,5,NULL,NULL,0),(1810,'Tanja Blome','tanja.blome@hereon.de',108,0,9,NULL,NULL,0),(1811,'Jan Harrs','jan-albrecht.harrs@heren.de',108,0,9,NULL,NULL,0),(1812,'Jan Harrs','janbrecht.harrs@gmail.com',108,0,9,NULL,NULL,0),(1813,'Janna Gehrke','janna-malin.gehrke@hereon.de',108,0,9,NULL,NULL,0),(1814,'Katharina Blow','katharina.buelow@gmx.de',108,0,9,NULL,NULL,0),(1815,'Katharina Blow','katharina.buelow@hereon.de',108,0,9,NULL,NULL,1),(1816,'Rodrigo Valencia','rodrigo.valencia@hereon.de',108,0,9,NULL,NULL,0),(1817,'Benjamin Le Roy','benjamin.le-roy@hereon.de',108,0,5,NULL,NULL,0),(1818,'Cristobal Reveco','cristobal.reveco@hereon.de',108,0,9,NULL,NULL,1),(1819,'Daniela Jacob','d.jacob@hereon.de',108,0,9,NULL,NULL,0),(1820,'Andreas Villwock','andreas_villwock@sibirien.de',108,0,9,NULL,NULL,0),(1821,'Pietro Spataro','pietro@climatestandard.net',109,0,7,NULL,NULL,0),(1822,'Antonia Matthies','antonia.matthies@climate-kic.org',110,1,NULL,NULL,NULL,0),(1823,'Ron Immink','ronimmink@gmail.com',110,0,7,NULL,NULL,0),(1824,'Umberto Galli','umberto.galli@coima.it',111,0,7,NULL,NULL,0),(1825,'Ana Oliveira','ana.oliveira@colabatlantic.com',112,0,9,NULL,NULL,1),(1826,'Eva Pauditsova','eva.pauditsova@uniba.sk',113,0,9,NULL,NULL,0),(1827,'Francesca Mancarella','f.mancarella@unicef.it',114,0,4,NULL,NULL,0),(1828,'Alma Richards','almarichards@mailfoundery.com',115,0,5,NULL,NULL,0),(1829,'Sayed Waseem Iqbal','Sayedwasiem@live.com',116,0,9,NULL,NULL,0),(1830,'DINA DEL TOSTO','dina.deltosto@comune.laquila.it',117,0,6,NULL,NULL,0),(1831,'Nicola Zanca','sindaco@comune.gaiba.ro.it',118,0,6,NULL,NULL,0),(1832,'S. Nardicchia','simone.nardicchia@comune.milano.it',119,0,6,NULL,NULL,0),(1833,'Catello Lambiase','catello.lambiase@gmail.com',120,0,6,NULL,NULL,0),(1834,'Jose  Franco ','Francojj@gmail.com',121,0,4,NULL,NULL,0),(1835,'Alexis Lozano','alexis.lozano@ulpgc.es',122,0,6,NULL,NULL,0),(1836,'Alexis Lozano','alozano@energiagrancanaria.com',122,0,6,NULL,NULL,0),(1837,'marcella ','marcella_bertacchi@regione.lombardia.it',123,0,6,NULL,NULL,0),(1838,'milvia rastrelli','milvia.rastrelli@lemilleeunanotte.coop',124,0,5,NULL,NULL,1),(1839,'Stefania Romano','stefania.romano@un.org',125,0,6,NULL,NULL,0),(1840,'Kejt Dhrami','kejt_dhrami@co-plan.org',126,0,4,NULL,NULL,1),(1841,'Daniel Carr','daniel_carr@corkcity.ie',127,0,8,NULL,NULL,1),(1842,'Ana Lucia Jaramillo','a.jaramillo@corvers.com',128,0,7,NULL,NULL,0),(1843,'LAURA BARDI','laura.bardi@crea.gov.it',129,0,9,NULL,NULL,0),(1844,'Stanislao Esposito','stanislao.esposito@crea.gov.it',129,0,9,NULL,NULL,0),(1845,'ELISABETTA MUSSO','elisabetta.musso@crea.gov.it',129,0,5,NULL,NULL,0),(1846,'Jose  Segarra Murria ','jsegarra@heliotec.es',130,0,4,NULL,NULL,0),(1847,'Melita Perec Tadi','melita.percec.tadic@cirus.dhz.hr',131,0,6,NULL,NULL,1),(1848,'raymond saner','saner@csend.org',132,0,4,NULL,NULL,0),(1849,'lichia saner-yiu','yiu@csend.org',132,0,4,NULL,NULL,0),(1850,'Kanchan Kargwal','kanchankargwal01@gmail.com',133,0,9,NULL,NULL,0),(1851,'Yannis Markonis','markonis@fzp.czu.cz',134,0,9,NULL,NULL,0),(1852,'Mark Payne','mapa@dmi.dk',135,0,6,NULL,NULL,1),(1853,'Luigi Selmi','luigiselmi@gmail.com',136,0,7,NULL,NULL,0),(1854,'nicoletta pillon','nicoletta.pillon@dbagroup.it',137,0,7,NULL,NULL,0),(1855,'Firew Bekele','firewbekele97@yahoo.com',138,0,7,NULL,NULL,0),(1856,'Luigia Ripani','luigia.ripani@deepki.com',139,0,9,NULL,NULL,0),(1857,'Virginia Vona','vvona@deloitte.it',140,0,7,NULL,NULL,0),(1858,'Mattia Betteo','mbetteo@deloitte.it',141,0,7,NULL,NULL,0),(1859,'Frederiek Sperna Weiland','frederiek.sperna@deltares.nl',142,0,6,NULL,NULL,1),(1860,'mit Taner','tanerumit@gmail.com',142,0,9,NULL,NULL,0),(1861,'Daniel Peregrina','daniel.peregrinagonzalez@deltares.nl',142,0,9,NULL,NULL,1),(1862,'Joletta de Man','joletta.deman@deltares.nl',669,0,5,NULL,NULL,0),(1863,'Ali Ali','alioxford@yahoo.co.uk',143,0,7,NULL,NULL,0),(1864,'Saskia Buchholz','saskia.buchholz@dwd.de',144,0,5,NULL,NULL,0),(1865,'Stephanie Hnsel','stephanie.haensel@dwd.de',144,0,6,NULL,NULL,0),(1866,'Andreas Walter','andreas.walter3@dwd.de',144,0,8,NULL,NULL,1),(1867,'Barbara Frh','barbara.frueh@dwd.de',144,0,8,NULL,NULL,1),(1868,'Frank Kreienkamp','frank.kreienkamp@dwd.de',144,0,8,NULL,NULL,1),(1869,'Michael Bttinger','boettinger@dkrz.de',145,0,NULL,NULL,NULL,0),(1870,'Dirk Hoffmann','dirk.hoffmann@deval.org',146,0,6,NULL,NULL,0),(1871,'Wafae Badi','wafae.badi@gmail.com',147,0,7,NULL,NULL,0),(1872,'Wiebke Meister','wiebke.meister@din.de',242,0,5,NULL,NULL,0),(1873,'Lina Monitor','lina.monitor@din.de',242,1,NULL,NULL,NULL,0),(1874,'Joo Daniel Gomes Lus','jdaniel.ag.luis@madeira.gov.pt',148,0,6,NULL,NULL,0),(1875,'Berna Yigit','berna.yigit@iklim.gov',149,0,6,NULL,NULL,0),(1876,'evgenia Tsianou','Arada@dissco.ch',150,0,5,NULL,NULL,0),(1877,'Stephan Kindermann','kindermann@dkrz.de',145,1,5,NULL,NULL,0),(1878,'Fanny Adloff','adloff@dkrz.de',145,0,9,NULL,NULL,0),(1879,'Martina Stockhause ','stockhause@dkrz.de',145,1,NULL,NULL,NULL,0),(1880,'Asun Lera St.Clair','asun.lerastclair@bsc.es',55,1,NULL,NULL,NULL,0),(1881,'Christian Andersson','christian.andersson@dnv.com',533,0,7,NULL,NULL,0),(1882,'Edwin Aalders','edwin.aalders@dnv.com',533,1,NULL,NULL,NULL,0),(1883,'edwin aalders','edwin.aalders@dnv.ocm',533,0,7,NULL,NULL,0),(1884,'Luigi Operato','luigi.operato@dnv.com',533,0,5,NULL,NULL,0),(1885,'Andreas Hafver','andreas.hafver@dnv.com',533,0,7,NULL,NULL,0),(1886,'Eelco Kruizinga','eelco.kruizinga@dnv.com',533,1,NULL,NULL,NULL,0),(1887,'ivin Aarnes','oivin.aarnes@dnv.com',533,0,7,NULL,NULL,0),(1888,'Asun Lera St.Clair','asun.lera.st.clair@dnv.com',533,1,NULL,NULL,NULL,0),(1889,'Siegfried Eisinger','Siegfried.Eisinger@dnv.com',533,1,NULL,NULL,NULL,0),(1890,'Barbara Scarnato','barbara.scarnato@dnv.com',533,0,NULL,NULL,NULL,0),(1891,'Nena ili','nena.silic@door.hr',151,0,4,NULL,NULL,0),(1892,'ingrid hartmann','ingrid.hartmann@posteo.de',152,0,9,NULL,NULL,0),(1893,'Karyn Morrisey','kamorr@dtu.dk',520,1,NULL,NULL,NULL,0),(1894,'Kirsten Halsnaes ','khal@dtu.dk',520,1,NULL,NULL,NULL,0),(1895,'Tatiana Ferrari','tatikol@dtu.dk',520,1,NULL,NULL,NULL,0),(1896,'Romee Prijden','r.prijden@dgbc.nl',153,0,4,NULL,NULL,0),(1897,'PANAGIOTA KERAMEA','kerameapanagiota@gmail.com',154,0,9,NULL,NULL,0),(1898,'Christopher Oligschlger','christopher.oligschlaeger@earsc.org',155,0,4,NULL,NULL,0),(1899,'Fabio Dalan','fabio.dalan@ec.europa.eu',156,0,6,NULL,NULL,0),(1900,'Katarzyna Drabicka','katarzyna.drabicka@ec.europa.eu',156,0,6,NULL,NULL,0),(1901,'Erwin Goor','erwin.goor@ec.europa.eu',156,0,6,NULL,NULL,0),(1902,'Erwin Goor','erwin.goor@telenet.be',156,0,6,NULL,NULL,0),(1903,'Alexandru Dandocsi','alexandru-marius.dandocsi@ec.europa.eu',156,0,6,NULL,NULL,0),(1904,'Chiara Cagnazzo','Chiara.Cagnazzo@ecmwf.int',192,0,9,NULL,NULL,0),(1905,'Francesca Fusco','francesca.fusco@ecmwf.int',192,0,6,NULL,NULL,0),(1906,'Karen O\'Regan','karen.oregan@ecmwf.int',192,0,5,NULL,NULL,0),(1907,'Milana Vuckovic','milana.vuckovic@ecmwf.int',192,0,6,NULL,NULL,0),(1908,'Andre Obregon','andre.obregon@ecmwf.int',192,1,NULL,NULL,NULL,0),(1909,'Charalampos Karvelis','charalampos.karvelis@ecmwf.int',192,0,6,NULL,NULL,0),(1910,'Christopher Goddard','christopher.goddard@ecmwf.int',192,0,9,NULL,NULL,0),(1911,'CRISTINA LUGLI','c.lugli@ecolstudio.com',157,0,7,NULL,NULL,0),(1912,'Nico Stelljes','nico.stelljes@ecologic.eu',158,1,NULL,NULL,NULL,0),(1913,'Chiara Mazzetti','chiara.mazzetti@ecologic.eu',158,0,9,NULL,NULL,0),(1914,'Jenny Trltzsch','jenny.troeltzsch@ecologic.eu',158,0,9,NULL,NULL,1),(1915,'Grit Martinez','grit.martinez@ecologic.eu',158,1,NULL,NULL,NULL,0),(1916,'Bernard Lutete Di Lutete','savetheclimat@gmail.com',159,0,4,NULL,NULL,1),(1917,'Sissi Knispel de Acosta','sissi.knispel@ecra-climate.eu',160,0,9,NULL,NULL,0),(1918,'Anna Verones','anna.verones@ecsa.ngo',161,0,4,NULL,NULL,0),(1919,'CHARIKLEIA MANARA','claire.alonia@yahoo.gr',162,0,9,NULL,NULL,1),(1920,'Julie Berckmans','julie.berckmans@eea.europa.eu',163,0,6,NULL,NULL,0),(1921,'Lucy  Gregersen','lucy.gregersen@eea.europa.eu',163,0,6,NULL,NULL,0),(1922,'CIGDEM COSKUN HEPCAN','cigdem.coskun.hepcan@ege.edu.tr',188,0,9,NULL,NULL,0),(1923,'Luisa Mazzotta','Luisa.Mazzotta@eiopa.europa.eu',165,0,6,NULL,NULL,0),(1924,'Beatrice Malnati','beatrice.malnati@climate-kic.org',110,0,NULL,NULL,NULL,0),(1925,'Stefka Domuzova','stefka.domuzova@climate-kic.org',110,0,NULL,NULL,NULL,0),(1926,'Thanh Tam Le','thanh-tam.le@climate-kic.org',110,1,NULL,NULL,NULL,0),(1927,'Kevin Ramirez','kevin.ramirez@climate-kic.org',110,1,NULL,NULL,NULL,0),(1928,'Antonia Skarli','antonia.skarli@eleaf.com',167,0,7,NULL,NULL,0),(1929,'Christina Kallimani','christina.kallimani@eleaf.com',167,0,7,NULL,NULL,0),(1930,'Jessica Snoek','jessica.snoek@eleaf.com',167,0,5,NULL,NULL,0),(1931,'Sotirios Soulantikas','sotirios.soulantikas@eleaf.com',167,0,7,NULL,NULL,0),(1932,'Robert  Tucker ','Roberttuc@gmail.com',168,0,7,NULL,NULL,0),(1933,'Ana Rocha','ana.rocha@elo.org',169,0,4,NULL,NULL,0),(1934,'lucia cannellini','lucia.cannellini@regione.emilia-romagna.it',170,0,6,NULL,NULL,0),(1935,'Hauke Schlesier','hauke.schlesier@empa.ch',171,0,9,NULL,NULL,0),(1936,'Marcus Berr','marcus.berr@empa.ch',171,0,9,NULL,NULL,0),(1937,'martina serra','martina.serra@empa.ch',171,0,9,NULL,NULL,0),(1938,'AGOSTINO LETARDI','agostino.letardi@enea.it',172,0,9,NULL,NULL,1),(1939,'Franco Catalano','franco.catalano@enea.it',172,0,9,NULL,NULL,0),(1940,'Luigi Ponti','luigi.ponti@enea.it',172,0,9,NULL,NULL,0),(1941,'Roberta Roberto','roberta.roberto@enea.it',172,0,9,NULL,NULL,0),(1942,'Sandro Calmanti','sandro.calmanti@enea.it',172,0,9,NULL,NULL,0),(1943,'alessandro dell\'aquila','alessandro.dellaquila@enea.it',172,0,9,NULL,NULL,0),(1944,'Luigi Ponti','quartese@gmail.com',172,0,8,NULL,NULL,0),(1945,'francesca marchi','francesca.marchi@enel.com',173,0,7,NULL,NULL,0),(1946,'laura di bernardo','laura.dibernardo@enel.com',173,0,7,NULL,NULL,0),(1947,'Mario Ciancarini','mario.ciancarini@enel.com',173,0,7,NULL,NULL,0),(1948,'Carola Segale','carola.segale@enel.com',173,0,7,NULL,NULL,0),(1949,'Zehra Yakut','zehra.yakut@enexion.de',174,0,5,NULL,NULL,0),(1950,'Laurent Politis ','laurent.politis@engie.com',175,0,7,NULL,NULL,0),(1951,'Annunziata Chiacchiera','annunziata.chiacchiera@env-isa.com',176,0,7,NULL,NULL,0),(1952,'Angela  Ruggiero ','ruggiero.angela@yahoo.ie',177,0,6,NULL,NULL,0),(1953,'Max Griffin','max.griffin@eshrservices.com',178,0,7,NULL,NULL,0),(1954,'Olga Trasuna','olga.trasuna@elmen-eeig.eu',179,0,5,NULL,NULL,0),(1955,'Alessio  Ciullo','alessio.ciullo@usys.ethz.ch',180,0,9,NULL,NULL,0),(1956,'Paola Fiore','paola.fiore@eticambiente.com',181,0,7,NULL,NULL,1),(1957,'Oksana Kysil','Oksana.kysil@eumayors.eu',182,0,6,NULL,NULL,0),(1958,'andrea castellan','andreacastellan55@gmail.com',183,0,4,NULL,NULL,0),(1959,'FAtjona Levani','Levanifatjona@gmail.com',184,0,6,NULL,NULL,0),(1960,'elisa ravazzoli','elisa.ravazzoli@eurac.edu',185,0,9,NULL,NULL,0),(1961,'Kathrin Renner','kathrin.renner@eurac.edu',185,0,9,NULL,NULL,0),(1962,'Marina Presas','marina.presas@eurecat.org',186,0,9,NULL,NULL,0),(1963,'Marta Otero','marta.otero@eurecat.org',186,0,9,NULL,NULL,0),(1964,'Rachel Burbidge','Rachel.burbidge@eurocontrol.int',187,0,6,NULL,NULL,1),(1965,'Paula Lorenzo','4paulalorenzo@gmail.com',188,0,9,NULL,NULL,0),(1966,'Alessio Menini','alessio.menini@cmcc.it',188,0,9,NULL,NULL,0),(1967,'Amal Salhi','amal.salhi@cmcc.it',188,0,9,NULL,NULL,0),(1968,'Angelica  Marengo ','Angelica.marengo@cmcc.it',188,0,9,NULL,NULL,0),(1969,'Silvia Binet','binet.silvia@gmail.com',188,0,9,NULL,NULL,0),(1970,'Caterina Guidi','caterina.guidi@cmcc.it',188,0,9,NULL,NULL,0),(1971,'chiara bidoli','chiara.bidoli@cmcc.it',188,1,9,NULL,NULL,0),(1972,'Clara Beffa','clara.beffa@cmcc.it',188,1,NULL,NULL,NULL,0),(1973,'Demetrio Bova','Demetrio.bova@cmcc.it',188,0,9,NULL,NULL,0),(1974,'Diana Azevedo','diana.azevedo@cmcc.it',188,0,9,NULL,NULL,0),(1975,'Dorotea Iovino','dorotea.iovino@cmcc.it',188,0,5,NULL,NULL,0),(1976,'Elisa Delpiazzo','elisa.delpiazzo@libero.it',188,0,9,NULL,NULL,0),(1977,'Eugenio Sini','eugenio.sini@cmcc.it',188,0,9,NULL,NULL,1),(1978,'Francesco trotta','francesco.trotta@cmcc.it',188,0,9,NULL,NULL,0),(1979,'Gianni Nobile','gianni.nobile@cmcc.it',188,0,5,NULL,NULL,0),(1980,'Giulia Galluccio','giulia.galluccio@cmcc.it ',188,1,NULL,NULL,NULL,0),(1981,'Jeremy Pal','jeremy.pal@cmcc.it',188,0,9,NULL,NULL,0),(1982,'Kasia Fantoni','kasia.fantoni@cmcc.it',188,0,9,NULL,NULL,0),(1983,'Lucia Luperto','lucia.luperto@cmcc.it',188,0,3,NULL,NULL,0),(1984,'Lucia Perugini','lucia.perugini@cmcc.it',188,0,9,NULL,NULL,0),(1985,'Lucia Luperto','lucialuperto@gmail.com',188,0,7,NULL,NULL,0),(1986,'Margaretha Breil','margaretha.breil@cmcc.it',188,0,9,NULL,NULL,0),(1987,'Marta Ellena','marta.ell@hotmail.it',188,0,9,NULL,NULL,0),(1988,'mohamed azhar','mohamed.azhar@cmcc.it',188,0,9,NULL,NULL,0),(1989,'Ottavia Carlon','ottavia.carlon@cmcc.it',188,0,NULL,NULL,NULL,0),(1990,'Pietro Miraglio','pietro.miraglio@cmcc.it',188,0,9,NULL,NULL,0),(1991,'Rebeca Biancardi','rebeca.biancardialeu@cmcc.it',188,0,9,NULL,NULL,0),(1992,'Ronan McAdam','ronan.mcadam@cmcc.it',188,0,9,NULL,NULL,0),(1993,'Ruben David','ruben.david@cmcc.it',188,0,9,NULL,NULL,0),(1994,'Silvia Torresan','silvia.torresan@cmcc.it',188,0,9,NULL,NULL,0),(1995,'Sofia Di Franco','sofia.difranco@eiee.org',188,0,9,NULL,NULL,0),(1996,'Stefania Gottardo','stefania.gottardo@cmcc.it',188,0,9,NULL,NULL,0),(1997,'Agnese Glauda','agnese.glauda@cmcc.it',188,0,9,NULL,NULL,0),(1998,'Andrea Staccione','andrea.staccione@cmcc.it',188,0,9,NULL,NULL,0),(1999,'Anna Pirani','anna.pirani@cmcc.it',188,0,9,NULL,NULL,1),(2000,'Carlo Palma','carlo.palma@cmcc.it',188,0,9,NULL,NULL,0),(2001,'Chiara Calderaro','chiara.calderaro@cmcc.it',188,1,NULL,NULL,NULL,0),(2002,'christian Simeoni','christian.simeoni@cmcc.it',188,0,9,NULL,NULL,0),(2003,'Davide Michielin','davide.michielin@cmcc.it',188,0,3,NULL,NULL,0),(2004,'Domenico Bovienzo','domenico.bovienzo@cmcc.it',188,0,9,NULL,NULL,0),(2005,'elena allegri','elena.allegri@cmcc.it',188,0,9,NULL,NULL,0),(2006,'Elisa Delpiazzo','elisa.delpiazzo@cmcc.it',188,0,9,NULL,NULL,0),(2007,'federica zennaro','federica.zennaro@cmcc.it',188,0,9,NULL,NULL,0),(2008,'Francesca Larosa','francesca.larosa@cmcc.it',188,0,NULL,NULL,NULL,0),(2009,'Giacomo Falchetta','giacomo.falchetta@cmcc.it',188,0,9,NULL,NULL,0),(2010,'Letizia Monteleone','letizia.monteleone@cmcc.it',188,0,9,NULL,NULL,0),(2011,'Marina Menga','marina.menga@cmcc.it',188,0,3,NULL,NULL,0),(2012,'Arianna  Acierno','maybole3.14@gmail.com',188,0,9,NULL,NULL,0),(2013,'Ocane Espin','oceane.espin@cmcc.it',188,0,9,NULL,NULL,0),(2014,'Roberta  Baria','roberta.baria@cmcc.it',188,0,9,NULL,NULL,0),(2015,'Stefano Tibaldi','stefanotib@gmail.com',188,0,5,NULL,NULL,0),(2016,'valentina giannini','valentina.giannini@cmcc.it',188,0,9,NULL,NULL,0),(2017,'Zheng Hou','zheng.hou@cmcc.it',188,0,9,NULL,NULL,0),(2018,'Arianna Acierno','arianna.acierno@cmcc.it',188,1,NULL,NULL,NULL,0),(2019,'Antonio Fabrizio','fabrizio.antonio@cmcc.it',188,1,NULL,NULL,NULL,0),(2020,'Jaroslav Mysiak','jaroslav.mysiak@cmcc.it',188,1,NULL,NULL,NULL,0),(2021,'Mauro Buonocore','mauro.buonocore@cmcc.it',188,0,NULL,NULL,NULL,0),(2022,'Eric Dobrivoje','dleric@cpn.rs',84,1,NULL,NULL,NULL,0),(2023,'Alessandra Mazzai','alessandra.mazzai@cmcc.it',188,0,9,NULL,NULL,0),(2024,'Chiara Trozzo','chiara.trozzo@cmcc.it',188,0,9,NULL,NULL,0),(2025,'Andrea Russo','rast4ndy@gmail.com',188,0,3,NULL,NULL,0),(2026,'Andrea Russo','andrea.russo@cmcc.it',188,0,6,NULL,NULL,0),(2027,'Lorenzo Tarricone','lorenzo.tarricone@cmcc.it',188,0,4,NULL,NULL,0),(2028,'mauro gmail buonocore','buonocoremauro@gmail.com',188,0,5,NULL,NULL,0),(2029,'Diep Nguyen','ngocdiep.nguyen@cmcc.it',188,0,9,NULL,NULL,0),(2030,'Asrat Tekle Asresu','956666@stud.unive.it',188,0,5,NULL,NULL,0),(2031,'Alfredo Reder','alfredo.reder@cmcc.it',188,0,9,NULL,NULL,0),(2032,'Paola Mercogliano ','Paola.mercogliano@cmcc.it',188,0,9,NULL,NULL,0),(2033,'Elisa Filippi','elisa.filippi@euronike.it',189,0,4,NULL,NULL,0),(2034,'Jip Lenssen','jip.lenssen@eurada.org',190,0,4,NULL,NULL,0),(2035,'Jerome Friedrichs','jerome.friedrichs@eurada.org',190,0,4,NULL,NULL,0),(2036,'Andrej Ceglar','andrej.ceglar@ecb.europa.eu',191,0,6,NULL,NULL,0),(2037,'Sebastiano Sanna','sannasebastiano@gmail.com',193,0,9,NULL,NULL,0),(2038,'Sophie Berger','sophie.berger@ec.europa.eu',194,0,6,NULL,NULL,0),(2039,'Alessia Pietrosanti','alessia.pietrosanti@ec.europa.eu',194,0,6,NULL,NULL,1),(2040,'Aldo Treville','aldo.treville@ec.europa.eu',194,0,6,NULL,NULL,1),(2041,'Alessia Pietrosanti','alessia.pietrosanti@gmail.com',194,0,6,NULL,NULL,0),(2042,'Paschalis TZIASTAS','paschalis.tziastas@ec.europa.eu',194,0,6,NULL,NULL,0),(2043,'Christiana Photiadou','christiana.photiadou@eea.europa.eu',195,0,6,NULL,NULL,0),(2044,'Marianne Tychsen','marianne.tychsen@eea.europa.eu',195,0,6,NULL,NULL,0),(2045,'Hans-Martin Fuessel','martin.fuessel@eea.europa.eu',195,0,6,NULL,NULL,0),(2046,'sergio carpano neuschuler','carpanon@eib.org',196,0,6,NULL,NULL,0),(2047,'Maria Falaleeva','falaleeva.mariya@gmail.com',197,0,7,NULL,NULL,0),(2048,'Marika D\'Angelo','marikadangelo94@gmail.com',198,0,4,NULL,NULL,0),(2049,'Pauli Von Gethen','paulliubaoyu@gmail.com',199,0,9,NULL,NULL,0),(2050,'Branko Grisogono','branko.grisogono@gfz.hr',200,0,9,NULL,NULL,0),(2051,'David Nri','David.nri@falck.com',201,0,5,NULL,NULL,0),(2052,'Abigail  Alvarado','abigail.alvarado@fao.org',202,0,5,NULL,NULL,0),(2053,'herve levite','herve.levite@fao.org',202,0,6,NULL,NULL,0),(2054,'Inge Jonckheere','inge.jonckheere@fao.org',202,0,6,NULL,NULL,0),(2055,'Inge Jonckheere','inge.jonckheere@gmail.com',202,0,9,NULL,NULL,0),(2056,'Annamaria Lehoczky','annamaria.lehoczky@fauna-flora.org',203,0,4,NULL,NULL,0),(2057,'Cynthia el-Dash','cdash@arq.up.pt',204,0,5,NULL,NULL,0),(2058,'Cline','up202200061@up.pt',204,0,5,NULL,NULL,0),(2059,'Chiara Leonardi','cleonardi@fbk.eu',205,0,9,NULL,NULL,0),(2060,'Paolo Massa','massa@fbk.eu',205,0,9,NULL,NULL,0),(2061,'fabio catino','fabio.catino@fc21.eu',206,0,7,NULL,NULL,0),(2062,'fabio catino','fabio.catino@fc1.eu',206,0,7,NULL,NULL,0),(2063,'Nadge Seguel','nadege.seguel@fedarene.org',207,0,4,NULL,NULL,0),(2064,'Alice Terpereau','alice.terpereau@feem.it',208,0,9,NULL,NULL,0),(2065,'Irua Euribe','iruaeuribe@gmail.com',209,0,7,NULL,NULL,0),(2066,'Antonio Martins','antonioareosamartins@gmail.com',210,0,9,NULL,NULL,1),(2067,'Carlo Mei','mei@finapptech.com',211,0,7,NULL,NULL,0),(2068,'Andrea Vajda','andrea.vajda@fmi.fi',212,0,9,NULL,NULL,0),(2069,'Mikko Strahlendorff','mikko.strahlendorff@fmi.fi',212,0,6,NULL,NULL,0),(2070,'Miriam Kosmale','miriam.kosmale@fmi.fi',212,0,9,NULL,NULL,0),(2071,'Otto Hyvrinen','otto.hyvarinen@fmi.fi',212,0,9,NULL,NULL,0),(2072,'Carla Maria Di Natale','carla.di.natale@fmi.fi',212,0,9,NULL,NULL,0),(2073,'Hada Ajosenp','hada.ajosenpaa@fmi.fi',212,0,9,NULL,NULL,0),(2074,'Hilppa Gregow','hilppa.gregow@fmi.fi',212,0,4,NULL,NULL,0),(2075,'Theresa Schaber','theresa.schaber@fmi.fi',212,0,7,NULL,NULL,0),(2076,'Vera Chinellato','vera.chinellato@fispmed.org',213,0,4,NULL,NULL,0),(2077,'Filip Lefebre','filip.lefebre@vito.be',214,0,7,NULL,NULL,1),(2078,'Sara Stemberger','sstemberger@fbk.eu',215,0,9,NULL,NULL,0),(2079,'Alessia Torre','atorre@fbk.eu',215,0,9,NULL,NULL,0),(2080,'Alessandro Gretter','alessandro.gretter@fmach.it',216,0,9,NULL,NULL,0),(2081,'GIAN ANTONIO BATTISTEL','gianantonio.battistel@fmach.it',216,0,9,NULL,NULL,1),(2082,'Cristina Lavecchia','c.lavecchia@fondazioneomd.it',217,0,9,NULL,NULL,0),(2083,'Susanna Di Lernia','s.dilernia@fondazioneomd.it',217,0,4,NULL,NULL,0),(2084,'Giuseppe Frustaci','g.frustaci@fondazioneomd.it',217,0,4,NULL,NULL,0),(2085,'Tarub Bahri','tarub.bahri@fao.org',218,0,5,NULL,NULL,0),(2086,'Andrea  Simonati','andrea.simonati@gmail.com',219,0,9,NULL,NULL,0),(2087,'Laura Diez','laura.diez@patrimonionatural.org',220,0,6,NULL,NULL,0),(2088,'Laura Diez','laura1082@gmail.com',220,0,6,NULL,NULL,0),(2089,'Camilla Geier','camilla.geier@zv.fraunhofer.de',221,0,9,NULL,NULL,0),(2090,'Kilian Nickel','kilian.Nickel@iais.fraunhofer.de ',221,1,NULL,NULL,NULL,0),(2091,'Kylie Wood','kylie.wood@iais.fraunhofer.de',221,0,NULL,NULL,NULL,0),(2092,'Frede Cappelen','fredec@broadpark.no',223,0,5,NULL,NULL,0),(2093,'Daniele Dalla Torre','Daniele.dallatorre@unibz.it',224,0,9,NULL,NULL,0),(2094,'Agnese Chittaro','agne.kit@hotmail.it',225,0,9,NULL,NULL,0),(2095,'Agnese Metitieri','agnese.metitieri@gmail.com',225,0,3,NULL,NULL,0),(2096,'Daniele Boscaro','danieleboscaro@yahoo.it',225,0,7,NULL,NULL,0),(2097,'Vjola  Avdiu ','vjola.avdiu@gmail.com',225,0,9,NULL,NULL,0),(2098,'Mira Odic','miraodic@gmail.com',226,0,5,NULL,NULL,0),(2099,'Isadora Jimnez Garca','isadora.jimenez@gmail.com',227,0,7,NULL,NULL,0),(2100,'Natalia RODRIGUEZ','natalia.rodrigueez-ramirez@ofb.gouv.fr',228,0,6,NULL,NULL,0),(2101,'Anna  Colucci','Anna.colucci@fmc-ag.com',229,0,7,NULL,NULL,0),(2102,'Thomas Dworak','thomas.dworak@fresh-thoughts.eu',230,0,7,NULL,NULL,0),(2103,'Nivedita Kurade','niveditakurade@gmail.com',231,0,4,NULL,NULL,1),(2104,'Clara Lattanzio','clara.proyectos@musol.org',232,0,4,NULL,NULL,0),(2105,'Anca Marin','anca.marin@fundingbox.com',233,0,5,NULL,NULL,0),(2106,'Alice Casiraghi','alice@futureurbanliving.com',234,0,7,NULL,NULL,0),(2107,'Melissa Campagno','mcampagno@group-gac.com',235,0,6,NULL,NULL,0),(2108,'Henri Lo','henrimathieulo02@gmail.com',236,0,4,NULL,NULL,0),(2109,'Tiziana  Tamborrini ','Tiziana.tamborrini@gmail.com',237,0,4,NULL,NULL,0),(2110,'Gerard Forde','gerardaforde@galwaycity.ie',238,0,6,NULL,NULL,0),(2111,'Gerard Forde','gerarda.forde@galwaycity.ie',238,0,6,NULL,NULL,0),(2112,'Paolo Mazzoli','paolo.mazzoli@gecosistema.com',239,0,7,NULL,NULL,0),(2113,'stefano bagli','stefano.bagli@gecosistema.com',239,0,3,NULL,NULL,0),(2114,'sonia artuso','sonia.artuso@generali.com',240,0,7,NULL,NULL,0),(2115,'Stefan Kienberger','stefan.kienberger@geopshere.at',241,0,6,NULL,NULL,0),(2116,'Stefan Kienberger','stefan.kienberger@geosphere.at',241,0,6,NULL,NULL,0),(2117,'Mingyi Dr. Wang','m.wang@gdv.de',243,0,4,NULL,NULL,0),(2118,'MONA GHALAYINI','monaghl2022@hotmail.com',244,0,7,NULL,NULL,0),(2119,'Elisabetta Scuri','e.scuri@gruppoitaliaenergia.it',246,0,3,NULL,NULL,0),(2120,'Pablo Borges','pablo.borges@giz.de',247,0,8,NULL,NULL,1),(2121,'Anna  Smetanova ','anna.smetanova@gwpcee.org',248,0,4,NULL,NULL,0),(2122,'vuyyapu venkata satya narayana','vuyyapusatya@gmail.com',249,0,9,NULL,NULL,0),(2123,'Vinod Jena','jenavinod@gmail.com',250,0,9,NULL,NULL,0),(2124,'Lynette Smith','lynsmith@gramma.com.au',251,0,5,NULL,NULL,1),(2125,'Tijana Mianovi','info@greenartincubator.org',252,0,4,NULL,NULL,0),(2126,'Tijana Mianovi','tijanamicanovic11@gmail.com',252,0,4,NULL,NULL,0),(2127,'Kristina Sodomkova','kristina.sodomkova@greenblue.com',253,0,7,NULL,NULL,0),(2128,'Chipo  Muntanga ','chipomuntanga2@gmail.com',254,0,4,NULL,NULL,0),(2129,'Ignacio Navarro','inavarro@greenpeace.org',255,0,4,NULL,NULL,0),(2130,'Denyse Dookie','D.dookie@lse.ac.uk',256,0,9,NULL,NULL,0),(2131,'Nigel Caruana','ncaruana25@gmail.com',256,0,9,NULL,NULL,1),(2132,'Marcello Sano','m.sano@griffith.edu.au',257,0,9,NULL,NULL,0),(2133,'Joseph Essandoh-Yeddu','jeyeddu@hotmail.com',258,0,9,NULL,NULL,0),(2134,'G P','guillaume.pousse@guycarp.com',259,0,7,NULL,NULL,0),(2135,'Javier Marzo','marzo_hjav@gva.es',260,0,6,NULL,NULL,0),(2136,'Grkem Gngr','ggungor@hacettepe.edu.tr',261,0,9,NULL,NULL,0),(2137,'Tsegaye Bekele','bekele57@yahoo.com',262,0,9,NULL,NULL,0),(2138,'Dejene Worku','dworkud@gmail.com',262,0,9,NULL,NULL,0),(2139,'Vlatka Matkovic','vlatka@env-health.org',263,0,4,NULL,NULL,0),(2140,'Nicholas Karatarakis','karatarakis@gmail.com',264,0,5,NULL,NULL,0),(2141,'Narine Piliposyan','piliposyan.narine@mail.ru',265,0,9,NULL,NULL,0),(2142,'Qristine Margaryan','qristine.margaryan.96@mail.ru',265,0,9,NULL,NULL,0),(2143,'Anna Mamara','annamamara@yahoo.gr',266,0,5,NULL,NULL,0),(2144,'Georgios Xexakis','gxexakis@holisticsa.gr',267,0,9,NULL,NULL,0),(2145,'Dharm Kapletia','dharm.kapletia@horizonnua.eu',268,0,9,NULL,NULL,0),(2146,'Seyed Salam','salam.hosaini@yahoo.com',269,0,5,NULL,NULL,0),(2147,'Diego Fdez-Sevilla','d.fdezsevilla@gmail.com',270,0,9,NULL,NULL,1),(2148,'Haykuhi Azizyan','haykuhiazizyan1@gmail.com',271,0,9,NULL,NULL,0),(2149,'Khatuna Kokosadze','kokosadze.k@gmail.com',272,0,9,NULL,NULL,0),(2150,'Anush Lokyan','anush.loqyan@gmail.com',273,0,6,NULL,NULL,0),(2151,'Andrea Chini','andrea.chini@hypermeteo.com',274,0,7,NULL,NULL,0),(2152,'ANTONELLA PICCHIO','antonella.picchio@unimore.it',275,0,9,NULL,NULL,0),(2153,'Marisa Alvarado Diaz','ladi@iberdrola.es',276,0,7,NULL,NULL,0),(2154,'Elena Lopez Gunn','Elopezgunn@icatalist.eu',277,0,7,NULL,NULL,1),(2155,'Paloma Santos','psantos@icatalist.eu',277,0,5,NULL,NULL,0),(2156,'Tommaso Bassetti','tommasobst@gmail.com',277,0,7,NULL,NULL,0),(2157,'Gloria Salmoral gsalmoral@icatalist.eu','gsalmoral@icatalist.eu',277,0,7,NULL,NULL,1),(2158,'Manuel Bea','mbea@icatalist.eu',278,0,7,NULL,NULL,0),(2159,'Michael  Waters','michael.waters@icem.com.au',279,0,9,NULL,NULL,0),(2160,'Laura Pirazan-Palomar','laura.pirazan-palomar@iclei.org',280,0,4,NULL,NULL,0),(2161,'Vitor Teixeira','vmteixeira@gmail.com',281,0,7,NULL,NULL,0),(2162,'Innocent OMBENI','icpedhasbl@gmail.com',282,0,4,NULL,NULL,0),(2163,'Andrea Pistillo','apistillo@idiapjgol.org',283,0,9,NULL,NULL,0),(2164,'Agastin  Baulraj','agastinb@gmail.com',284,0,4,NULL,NULL,0),(2165,'Indriany Lionggo','Indri@ieecp.org',285,0,9,NULL,NULL,0),(2166,'Siaka DEMBELE','siaka.bioscience@gmail.com',286,0,9,NULL,NULL,0),(2167,'Sumiran Rastogi','s.rastogi@un-ihe.org',287,0,9,NULL,NULL,1),(2168,'Tim Foreman','foreman@iiasa.ac.at',288,0,9,NULL,NULL,0),(2169,'Junghee Hyun','hyun@iiasa.ac.at',288,0,9,NULL,NULL,1),(2170,'Oscar Higuera','oscar-higuera@outlook.com',288,0,9,NULL,NULL,0),(2171,'Michaela Bachmann','bachmann@iiasa.ac.at',288,0,9,NULL,NULL,0),(2172,'Durlave Roy','kdr2021@gmail.com',297,0,5,NULL,NULL,0),(2173,'Manfredi Vale','m.vale@eambientegroup.com',290,0,7,NULL,NULL,0),(2174,'Reenzo Bassani','bassani.architetti@gmail.com',291,0,9,NULL,NULL,0),(2175,'Laura Bottino','laura.bottino@gmail.com',292,0,9,NULL,NULL,0),(2176,'Abhishek  Anand ','abhipat.13@gmail.com',293,0,9,NULL,NULL,0),(2177,'Ilaria Dal Pio Luogo','ilaria.dalpioluogo@informest.it',294,0,5,NULL,NULL,0),(2178,'Lia Gover','lia.gover@informest.it',294,0,6,NULL,NULL,0),(2179,'Herbert Kasiita','kasiitacollin@gmail.com',295,0,7,NULL,NULL,0),(2180,'Daniele Melini','daniele.melini@ingv.it',296,0,9,NULL,NULL,0),(2181,'Joo Mendes','instituteforanthropocenestudies@protonmail.com',298,0,4,NULL,NULL,0),(2182,'Vivian DEPOUES','vivian.depoues@i4ce.org',299,0,4,NULL,NULL,1),(2183,'Ramona Magno','ramona.magno@cnr.it',300,0,9,NULL,NULL,1),(2184,'Mirjana','mirjana.ivanov@meteo.co.me',301,0,5,NULL,NULL,0),(2185,'Priyabrata  Mukherjee ','priyorose@gmail.com',413,0,4,NULL,NULL,0),(2186,'Sylvie Joussaume','sylvie.joussaume@lsce.ipsl.fr',303,0,8,NULL,NULL,1),(2187,'Orlando Mendes','orlandomendes75@gmail.com',304,0,9,NULL,NULL,0),(2188,'Candida Parlato','Candi.parlato@gmail.com',305,0,6,NULL,NULL,0),(2189,'Rocco Logozzo','rocco.logozzo@intecs.it',306,0,7,NULL,NULL,0),(2190,'Mohit Kumar','mohit6kumar@gmail.com',307,0,4,NULL,NULL,0),(2191,'Bozhil Kondev','bozhil.kondev@gmail.com',308,0,7,NULL,NULL,1),(2192,'Alberto Fresolone','fresolone@iiasa.ac.at',309,0,9,NULL,NULL,0),(2193,'Maria Amata Garito','segreteria.rettore@uninettunouniversity.net',310,0,9,NULL,NULL,0),(2194,'Elisa Cal','elisa.calo@ipres.it',311,0,6,NULL,NULL,0),(2195,'Kourosh  Mohammadpour ','Dr.kourosh_mohammadpour@yahoo.com',312,0,9,NULL,NULL,0),(2196,'Mohammadreza Salari Fanoodi','mrcsalari@gmail.com',312,0,5,NULL,NULL,0),(2197,'Ahad','vazife@gmail.com',312,0,5,NULL,NULL,0),(2198,'Masoume Norouzi','masoumn@gmail.com',312,0,5,NULL,NULL,0),(2199,'Carmen Gonzalez Romero','carmenglezr@gmail.com',313,0,9,NULL,NULL,0),(2200,'Dimitris Bliziotis','dimitris.bliziotis@iccs.gr',314,0,9,NULL,NULL,1),(2201,'Bozhil Kondev','bk@sustainablefinance.bg',315,0,7,NULL,NULL,1),(2202,'Daniela Maria Geraci','geracidaniela@yahoo.it',316,0,6,NULL,NULL,0),(2203,'antonio denaro','a.denaro@ismea.it',317,0,6,NULL,NULL,0),(2204,'antonio denaro','antoniodenaro68@gmail.com',317,0,5,NULL,NULL,0),(2205,'Laura Rosatelli','l.rosatelli@ismea.it',317,0,6,NULL,NULL,0),(2206,'Aurora Troccoli','aurora.troccoli@libero.it',318,0,9,NULL,NULL,0),(2207,'Elena Giusta','elena.giusta@isprambiente.it',318,0,9,NULL,NULL,0),(2208,'Elisabetta De Maio','elisabetta.demaio@isprambiente.it',318,0,6,NULL,NULL,0),(2209,'Francesca Giordano','francesca.giordano@isprambiente.it',318,0,6,NULL,NULL,0),(2210,'Paola Fantilli','Paola.fantilli@isprambiente.it',318,0,9,NULL,NULL,0),(2211,'Federica Tommasi','federica.tommasi@iss.it',319,0,9,NULL,NULL,0),(2212,'Isabel  Loupa Ramos ','Isabe.ramos@tecnico.ulisboa.pt',320,0,9,NULL,NULL,0),(2213,'Marina Locritani','marina.locritani@ingv.it',321,0,9,NULL,NULL,0),(2214,'CLAUDIO TINTI','claudio.tinti1@posta.istruzione.it',322,0,6,NULL,NULL,0),(2215,'Massimiliano Granceri','mgranceri@iuav.it',323,0,9,NULL,NULL,0),(2216,'Stefania Tonin','tonin@iuav.it',324,0,9,NULL,NULL,0),(2217,'Mohammad Mehdi Bateni','mehdi.bateni@iusspavia.it',325,0,9,NULL,NULL,0),(2218,'Laura Massano','laura.massano@iusspavia.it',325,0,9,NULL,NULL,0),(2219,'Viola','viola.ditullio@iusspavia.it',325,0,5,NULL,NULL,0),(2220,'marcello arosio','marcello.arosio@iusspavia.it',325,0,9,NULL,NULL,1),(2221,'Mike Abate ','mabate@fieldoperations.net',326,0,5,NULL,NULL,0),(2222,'Toshio Yamagata','yamagata@jamstec.go.jp',327,0,9,NULL,NULL,0),(2223,'stevemaslen JBA Consulting','steve.maslen@jbaconsulting.com',328,0,7,NULL,NULL,0),(2224,'Emma Raven','emma.raven@jbarisk.com',329,0,7,NULL,NULL,0),(2225,'Judith Ellison','judith.ellison@jbarisk.com',329,0,7,NULL,NULL,0),(2226,'Lauren Hart','lauren.hart@jbarisk.com',329,0,7,NULL,NULL,0),(2227,'Paul Maisey','paul.maisey@jbarisk.com',329,0,7,NULL,NULL,0),(2228,'Paul Young','paul.young@jbarisk.com',329,0,7,NULL,NULL,0),(2229,'giacomo grassi','giacomo.grassi@ec.europa.eu',330,0,6,NULL,NULL,0),(2230,'Petra Manderscheid','petra.manderscheid@jpi-climate.belspo.be',331,0,5,NULL,NULL,1),(2231,'ilaria gliottone','ilaria.gliottone@ext.ec.europa.eu',332,0,5,NULL,NULL,0),(2232,'Luca Caporaso','luca.caporaso@ec.europa.eu',332,0,9,NULL,NULL,0),(2233,'Luca Caporaso','lucap1979@gmail.com',332,0,9,NULL,NULL,0),(2234,'Mehry Akbary','mehryakbary@gmail.com',333,0,5,NULL,NULL,0),(2235,'cecilia colombo','cecilia.colombo@kilowatt.bo.it',334,0,5,NULL,NULL,0),(2236,'Carine Homan','carine.homan@knmi.nl',468,0,9,NULL,NULL,0),(2237,'Alessandro Spinuso','alessandro.spinuso@knmi.nl',468,1,NULL,NULL,NULL,0),(2238,'Alessandro Spinuso','spinuso@knmi.nl',468,0,6,NULL,NULL,0),(2239,'Kai-Ti Wu','hello@kaitiwu.de',335,0,7,NULL,NULL,0),(2240,'Karolina Baron','karolina.baron@metropoliakrakowska.pl',336,0,5,NULL,NULL,0),(2241,'Haunani Kalama','hhkalama@gmail.com',337,0,4,NULL,NULL,0),(2242,'Alla Kudia','alla.kudina@kurzemesregions.lv',338,0,6,NULL,NULL,0),(2243,'Carla Schulte-Fischedick','lakunabi@posteo.de',339,0,4,NULL,NULL,0),(2244,'Clement Dehondt','clement.dehondt@lsce.ipsl.fr',340,0,9,NULL,NULL,1),(2245,'Lennard Ann','info@lassannschreiben.de',341,0,7,NULL,NULL,0),(2246,'Florence Eicher','florence_eicher@hotmail.com',342,0,7,NULL,NULL,0),(2247,'Pascale Elbared','pascalelbared@gmail.com',343,0,9,NULL,NULL,0),(2248,'Ina Rust','i.rust@ish.uni-hannover.de',344,0,9,NULL,NULL,0),(2249,'Gianni Nardone','gianni.nardone@lgi.earth',345,1,NULL,NULL,NULL,0),(2250,'Adola Jaiyeola','adeola.jaiyeola@lgi.earth',345,1,NULL,NULL,NULL,0),(2251,'Anwar Benkerta','benkerta.anwar@lgi.earth',345,0,5,NULL,NULL,0),(2252,'Imad Audi','imad.audi@lgi.earth',345,1,5,NULL,NULL,0),(2253,'Anwar Benkerta','anwar.benkerta@lgi.earth',345,1,NULL,NULL,NULL,0),(2254,'Lisa Benes','lisa.benes@lgi.earth',345,1,NULL,NULL,NULL,0),(2255,'Vincent Chauvet','vincent.chauvet@lgi.earth',345,0,7,NULL,NULL,1),(2256,'Alberto Cecere','cecere1957@gmail.com',346,0,7,NULL,NULL,0),(2257,'Georgios Siokas','george.siokas@libramli.ai',347,0,7,NULL,NULL,0),(2258,'Simone Candido','simocan006@gmail.com',348,0,9,NULL,NULL,0),(2259,'Federico Oldani','federico.oldani@gmail.com',349,0,9,NULL,NULL,0),(2260,'Rui Mendes','ruimendes@lisboaenova.org',350,0,4,NULL,NULL,0),(2261,'Serhii Nazarenko','serhii.nazarenko@lei.lt',351,0,9,NULL,NULL,0),(2262,'Per Skougaard Kaspersen','per@lnhwater.dk',352,0,7,NULL,NULL,0),(2263,'Jorge Calvin','Jorge.calvin@lobelia.earth',353,0,7,NULL,NULL,0),(2264,'Isadora Jimnez','isadora.jimenez@lobelia.earth',353,0,7,NULL,NULL,0),(2265,'Thas Fontenelle','thais.fontenelle@lobelia.earth',353,0,7,NULL,NULL,0),(2266,'Isadora Jimnez Lobelia Earth','isadora@lobelia.earth',353,0,5,NULL,NULL,0),(2267,'David Stainforth','d.a.stainforth@lse.ac.uk',354,0,9,NULL,NULL,1),(2268,'Malek Al Jebaie','malek.aljebaie@mespom.eu',355,0,9,NULL,NULL,0),(2269,'Martina Angela Caretta','martina_angela.caretta@keg.lu.se',355,0,9,NULL,NULL,0),(2270,'Chuansi Gao','chuansi.gao@design.lth.se',355,0,9,NULL,NULL,1),(2271,'Matteo  Trevisan','communication@macromicro.it',356,0,4,NULL,NULL,0),(2272,'alemayehu abate','aabate50@gmail.com',357,0,9,NULL,NULL,0),(2273,'Kei Patrick','kpatrick@careandrepair-manchester.org.uk',358,0,8,NULL,NULL,1),(2274,'Jennifer Tibay','jtibay@observatory.ph',359,0,5,NULL,NULL,0),(2275,'Gaia Galassi','gaia.galassi@regione.marche.it',360,0,6,NULL,NULL,0),(2276,'Lidia Diana Nechita','lidiadiana.nechita@gmail.com',362,0,7,NULL,NULL,0),(2277,'Holger Pohlmann','holger.pohlmann@mpimet.mpg.de',363,0,9,NULL,NULL,0),(2278,'Yuting Wu','yuting.wu@mpimet.mpg.de',363,0,9,NULL,NULL,0),(2279,'Ewa Szulc','e.szulc@mae.com.pl',364,0,5,NULL,NULL,0),(2280,'vera moutinho','verapmoutinho@gmail.com',365,0,3,NULL,NULL,0),(2281,'maria grigroatou','mgrigoratou@mercator-ocean.fr',366,0,4,NULL,NULL,0),(2282,'Catriona Duffy','catriona.duffy@met.ie',367,0,5,NULL,NULL,0),(2283,'Claire Scannell','claire.scannell@met.ie',367,0,6,NULL,NULL,0),(2284,'Jordan Delmar','jordan.delmar@met.ie',367,0,6,NULL,NULL,1),(2285,'Senie Griffin','seanie.griffin@met.ie',367,0,5,NULL,NULL,0),(2286,'Keith Lambkin','keith.lambkin@met.ie',367,0,6,NULL,NULL,1),(2287,'Sandra Spillane','sandra.spillane@met.ie',367,0,9,NULL,NULL,0),(2288,'Anna Hulda lafsdttir','annaol@vedur.is',368,0,8,NULL,NULL,1),(2289,'Alexander Askew','alexander.askew@metoffice.gov.uk',368,0,6,NULL,NULL,0),(2290,'Emma Dyer','emma.dyer@metoffice.gov.uk',368,0,6,NULL,NULL,0),(2291,'Erika Palin','erika.palin@metoffice.gov.uk',368,0,6,NULL,NULL,0),(2292,'Freya Garry','freyagarry@googlemail.com',368,0,9,NULL,NULL,0),(2293,'Laura Burgin','laura.burgin@metoffice.gov.uk',368,0,9,NULL,NULL,0),(2294,'Michael Szczepanski','michael.szczepanski@metoffice.gov.uk',368,0,6,NULL,NULL,0),(2295,'Neha Mittal','neha.mittal@metoffice.gov.uk',368,0,5,NULL,NULL,0),(2296,'Sarah Bull','sarah.bull@metoffice.gov.uk',368,0,6,NULL,NULL,0),(2297,'Amy Waterson','amy.waterson@metoffice.gov.uk',368,0,6,NULL,NULL,1),(2298,'Daisy Harley-Nyang','daisy.harleynyang@metoffice.gov.uk',368,0,5,NULL,NULL,0),(2299,'Nicola Golding','nicola.golding@metoffice.gov.uk',368,1,NULL,NULL,NULL,0),(2300,'Pete Falloon','pete.falloon@metoffice.gov.uk',368,0,9,NULL,NULL,1),(2301,'Rose Willoughby','rose.willoughby@metoffice.gov.uk',368,0,6,NULL,NULL,1),(2302,'Tyrone Dunbar','tyrone.dunbar@metoffice.gov.uk',368,0,9,NULL,NULL,1),(2303,'Citlali Solis','citlali.solissalas@metoffice.gov.uk',368,0,8,NULL,NULL,1),(2304,'Francesca Eggleton','francesca.eggleton@metoffice.gov.uk',368,0,8,NULL,NULL,1),(2305,'Victoria Ramsey','victoria.ramsey@metoffice.gov.uk',368,0,8,NULL,NULL,1),(2306,'James Pope','james.pope@metoffice.gov.uk',368,0,8,NULL,NULL,1),(2307,'Albert Klein Tank','albert.klein.tank@metoffice.gov.uk',368,0,8,NULL,NULL,1),(2308,'Rosie Oakes','rosie.oakes@metoffice.gov.uk',368,0,8,NULL,NULL,0),(2309,'Jennifer Weeks','jennifer.weeks@metoffice.gov.uk',368,0,8,NULL,NULL,0),(2310,'Freya Garry','freya.garry@metoffice.gov.uk',368,0,6,NULL,NULL,0),(2311,'Rebecca Osborne','rebecca.osborne@metoffice.gov.uk',368,0,9,NULL,NULL,0),(2312,'Stacey New','stacey.new@metoffice.gov.uk',368,1,NULL,NULL,'United Kingdom',0),(2313,'Joseph Daron','joseph.daron@metoffice.gov.uk',368,0,8,NULL,NULL,1),(2314,'Nicola Golding','nicgolding@hotmail.co.uk',368,0,9,NULL,NULL,0),(2315,'Paula Newton','paula.newton@metoffice.gov.uk',368,1,NULL,NULL,NULL,0),(2316,'Theodora Matthiasdottir','theodorama@vedur.is',368,0,8,NULL,NULL,1),(2317,'Oriol Palom','opalom@meteosim.com',370,0,6,NULL,NULL,0),(2318,'Dr Brij Bhushan','brij56@gmail.com',371,0,9,NULL,NULL,0),(2319,'Cyril T. F. Murewi','murewic@gmail.com',372,0,9,NULL,NULL,0),(2320,'Emre ozdemir','emre.ozdmr66@gmail.com',373,0,9,NULL,NULL,0),(2321,'eljko imek','zeljko.simek@mingor.hr',374,0,5,NULL,NULL,0),(2322,'NYAKALLO REJOICE MOLISE','nyakallorejoicem@yahoo.com',375,0,9,NULL,NULL,0),(2323,'Ruwan Gamage','rntgamage7@gmail.com',376,0,6,NULL,NULL,0),(2324,'Boubacar Hassane Oumarou','hassaneboubacar2000@yahoo.fr',376,0,6,NULL,NULL,0),(2325,'Azhan Hasan','azhanhsn1602@gmail.com',377,0,6,NULL,NULL,0),(2326,'marianna ronchini','ronchini.marianna@mase.gov.it',378,0,6,NULL,NULL,0),(2327,'Admir Softic','admir.softic@mvteo.gov.ba',379,0,6,NULL,NULL,0),(2328,'Haris Paliogiannis','paliogiannis@mio-ecsde.org',381,0,4,NULL,NULL,0),(2329,'Michemberg Conti Ximena','ximena.michembergconti@ricardo.com',382,0,5,NULL,NULL,0),(2330,'Eleftheria Exarchou','eleftheria.exarchou@gmail.com',383,0,7,NULL,NULL,0),(2331,'Luis Sousa','luis.sousa@mitigasolutions.com',383,0,7,NULL,NULL,0),(2332,'Annija Danenberga','annija.danenbegra@varam.gov.lv',384,0,6,NULL,NULL,0),(2333,'Cherise Harris','cherise.harris@msunduzi.gov.za',385,0,6,NULL,NULL,0),(2334,'Gabriel von Mller','gabriel.vonmueller@mbbm-cert.com',386,0,7,NULL,NULL,0),(2335,'Andreia  Mafra','andreiamafra@famalicao.pt',387,0,6,NULL,NULL,0),(2336,'Andreia  Mafra ','andreiarmafra@gmail.com',388,0,6,NULL,NULL,0),(2337,'Alessandro Capati','alessandro.capati@gmail.com',389,0,5,NULL,NULL,0),(2338,'FESTO MWANDENENE','mwandenee@gmail.com',390,0,4,NULL,NULL,0),(2339,'jiping xie','jiping.xie@nersc.no',391,0,9,NULL,NULL,0),(2340,'paul de silentio','info-center@hq.nasa.gov',392,0,9,NULL,NULL,0),(2341,'Zornitsa Spasova','z.spassova@ncpha.government.bg',393,0,9,NULL,NULL,0),(2342,'Georgia Panagopoulou','g.panagopoulou@necca.gov.gr',394,0,9,NULL,NULL,0),(2343,'Refka Zouaoui','Refkazouaoui19@gmail.com',395,0,9,NULL,NULL,0),(2344,'Meriem Mergheni','may.mergheni@yahoo.fr',395,0,9,NULL,NULL,0),(2345,'MOHAMMAD ANASH','2021pgcewr07@nitjsr.ac.in',396,0,9,NULL,NULL,0),(2346,'Hanene Mairech','mairech.hanene@gmail.com',397,0,6,NULL,NULL,1),(2347,'Rabeb Selmi','rabeb.selmi@meteo.tn',398,0,6,NULL,NULL,0),(2348,'Vlad Falcescu','falcescu.vladstefan@gmail.com',399,0,9,NULL,NULL,0),(2349,'Micu Dana','micudanamagdalena@gmail.com',399,0,9,NULL,NULL,0),(2350,'Girima Tona','girima01@yahoo.co.uk',400,0,5,NULL,NULL,0),(2351,'CHRISTOS GIANNAKOPOULOS','cgiannak@noa.gr',401,0,9,NULL,NULL,1),(2352,'Gianna Kitsara','gkitsara@noa.gr',401,0,9,NULL,NULL,0),(2353,'Lilia  Taranu','tsaranu.lilia@gmail.com',402,0,6,NULL,NULL,0),(2354,'Chiara Lapucci','chiara.lapucci@cnr.it',403,0,9,NULL,NULL,0),(2355,'Alessandra Conversi','a.conversi@ismar.cnr.it',404,0,9,NULL,NULL,0),(2356,'Marina Baldi','marina.baldi@cnr.it',404,0,9,NULL,NULL,0),(2357,'Roberto Nebuloni','roberto.nebuloni@ieiit.cnr.it',404,0,9,NULL,NULL,0),(2358,'TIZIANA DE FILIPPIS','tiziana.defilippis@ibe.cnr.it',404,0,9,NULL,NULL,0),(2359,'Massimiliano Pasqui','massimiliano.pasqui@ibe.cnr.it',404,0,9,NULL,NULL,0),(2360,'Elena Rapisardi','e.rapisardi@gmail.com',404,0,9,NULL,NULL,0),(2361,'Agatino Nicita','tinonici22@gmail.com',404,0,9,NULL,NULL,0),(2362,'Carmelina Cosmi','carmelina.cosmi@imaa.cnr.it',404,0,9,NULL,NULL,0),(2363,'Emanuele Bhm','emanuele.bohm@cnr.it',404,0,9,NULL,NULL,0),(2364,'Julie Jebeile','julie.jebeile@umr-cnrm.fr',404,0,9,NULL,NULL,0),(2365,'Fabio Madonna','fabio.madonna@imaa.cnr.it',404,0,9,NULL,NULL,1),(2366,'Wan-Ling Tseng','ioloi1128@gmail.com',405,0,9,NULL,NULL,0),(2367,'Tadej Stepisnik Perdih','tadej.stepisnik@gmail.com',406,0,9,NULL,NULL,0),(2368,'Javier Urbina-Soria','jaurso@gmail.com',407,0,9,NULL,NULL,0),(2369,'Shirley Thompson','s.thompson@umanitoba.ca',408,0,9,NULL,NULL,0),(2370,'Hazel Jeffery','hazel.jeffery@metoffice.gov.uk',409,0,9,NULL,NULL,1),(2371,'Thanasis Sfetsos','ts@ipta.demokritos.gr',410,0,9,NULL,NULL,0),(2372,'Iryna Usava','iryna.usava@gmail.com',411,0,4,NULL,NULL,0),(2373,'Natallia Andreyenka','anatallia@gmail.com',412,0,4,NULL,NULL,0),(2374,'PETRESCU LAURA ELENA','laura-elena.petrescu@s.unibuc.ro',414,0,9,NULL,NULL,0),(2375,'Roger Pulwarty','roger.pulwarty@noaa.gov',415,0,9,NULL,NULL,0),(2376,'Christina Lief','christina.lief@gmail.com',415,0,8,NULL,NULL,1),(2377,'thaina mota','thainac.damota@gmail.com',416,0,9,NULL,NULL,0),(2378,'Stephanie Mayer','stma@norceresearch.no',417,0,9,NULL,NULL,1),(2379,'Stefan Sobolowski','stso@norceresearch.no',417,0,9,NULL,NULL,1),(2380,'Etienne Dunn-Sigouin','etdu@norceresearch.no',417,0,9,NULL,NULL,0),(2381,'paola manduca','paolamanduca@gmail.com',418,0,9,NULL,NULL,0),(2382,'Graa  Saraiva ','gsaraiva@sapo.pt',419,0,4,NULL,NULL,0),(2383,'Giuseppe Manzella','giuseppe.manzella@oceanhis.com',420,0,7,NULL,NULL,0),(2384,'Renate Polster','renate.polster@oenb.at',421,0,5,NULL,NULL,0),(2385,'Natalia RODRIGUEZ','natalia.rodriguez-ramirez@ofb.gouv.fr',422,0,6,NULL,NULL,0),(2386,'Laia Palau','laia@yesoffcourse.com',423,0,5,NULL,NULL,0),(2387,'Pilar Pascual','pilar@yesoffcourse.com',423,0,3,NULL,NULL,0),(2388,'Paul Slocombe','Paul.Slocombe@ons.gov.uk',424,0,8,NULL,NULL,1),(2389,'Riccardo Ottaviani','ottaviani.riccardo94@gmail.com',425,0,5,NULL,NULL,0),(2390,'Enrico  Miero','956595@stud.unive.it',426,0,9,NULL,NULL,0),(2391,'Marco Fianchini','mfianchini@ogs.it',426,0,9,NULL,NULL,0),(2392,'Julieta Logarzo','slogarzo@ogs.it',426,0,9,NULL,NULL,0),(2393,'Maria Ubierna Aparicio','mubierna@openhydro.net',427,0,7,NULL,NULL,1),(2394,'Rmi Gandoin','remi.gandoin@gmail.com',428,0,7,NULL,NULL,1),(2395,'Mihajilo Tosic','fizikabjankovic@gmail.com',429,0,9,NULL,NULL,0),(2396,'Juliana Osakue','Osijoetouchinglives@gmail.com',430,0,4,NULL,NULL,0),(2397,'Itziar Diaz','itziardiazmartinez@gmail.com',432,0,9,NULL,NULL,0),(2398,'Hassnain Shah','hassnainshah1@gmail.com',433,0,9,NULL,NULL,1),(2399,'Elizabeth Parisi','eparisi@palermoscienza.it',434,0,4,NULL,NULL,0),(2400,'Stefano Casati','stefanocasatisc@gmail.com',435,0,7,NULL,NULL,1),(2401,'Roger Street','roger.street_oxf@outlook.com',517,0,9,NULL,NULL,0),(2402,'Chaluma Kicha','chaluma.kicha@yahoo.com',437,0,4,NULL,NULL,0),(2403,'Florian Humpender','humpenoeder@pik-potsdam.de',438,0,9,NULL,NULL,0),(2404,'Mariana Pereira Guimaraes','mariana.pereira@polimi.it',439,0,9,NULL,NULL,0),(2405,'marcello magoni','magoni@polimi.it',439,0,9,NULL,NULL,0),(2406,'Margherita Gori','margherita.gori@polimi.it',439,0,5,NULL,NULL,0),(2407,'Wenjin Hao','wenjin.hao@polimi.it',439,0,9,NULL,NULL,0),(2408,'Sandra Ricart','sandra.ricart@polimi.it',439,0,9,NULL,NULL,0),(2409,'Veronica Piuri','veronica.piuri2@gmail.com',439,0,9,NULL,NULL,0),(2410,'Elena Matta','elenamatta9@gmail.com',439,0,9,NULL,NULL,0),(2411,'Antonio Barchi','Antonio.barchi@polito.it',440,0,9,NULL,NULL,0),(2412,'Francesco Busca','francesco.busca@polito.it',440,0,9,NULL,NULL,0),(2413,'Nicole Mastromatteo','mastromatteo.nicole@gmail.com',440,0,9,NULL,NULL,0),(2414,'Jacopo Grassi','jacopo.grassi@polito.it',440,0,9,NULL,NULL,1),(2415,'Elisa Vanin','elisa.vanin@polito.it',440,0,9,NULL,NULL,1),(2416,'Alexandre Grebenkov','sasha.grebenkov9491@gmail.com',441,0,9,NULL,NULL,0),(2417,'Javier Triana Predictia','trianaj@predictia.es',442,0,7,NULL,NULL,0),(2418,'Eva Prieto','prietoe@predictia.es',442,0,5,NULL,NULL,0),(2419,'Antonio Prez Velasco','aperez@predictia.es',442,0,7,NULL,NULL,0),(2420,'Jan Dutton','jan.dutton@prescientweather.com',443,0,7,NULL,NULL,1),(2421,'Emilio Grieco','emilio.grieco@gmail.com',444,0,5,NULL,NULL,0),(2422,'Johan van der Bank','introoted@gmail.com',444,0,9,NULL,NULL,0),(2423,'Graziella Pillari','pillarigraziella@gmail.com',444,0,7,NULL,NULL,0),(2424,'Dayeong Kim','kdy133796@gmail.com',445,0,5,NULL,NULL,1),(2425,'Lavinia Laiti','lavinia.laiti@provincia.tn.it',446,0,6,NULL,NULL,1),(2426,'Giacomo Bonciani','gboncini@hotmail.com',447,0,6,NULL,NULL,0),(2427,'Giacomo  Bonciani ','gbonciani@hotmail.com',447,0,6,NULL,NULL,0),(2428,'Nikolaos Katsiotis','nikolaos.katsiotis@pwc.com',448,0,7,NULL,NULL,0),(2429,'zohaib udin ','zohaibjamali517@gmail.com',449,0,9,NULL,NULL,0),(2430,'Matteo De Felice','matteo.de.felice@rabobank.com',450,0,7,NULL,NULL,0),(2431,'Adeline Cauchy','acauchy@ramboll.com',451,0,NULL,NULL,NULL,0),(2432,'Giada Restuccia','grestuccia@ramboll.com',451,0,7,NULL,NULL,0),(2433,'Julien Fouilland','jfouilland@ramboll.com',451,1,NULL,NULL,NULL,0),(2434,'Jelena Popovic','Jpopovic@ramboll.com',451,0,5,NULL,NULL,0),(2435,'Luca Colaianni','lcolaianni@ramboll.com',451,0,7,NULL,NULL,0),(2436,'Paula Beltran','Pbeltran@ramboll.com',451,0,7,NULL,NULL,0),(2437,'Laetitia Giraud','lagi@ramboll.com',451,1,NULL,NULL,NULL,0),(2438,'Luca Colombo','lcolombo@ramboll.com',451,0,7,NULL,NULL,0),(2439,'Sandro Orlando','sandro.orlando@rcs.it',452,0,3,NULL,NULL,0),(2440,'Mohamed Eltayeb','mohamedeltayeb@hotmail.com',453,0,7,NULL,NULL,0),(2441,'Simona Trinar','strsinar@regea.org',454,0,6,NULL,NULL,0),(2442,'Tena Maruevac','tmarusevac@regea.org',454,0,4,NULL,NULL,0),(2443,'Francesco  Tutino ','francesco.tutino@regione.bologna.it',455,0,6,NULL,NULL,0),(2444,'fabiana raffaella rampetta','fabiana.rampetta@cmcc.it',456,0,5,NULL,NULL,0),(2445,'La Hayez','lea@renewables-grid.eu',457,0,4,NULL,NULL,0),(2446,'Ana Savovic','ana.pjevic@hidmet.gov.rs',458,0,6,NULL,NULL,0),(2447,'Slavica Radovanovic','slavica.radovanovic@hidmet.gov.rs',458,0,5,NULL,NULL,0),(2448,'Tatjana Savi- ljivi','tatjana.savic@hidmet.gov.rs',458,0,6,NULL,NULL,0),(2449,'Dragan Mihic','dragan.mihic@hidmet.gov.rs',458,1,NULL,NULL,NULL,1),(2450,'Biljana Milic-Petrovic','biljana.milic-petrovic@hidmet.gov.rs',458,1,NULL,NULL,NULL,1),(2451,'Alvise Lisca','alvise@rescope.earth',460,0,7,NULL,NULL,1),(2452,'Bora Ristic','bora@rescope.earth',460,0,7,NULL,NULL,1),(2453,'Majid','habibi3558@gmail.com',461,0,5,NULL,NULL,0),(2454,'Federico Aili','faili@resilientcitiesnetwork.org',462,0,4,NULL,NULL,0),(2455,'Isabel Parra','isaparra888@gmail.com',462,0,4,NULL,NULL,0),(2456,'Uro Davidovi','uros.davidovic@hidmet.gov.rs',459,1,6,NULL,NULL,1),(2457,'Aleksandra Krzic','aleksandra.krzic@hidmet.gov.rs',458,1,NULL,NULL,NULL,1),(2458,'Mansoureh Kouhi','man_koohi@yahoo.com',463,0,5,NULL,NULL,0),(2459,'Prof Murari Lal','lal321@hotmail.com',464,0,6,NULL,NULL,0),(2460,'Arto Keklikian','arto.keklikian@gmail.com',465,0,4,NULL,NULL,0),(2461,'Francesca Larosa','larosa@kth.se',466,0,9,NULL,NULL,1),(2462,'Rozemien De Troch','rozemien.detroch@meteo.be',467,0,9,NULL,NULL,1),(2463,'Paola Faggian','paola.faggian@rse-web.it',469,0,9,NULL,NULL,0),(2464,'Ruba  Ajjour','ruba.ajjour@rss.jo',470,0,9,NULL,NULL,0),(2465,'Juan Gomez','gomezp.juanp@protonmail.com',471,0,3,NULL,NULL,0),(2466,'Anna Blanch','anna.blanchgirones@gmail.com',472,0,5,NULL,NULL,0),(2467,'ANA LUCIA SZAJUBOK','aszajubok@sabesp.com.br',473,0,6,NULL,NULL,0),(2468,'VIRGINIA  TAVARES RIBEIRO','virginiaribeiro@sabesp.com.br',473,0,6,NULL,NULL,0),(2469,'giovanny Mateus','giovanny.mateus@salukat.com',474,0,9,NULL,NULL,0),(2470,'AMIN TAHERI','Taheri.1957048@studenti.uniroma1.it',475,0,9,NULL,NULL,0),(2471,'Maretva Baricot','maretva.baricot@sa.catcapult.org.uk',476,0,9,NULL,NULL,0),(2472,'Liliana Viintin','liliana.vizintin@zrs-kp.si',477,0,9,NULL,NULL,1),(2473,'Charlotee Pascoe','charlotte.pascoe@stfc.ac.uk',478,1,NULL,NULL,NULL,0),(2474,'Molly MacRae','molly.macrae@stfc.ac.uk',478,0,5,NULL,NULL,0),(2475,'Ellie Fisher','ellie.fisher@stfc.ac.uk',478,0,6,NULL,NULL,0),(2476,'Katie Cartmell','katie.cartmell@stfc.ac.uk',478,1,NULL,NULL,NULL,0),(2477,'Alison Pamment','alison.pamment@stfc.ac.uk',478,1,NULL,NULL,NULL,0),(2478,'Ghufran Dheyab','ghufran.almahdawi@yahoo.com',479,0,4,NULL,NULL,0),(2479,'Pietro Altermatt','altermatt@posteo.de',480,0,9,NULL,NULL,0),(2480,'Jade Blackwater','jade.blackwater@seabecksystems.com',481,0,7,NULL,NULL,0),(2481,'Paul Dale','pauldale@sp.gov.br',482,0,6,NULL,NULL,0),(2482,'DR. NEEL KAMAL MISHRA','mail.nkmishra@gmail.com',483,0,9,NULL,NULL,0),(2483,'Damir Slami','damir.slamic@skz.hr',484,0,6,NULL,NULL,0),(2484,'Christian Turotti','christian.turotti89@gmail.com',485,0,7,NULL,NULL,0),(2485,'Juan Angel Acero Alejandro','juanangel.acero74@gmail.com',486,0,5,NULL,NULL,1),(2486,'Cristina-Maria Iordan','cristina-maria.iordan@sintef.no',487,0,9,NULL,NULL,0),(2487,'Francesco Scarel','francesco.scarel@posteo.net',488,0,5,NULL,NULL,0),(2488,'Dace Gaile','dace.gaile@lvgmc.lv',489,0,5,NULL,NULL,0),(2489,'Edgars Mainovskis','edgars.malinovskis@lvgmc.lv',489,0,6,NULL,NULL,0),(2490,'Rbert Blako','robertblasko@sazp.sk',490,0,6,NULL,NULL,0),(2491,'Kristna Szabov','kristina.szaboova@shmu.sk',491,0,5,NULL,NULL,0),(2492,'Oliver Bochnicek','oliver.bochnicek@shmu.sk',491,0,5,NULL,NULL,0),(2493,'Katja Klanar','katja.klancar@gov.si',492,0,6,NULL,NULL,0),(2494,'Ziva Vlahovic','ziwa.jzst@gmail.com',492,0,6,NULL,NULL,0),(2495,'Luka Honzak','luka.honzak@gov.si',492,0,6,NULL,NULL,0),(2496,'iva Vlahovi','ziva.vlahovic@gov.si',492,0,6,NULL,NULL,0),(2497,'Ane Medved','anze.medved@gov.si',492,0,6,NULL,NULL,0),(2498,'Klaus Zimmermann','klaus.zimmermann@smhi.se',508,0,NULL,NULL,NULL,0),(2499,'Renate Wilcke','renate.wilcke@smhi.se',509,0,9,NULL,NULL,0),(2500,'Helena Martins','helena.martins@smhi.se',508,1,NULL,NULL,NULL,0),(2501,'Gustav Strandberg','gustav.strandberg@smhi.se',509,0,9,NULL,NULL,0),(2502,'Barbara Tooczko-Suchaska','b.tolloczko-suchanska@lis.gdynia.pl',493,0,5,NULL,NULL,0),(2503,'Giota Digkoglou','giotadigkoglou@outlook.com',494,0,7,NULL,NULL,0),(2504,'ANTONIO GRAA','antonio.graca@sogrape.pt',495,0,7,NULL,NULL,1),(2505,'Juan Jose Amate','info@sostenibilidadamedida.com',496,0,7,NULL,NULL,1),(2506,'Fabio Rodrigues','f.rodrigues@southpole.com',497,0,7,NULL,NULL,0),(2507,'Alyson Douglas','a.douglas@southpole.com',497,0,7,NULL,NULL,0),(2508,'ghizlane makhchane','ghizlane.makhchane@sowit.fr',498,0,7,NULL,NULL,0),(2509,'Joerg Helmschrot','jhelmschrot@gmx.net',499,0,9,NULL,NULL,1),(2510,'Shantha Dalugamage','dalugamage@gmail.com',500,0,4,NULL,NULL,0),(2511,'Rosie Witton','rosie.witton@sei.org',501,0,9,NULL,NULL,1),(2512,'Sukaina Bharwani','sukaina.bharwani@sei.org',501,0,9,NULL,NULL,0),(2513,'Ascanio Vitale','ascanio.vitale@stopco2.org',502,0,7,NULL,NULL,0),(2514,'Oratile Otsetswe','oratileak@gmail.com',503,0,3,NULL,NULL,0),(2515,'Adrian Toth','tot.ecology@gmail.com',504,0,4,NULL,NULL,0),(2516,'Natalia Brack','natalia.brack@iid-sii.org',505,0,5,NULL,NULL,0),(2517,'Francisco Fernandes da Costa','francisco.costa@sustainary.pt',506,0,4,NULL,NULL,0),(2518,'Severine Hermand','severine.hermand@swecobelgium.be',507,0,7,NULL,NULL,1),(2519,'Isabelle Putseys','isabelle.putseys@swecobelgium.be',507,0,7,NULL,NULL,0),(2520,'Nikki Brown','nicola.brown@smhi.se',508,0,6,NULL,NULL,0),(2521,'Davide Perollo','davide.perollo@gmail.com',510,0,4,NULL,NULL,0),(2522,'Fernandio Alves','fernando.alves@symington.com',511,0,7,NULL,NULL,0),(2523,'Marc POUMADERE','poumadere@wanadoo.fr',512,0,9,NULL,NULL,0),(2524,'Ashwini Otta','ashwini.otta@gmail.com',513,0,7,NULL,NULL,0),(2525,'simona de rosa','s.derosa@t-6.it',514,0,9,NULL,NULL,0),(2526,'Carmit Lubanov','carmit.lubanov@gmail.com',515,0,4,NULL,NULL,0),(2527,'Luka Stoki ','100le.no6@gmail.com',516,0,3,NULL,NULL,0),(2528,'Makoto Takahashi','mak.makoto.takahashi@gmail.com',518,0,9,NULL,NULL,0),(2529,'Michael Nitschmann','michael.nitschmann@tum.de',518,0,9,NULL,NULL,0),(2530,'Julian Braeuer','julian.braeuer@tum.de',518,1,NULL,NULL,NULL,0),(2531,'Fiona Kinniburgh','fiona.kinniburgh@hfp.tum.de',518,0,NULL,NULL,NULL,0),(2532,'Fiona Kinniburgh','fiona.kinniburgh@tum.de',518,0,9,NULL,NULL,0),(2533,'Aris Koutroulis','aris@hydromech.gr',519,0,9,NULL,NULL,0),(2534,'Aristeidis Koutroulis','akoutroulis@tuc.gr',519,0,9,NULL,NULL,1),(2535,'Elena Turienzo','elena.turienzo@tecnalia.com',521,0,9,NULL,NULL,0),(2536,'Gemma Garcia Blanco','gemma.garcia@tecnalia.com',521,0,9,NULL,NULL,0),(2537,'Nieves Pea','nieves.pena@tecnalia.com',521,0,9,NULL,NULL,0),(2538,'Daniel Navarro','daniel.navarro@tecnalia.com',521,0,9,NULL,NULL,0),(2539,'Efren Feliu','efren.feliu@tecnalia.com',521,0,NULL,NULL,NULL,0),(2540,'Saioa Zorita','saioa.zorita@tecnalia.com',521,1,NULL,NULL,NULL,0),(2541,'Jorge Paz','jorge.paz@tecnalia.com',521,1,NULL,NULL,NULL,0),(2542,'A.R.Javaheri','arjavaheri@gmail.com',522,0,5,NULL,NULL,0),(2543,'SANTOSH KUMAR MURIKI','SANTHOSHSUN55@GMAIL.COM',523,0,4,NULL,NULL,0),(2544,'Maria Grazia Quieti','m.quieti@aur.edu',524,0,9,NULL,NULL,0),(2545,'giuliana panieri','giuliana.panieri@uit.no',525,0,9,NULL,NULL,0),(2546,'Grace Murray','gracemurray@tbij.com',526,0,3,NULL,NULL,0),(2547,'Harilaos Loukos','harilaos@theclimatedatafactory.com',527,1,NULL,NULL,NULL,0),(2548,'Theo Economou','t.economou@cyi.ac.cy',528,0,9,NULL,NULL,0),(2549,'Milan Mathew','milanmathew.mec@gmail.com',529,0,9,NULL,NULL,0),(2550,'Ral Antonio Oliva Muoz','oliva.r@pucp.pe',530,0,7,NULL,NULL,1),(2551,'Vanya Walker-Leigh','vanya_walkerleigh@yahoo.com',531,0,5,NULL,NULL,0),(2552,'Angela Heard','angela.heard@metoffice.gov.uk',532,0,6,NULL,NULL,0),(2553,'Richard  Charter','Waterway@monitor.net',534,0,4,NULL,NULL,0),(2554,'Ingunn Borlaug Lid','il@rcn.no',535,0,6,NULL,NULL,0),(2555,'Mareike Sder','mareike.soeder@thuenen.de',536,0,9,NULL,NULL,0),(2556,'Annette Ganske','anette.ganske@tib.eu',537,0,NULL,NULL,NULL,0),(2557,'H Mahinda Goonasekara','hmahindagoonasekara@gmail.com',538,0,7,NULL,NULL,0),(2558,'Dharm Kapletia','dharm.kapletia@tcd.ie',539,0,9,NULL,NULL,1),(2559,'Thiru  Selvan ','selvanthirudr@gmail.com',540,0,9,NULL,NULL,0),(2560,'Gizem Cakmak','gizem.cakmak@tubitak.gov.tr',541,0,9,NULL,NULL,0),(2561,'Hdaverdi Grkan','hgurkan@mgm.gov.tr',543,0,4,NULL,NULL,1),(2562,'Adriaan Perrels','adriaan.perrels@tyrskyconsulting.fi',544,0,7,NULL,NULL,1),(2563,'Daniel Skarja','daniel@ubivivo.com',545,0,7,NULL,NULL,1),(2564,'Maria Pina Usai','mariapinausai@gmail.com',546,0,9,NULL,NULL,0),(2565,'John Smith','betterclimate@outlook.com',547,0,9,NULL,NULL,0),(2566,'Marina Baldissera Pacchetti','marina.pacchetti@ucl.ac.uk',547,0,9,NULL,NULL,0),(2567,'Pradeep Mahapatra','udyama.pradeep@gmail.com',548,0,4,NULL,NULL,0),(2568,'Justine Mwanje','jmwanje69@gmail.com',549,0,4,NULL,NULL,0),(2569,'Wilson Chan ','wilcha@ceh.ac.uk',550,0,5,NULL,NULL,0),(2570,'Bernd Eggen','bernd.eggen@ukhsa.gov.uk',551,0,9,NULL,NULL,0),(2571,'Elisabeth Thompson','elisabeth.thompson@metoffice.gov.uk',552,0,5,NULL,NULL,1),(2572,'Angie Gregory','ajgregory@umass.edu',553,0,9,NULL,NULL,0),(2573,'Debora Ley','debbieannley@yahoo.com',554,0,6,NULL,NULL,0),(2574,'Ins Vincent','i.vincent@unesco.org',555,0,4,NULL,NULL,0),(2575,'Michela Miletto','m.miletto@unesco.org',555,0,5,NULL,NULL,0),(2576,'Patrizia Leone','Patrizia.leone@unibo.it',556,0,9,NULL,NULL,0),(2577,'Erich Roberto  Trevisiol','erich.roberto@gmail.com',557,0,9,NULL,NULL,0),(2578,'Daniel Delatin','d.delatinrodrigues@campus.unimib.it',558,0,9,NULL,NULL,0),(2579,'Laurent Alfonso','laurent.alfonso.expert@ufmsecretariat.org',559,0,5,NULL,NULL,0),(2580,'Marlene Tomaszkiewicz','tomaszkiewiczm@un.org',560,0,6,NULL,NULL,0),(2581,'Lidia Chiarati','lidia.chiarati@unito.it',561,0,9,NULL,NULL,0),(2582,'Karolina Czechowska','KAROLINAMARIA.CZECHOWSKA@phd.units.it',562,0,9,NULL,NULL,0),(2583,'Beena Balan Sarojini','beena.balansarojini@physics.ox.ac.uk',563,0,9,NULL,NULL,0),(2584,'fernando de la cruz','ferdelac@ucm.es',564,0,9,NULL,NULL,0),(2585,'Teresa Amezcua ','mamezcua@ujaen.es',565,0,9,NULL,NULL,1),(2586,'Marta Graciela Vinocur','m_vinocur_grace_5800@yahoo.com',566,0,9,NULL,NULL,0),(2587,'Pierre Florentin','pieral@hotmail.com',567,0,9,NULL,NULL,0),(2588,'Roberta Cocci Grifoni','roberta.coccigrifoni@unicam.it',568,0,9,NULL,NULL,0),(2589,'Denise Cerrone','denisecerrone76@gmail.com',569,0,9,NULL,NULL,0),(2590,'Aurora Piras','a.piras53@studenti.uniss.it',570,0,9,NULL,NULL,0),(2591,'Carlo Andrea Pensavalle','pensa@uniss.it',570,0,9,NULL,NULL,0),(2592,'Tonito Solinas','tsolinas@uniss.it',570,0,9,NULL,NULL,0),(2593,'Flavio Pichler','flavio.pichler@univr.it',571,0,9,NULL,NULL,0),(2594,'Marco Monticelli','marco.monticelli@unicam.it',572,0,9,NULL,NULL,0),(2595,'Fabio Castelli','fabio.castelli@unifi.it',573,0,9,NULL,NULL,0),(2596,'Chiara Ceseracciu','Cceseracciu@uniss.it',574,0,9,NULL,NULL,0),(2597,'Valentina  Acquafredda ','v.acquafredda@campus.uniurb.it',575,0,9,NULL,NULL,0),(2598,'Lorenzo Pierini','lorenzo.pierini@uniroma1.it',576,0,9,NULL,NULL,0),(2599,'Noemi Marchetti','n.marchetti@pm.univpm.it',577,0,9,NULL,NULL,0),(2600,'Giuseppe Lelow','S1112530@pm.univpm.it',577,0,9,NULL,NULL,0),(2601,'Paolo Garbati','s1112532@pm.univpm.it',577,0,9,NULL,NULL,0),(2602,'Silvia Montagnani','montagnanisilvia@gmail.com',578,0,9,NULL,NULL,0),(2603,'Benjamin Molina','benmomo@upvnet.upv.es',579,0,9,NULL,NULL,0),(2604,'Bekhta MANSOUR','hydrau13@gmail.com',580,0,9,NULL,NULL,0),(2605,'Sofia Filippetti','sofiafil@libero.it',580,0,9,NULL,NULL,0),(2606,'semra uluatam','uluatams@yahoo.com',580,0,9,NULL,NULL,0),(2607,'Imane Joudar','imanejoudar1@gmail.com',581,0,9,NULL,NULL,0),(2608,'Uro Davidovi','uros.davidovic@yahoo.com',582,0,9,NULL,NULL,0),(2609,'Irida Lazic','irida.lazic@ff.bg.ac.rs',582,0,9,NULL,NULL,0),(2610,'Milica Tosic','milica.tosic@ff.bg.ac.rs',582,0,9,NULL,NULL,1),(2611,'Katarina Veljovic','katarina@ff.bg.ac.rs',582,0,9,NULL,NULL,1),(2612,'Ivana Tosic','itosic@ff.bg.ac.rs',582,0,9,NULL,NULL,0),(2613,'Alexandra Kovacevic','alexkovacevic217@gmail.com',583,0,9,NULL,NULL,0),(2614,'Mario Nicolas Mora','marionicolas.mora2@unibo.it',583,0,9,NULL,NULL,0),(2615,'Andrea Cavina','andrea.cavina8@unibo.it',583,0,9,NULL,NULL,0),(2616,'Agumase Kindie Tefera','agumasekindie.tefer3@unibo.it',583,0,9,NULL,NULL,0),(2617,'Maryam Sarfraz','maryam.sarfraz@studio.unibo.it',583,0,9,NULL,NULL,0),(2618,'sara zanni','sara.zanni7@unibo.it',583,0,9,NULL,NULL,0),(2619,'Umberto Lavorata','umberto.lavorata2@unibo.it',583,0,9,NULL,NULL,0),(2620,'Yu Chen','yu.chen5@unibo.it',583,0,9,NULL,NULL,0),(2621,'Sara Satanassi','sara.satanassi3@unibo.it',583,0,9,NULL,NULL,0),(2622,'Werner Krauss','wkrauss@uni-bremen.de',584,1,NULL,NULL,NULL,0),(2623,'Laura Zecchi','laura.zecchi@unibs.it',585,0,9,NULL,NULL,0),(2624,'Claudio Marchesi','claudio.marchesi@unibs.it',585,0,9,NULL,NULL,0),(2625,'Michele Arrighini','michele.arrighini@unibs.it',585,0,9,NULL,NULL,0),(2626,'Giovanna Grossi','giovanna.grossi@unibs.it',585,0,9,NULL,NULL,0),(2627,'Rachel James','rachel.james@bristol.ac.uk',586,0,5,NULL,NULL,0),(2628,'Md Shafi Noor Islam','shafi.islam@ubd.edu.bn',587,0,9,NULL,NULL,0),(2629,'Carolina Vera','vera_caro@yahoo.com',588,0,9,NULL,NULL,0),(2630,'Carolina Vera','carolina@cima.fcen.uba.ar',588,0,9,NULL,NULL,0),(2631,'Clare Goodess','c.goodess@uea.ac.uk',589,0,9,NULL,NULL,1),(2632,'BENJAMIN GYAMERA','benjamin.gyamera@uenr.edu.gh',590,0,9,NULL,NULL,0),(2633,'Cecilia Manosa','c.manosa@exeter.ac.uk',591,0,9,NULL,NULL,1),(2634,'Valeria Luciani','lcv@unife.it',592,0,9,NULL,NULL,0),(2635,'Angelo Spedicati de Matteis','angelospedicati@gmail.com',593,0,9,NULL,NULL,0),(2636,'Mordechai Shechter','shechter@econ.haifa.ac.il',594,0,9,NULL,NULL,0),(2637,'Iuliia Polkova','iuliia.polkova@uni-hamburg.de',595,0,9,NULL,NULL,0),(2638,'Harshavardhan Vijay Anand','harsahvardhanjjk@gmail.com',595,0,9,NULL,NULL,0),(2639,'Harshavardhan Vijay Anand','harshavardhanjjk@gmail.com',595,0,9,NULL,NULL,0),(2640,'Fanny Groundstroem','fgroundstroem@gmail.com',596,0,9,NULL,NULL,0),(2641,'Carolina Collaro','carolina.collaro@gmail.com',597,0,9,NULL,NULL,0),(2642,'Susanne Lorenz','s.lorenz@leeds.ac.uk',598,0,9,NULL,NULL,0),(2643,'Sam Grainger','s.grainger@leeds.ac.uk',598,0,9,NULL,NULL,1),(2644,'Suraje Dessai','s.dessai@leeds.ac.uk',598,1,NULL,NULL,NULL,0),(2645,'Jillian Schacher','eejas@leeds.ac.uk',598,0,9,NULL,NULL,1),(2646,'Carolina Vieira','ccrvieira@fc.ul.pt',599,0,9,NULL,NULL,0),(2647,'Hugo Costa','hpcosta@fc.ul.pt',599,0,9,NULL,NULL,0),(2648,'FABIANA ROSSI','fabiana.rossi3@studenti.unimi.it',600,0,9,NULL,NULL,0),(2649,'Maria Giovanna Stoppani','m.stoppani@campus.unimib.it',601,0,4,NULL,NULL,0),(2650,'Christopher Ezeh','christopher-uche.ezeh@unn.edu.ng',602,0,9,NULL,NULL,0),(2651,'Tamara Radjenovic','tamara.radjenovic@znrfak.ni.ac.rs',603,0,9,NULL,NULL,0),(2652,'Marko Mancic','marko.mancic@masfak.ni.ac.rs',603,0,5,NULL,NULL,1),(2653,'Biljana Basarin','biljana.basarin@gmail.com',604,0,9,NULL,NULL,0),(2654,'Dragan Milosevic','dragan.milosevic@dgt.uns.ac.rs',604,0,9,NULL,NULL,1),(2655,'Soraya Melinato','sorayamelinato@gmail.com',646,0,9,NULL,NULL,0),(2656,'Simon Jackman','simon.jackman@mpls.ox.ac.uk',605,0,9,NULL,NULL,1),(2657,'Carlo Zanetti','carlo.zanetti@unipd.it',606,0,9,NULL,NULL,0),(2658,'Marcello Mazzani','marcello.mazzani@unipr.it',607,0,9,NULL,NULL,0),(2659,'Christos Raftopoulos','c.raftopoulos@go.uop.gr',608,0,9,NULL,NULL,0),(2660,'Loubna Benabbou','loubna_benabbou@uqar.ca',609,0,5,NULL,NULL,0),(2661,'Len Shaffrey','l.c.shaffrey@reading.ac.uk',610,0,9,NULL,NULL,0),(2662,'Maria Noguer','m.noguer@the-iea.org',610,0,9,NULL,NULL,1),(2663,'Martina Perez','martina.perez@uniroma1.it',611,0,9,NULL,NULL,0),(2664,'Andre Simoes','afsimoes@usp.br',612,0,9,NULL,NULL,0),(2665,'SARADOUNI  Lyes','lyessaradouni@gmail.com',613,0,9,NULL,NULL,0),(2666,'Dritan Rustja','dritan.rustja@unishk.edu.al',614,0,9,NULL,NULL,0),(2667,'Lea Hallik','lea.hallik@ut.ee',615,0,9,NULL,NULL,1),(2668,'Piia Post ','piia@ut.ee',615,0,5,NULL,NULL,0),(2669,'Elham Oustan','e.oustan@gmail.com',616,0,9,NULL,NULL,0),(2670,'Michele Libralato','michele.libralato@uniud.it',618,0,9,NULL,NULL,0),(2671,'Paola Lpez-Muoz','plopezm@funge.uva.es',619,0,9,NULL,NULL,0),(2672,'Christopher Lyon','christopher.lyon@york.ac.uk',620,0,9,NULL,NULL,0),(2673,'Matej gela','matej.zgela@gfz.hr',621,0,9,NULL,NULL,0),(2674,'GISELA VILALTA','vilalta@crahi.upc.edu',622,0,5,NULL,NULL,0),(2675,'Venugopal Thallam','venux4@gmail.com',623,0,9,NULL,NULL,1),(2676,'Zehra Yakut','zyakutt@gmail.com',624,0,7,NULL,NULL,1),(2677,'Juli Sikorska','Juli@urbanheat.Studio',625,0,4,NULL,NULL,0),(2678,'Janette Marsh','Marsh.Janette@epa.gov',626,0,6,NULL,NULL,0),(2679,'Cathy  Vaughan','cathy.vaughan@tetratech.com',627,0,6,NULL,NULL,0),(2680,'Natalia Doloisio','n.doloisio@hotmail.com',628,0,9,NULL,NULL,1),(2681,'Salem Afeworki','safeworki@valuesustainability.com',629,0,9,NULL,NULL,0),(2682,'Linda Fernandez','lmfernandez@vcu.edu',630,0,9,NULL,NULL,0),(2683,'Alessandra Fornetti','alessandra.fornetti@univiu.org',631,0,9,NULL,NULL,0),(2684,'Elina Racko','elina.racko@vidzeme.lv',632,0,6,NULL,NULL,0),(2685,'kien nguyen van','kiennguyenvan8@gmail.com',633,0,9,NULL,NULL,0),(2686,'Dovile Karloniene','dovile@climateneutral.lt',634,0,6,NULL,NULL,0),(2687,'Federico Enguix','federico@vitidron.es',635,0,7,NULL,NULL,0),(2688,'Maurizio  Mazzoleni','m.mazzoleni@vu.nl',636,0,9,NULL,NULL,0),(2689,'Rosa Pietroiusti','rosa.pietroiusti@vub.be',637,0,9,NULL,NULL,0),(2690,'Fokke Dejong','fokke.dejong@wur.nl',639,1,NULL,NULL,NULL,0),(2691,'Ingrid Coninx','ingrid.coninx@wur.nl',638,0,9,NULL,NULL,0),(2692,'Judith Klostermann','judith.klostermann@wur.nl',639,1,NULL,NULL,NULL,1),(2693,'Remco Kranendonk','remco.kranendonk@wur.nl',638,0,9,NULL,NULL,0),(2694,'Rutger Dankers','rutger.dankers@wur.nl',639,1,NULL,NULL,NULL,0),(2695,'Allard de Wit','allard.dewit@wur.nl',639,0,9,NULL,NULL,1),(2696,'Cheng Liu','cheng.liu@wur.nl',639,0,5,NULL,NULL,0),(2697,'Ronald Hutjes','ronald.hutjes@wur.nl',639,0,9,NULL,NULL,1),(2698,'Maria del Pozo','maria.delpozogarcia@wur.nl',639,0,9,NULL,NULL,0),(2699,'Ineke Weppelman','ineke.weppelman@wur.nl',639,0,5,NULL,NULL,0),(2700,'AmirHossein Modabber','amirhmodabber@gmail.com',640,0,9,NULL,NULL,1),(2701,'Amir Hossein','amir.hmodabber@gmail.com',641,0,5,NULL,NULL,0),(2702,'jean manteke kabay','johnmanteke@yahoo.fr',642,0,6,NULL,NULL,0),(2703,'Christopher Nankervis','chris@weatherlogistics.com',643,0,7,NULL,NULL,0),(2704,'Artiza Elosegi','elosegi@weblyzard.com',644,1,7,NULL,NULL,0),(2705,'Sue Blundell','susanblundell@outlook.com',645,0,4,NULL,NULL,0),(2706,'Aboubacar Issaka Ousman Gaoh','aiogaoh93@gmail.com',647,0,9,NULL,NULL,0),(2707,'Bethany Haskins','bethany.haskins@wmca.org.uk',648,0,6,NULL,NULL,0),(2708,'Akhmad Jaafar  Albeso ','akhmadjaafar@gmail.com',649,0,9,NULL,NULL,0),(2709,'Pier Schaper','pschaper@wetterskipfryslan.nl',650,0,9,NULL,NULL,1),(2710,'Antonio Piemontese','piemontese.antonio@gmail.com',651,0,3,NULL,NULL,0),(2711,'Anahit Hovsepyan','ahovsepyan@wmo.int',652,0,5,NULL,NULL,0),(2712,'Douglas Cripe','dcripe@protonmail.ch',652,1,NULL,NULL,NULL,0),(2713,'Douglas Cripe','dcripe@protonmail.com',652,0,5,NULL,NULL,0),(2714,'Milan Dacic','Mdacic@wmo.int',652,0,6,NULL,NULL,0),(2715,'Nakiete Msemo','nakieemoe@gmail.com',652,0,7,NULL,NULL,0),(2716,'Chris Hewitt','chewitt@wmo.int',652,0,4,NULL,NULL,1),(2717,'Jose Silva','asilva@wmo.int',652,0,4,NULL,NULL,1),(2718,'Richaihu Wu','rwu@wmo.int',652,0,5,NULL,NULL,0),(2719,'Roberta Boscolo','rboscolo@wmo.int',652,1,NULL,NULL,NULL,0),(2720,'Nakiete Msemo','NMsemo@wmo.int',652,1,NULL,NULL,NULL,0),(2721,'Amir H. Delju ','adelju@wmo.int',652,1,NULL,NULL,NULL,1),(2722,'Pawel Szewczyk','pawel.szewczyk@chorzow.wsb.pl',653,0,9,NULL,NULL,0),(2723,'Damian Widera','damian.widera@chorzow.wsb.pl',654,0,9,NULL,NULL,0),(2724,'Wiga Bednarek','jadwiga.bednarek@chorzow.wsb.pl',654,0,9,NULL,NULL,0),(2725,'Bogna Janik','bogna.janik@wsb.poznan.pl',655,0,9,NULL,NULL,0),(2726,'Adam Jablonski','adam.jablonski@ottima-plus.com.pl',431,1,NULL,NULL,NULL,1),(2727,'Carlo Strazza','carlo.strazza@wsp.com',656,0,5,NULL,NULL,0),(2728,'Emily Fennell','emily.fennell@wsp.com',656,0,5,NULL,NULL,0),(2729,'Roberto Mezzalama','roberto.mezzalama@wsp.com',656,0,7,NULL,NULL,1),(2730,'Kathrin Rosi Wrtz','wuertz@uni-bonn.de',657,0,3,NULL,NULL,0),(2731,'Shilei Niu','niushilei@hotmail.com',658,0,5,NULL,NULL,0),(2732,'shilei niu','shilei.niu@xjtlu.edu.cn',659,0,9,NULL,NULL,0),(2733,'Fabio Marchesin','matteo10v8@gmail.com',660,0,5,NULL,NULL,0),(2734,'Carla Sofia Ferreira Fernandes','sofia.fer.fernandes@gmail.com',661,0,7,NULL,NULL,0),(2735,'Seyed Majid Mir Rokni','majid.mirrokni@gmail.com',662,0,5,NULL,NULL,0),(2736,'Seyed Majid Mir Rokni','mirrokni@yazd.ac.ir',662,0,9,NULL,NULL,0),(2737,'iris papadatou','iris@youandmearchitecture.com',663,0,5,NULL,NULL,0),(2738,'Michelangelo Cristoforetti','info@zeroextreme.eu',664,0,7,NULL,NULL,1),(2739,'chiara ramozzi','chiara.ramozzi@zeroco2.eco',665,0,7,NULL,NULL,0),(2740,'Dana  Gavalierov','dana.gavalierova@zilinskazupa.sk',666,0,6,NULL,NULL,1),(2741,'Federica Casarsa','federica.casarsa@zurich.com',667,0,7,NULL,NULL,0),(2742,'   ','s_pototska@ukr.net',668,0,9,NULL,NULL,0),(2743,'Naoko Miyamoto','miyamoton27@gmail.com',380,0,5,NULL,NULL,0),(2744,'Alessandro Danca ','alessandro.danca@cmcc.it',188,0,NULL,NULL,NULL,0),(2745,'Angel Muoz','agmunoz@iri.columbia.edu',55,1,NULL,NULL,NULL,0),(2746,'Anna Klose','anna.klose@iais.fraunhofer.de',221,1,NULL,NULL,NULL,0),(2747,'Anna Malinowska','anna.malinowska@wsb.poznan.pl',431,0,NULL,NULL,NULL,0),(2748,'Annemarie Groot','annemarie.groot@wur.nl',639,1,NULL,NULL,NULL,0),(2749,'Arno Scharl','scharl@weblyzard.com',644,1,NULL,NULL,NULL,0),(2750,'Arnold Bernaciak','arnold.bernaciak@wsb.poznan.pl ',431,1,NULL,NULL,NULL,0),(2751,'Bart Van den Hurk','bart.vandenHurk@deltares.nl',142,0,NULL,NULL,NULL,0),(2752,'Berit Bremer','bbremer@uni-bremen.de',584,0,NULL,NULL,NULL,0),(2753,'Brigitte Perrin','bperrin@wmo.int',652,0,NULL,NULL,NULL,0),(2754,'Brigitte Yzel','yzel@cerfacs.fr',90,0,NULL,NULL,NULL,0),(2755,'Chris Hewitt','chris.hewitt@metoffice.gov.uk',368,0,NULL,NULL,NULL,0),(2756,'Christiane Melzer','melzer@dkrz.de',145,1,NULL,NULL,NULL,0),(2757,'Daniel Thiemert','daniel.thiemert@ecmwf.int ',192,1,NULL,NULL,NULL,0),(2758,'Daniela Tings','daniela.tings@ecologic.eu',158,1,NULL,NULL,NULL,0),(2760,'David Armstrong','david.armstrong@ecmwf.int',192,0,NULL,NULL,NULL,0),(2761,'Delphine Deryng ','dderyng@ramboll.com',451,0,NULL,NULL,NULL,0),(2762,'Delphine Meyer','delphine.meyer@lgi.earth',345,1,NULL,NULL,NULL,0),(2763,'Denis Stuber','denis.stuber@meteo.fr',369,0,NULL,NULL,NULL,0),(2764,'Dick Schaap','dick@maris.nl',361,1,NULL,NULL,NULL,0),(2765,'Difussion - Press release','presse@dtu.dk',520,0,NULL,NULL,NULL,0),(2766,'Dom Lethem','dom.lethem@metoffice.gov.uk',368,1,NULL,NULL,NULL,0),(2767,'Dominique Roffi','roffi@cerfacs.fr',90,1,NULL,NULL,NULL,0),(2768,'Elisa Luna','luna@zv.tum.de',518,1,NULL,NULL,NULL,0),(2769,'Elke Rupp','elke.rupp@zv.fraunhofer.de',221,1,NULL,NULL,NULL,0),(2770,'Emma Seymour','e.l.seymour@leeds.ac.uk',598,1,NULL,NULL,NULL,0),(2771,'ESG Liaison Office','liaisonoffice.esg@wur.nl ',639,1,NULL,NULL,NULL,0),(2772,'EU Finance','eu-finance@zv.tum.de',518,1,NULL,NULL,NULL,0),(2773,'EU funding','eufunding@leeds.ac.uk',598,1,NULL,NULL,NULL,0),(2774,'Eva Lillelund','eva@dtu.dk ',520,1,NULL,NULL,NULL,0),(2775,'Francesca Finello','frfn@ramboll.com',451,0,NULL,NULL,NULL,0),(2776,'Frauke Meyer','eu@vw.uni-bremen.de ',584,1,NULL,NULL,NULL,0),(2777,'Frederice Pradelle','fpradelle@ramboll.com',451,1,NULL,NULL,NULL,0),(2778,'Freja Kjr','frekj@dtu.dk ',520,1,NULL,NULL,NULL,0),(2779,'Ginetta Schneider','ginetta.schneider@metoffice.gov.uk',368,1,NULL,NULL,NULL,0),(2780,'Gro Martinsen','gro.martinsen@dnv.com',533,0,NULL,NULL,NULL,0),(2781,'Gwendoline Lacressonniere','glacressonniere@ramboll.com',451,1,NULL,NULL,NULL,0),(2782,'Hans-Joerg Isemer','hans-joerg.isemer@hereon.de',108,1,NULL,NULL,NULL,0),(2783,'Igone Garca','igone.garcia@tecnalia.com',521,1,NULL,NULL,NULL,0),(2784,'Italo Epicoco','italo.epicoco@cmcc.it',188,0,NULL,NULL,NULL,0),(2785,'Jean Baptieste Migraine','jbmigraine@wmo.int ',652,1,NULL,NULL,NULL,0),(2786,'Jelena Medenica','jmedenica@cpn.rs',84,1,NULL,NULL,NULL,0),(2787,'Joanne Schant','joanne.schante@lgi.earth',345,0,NULL,NULL,NULL,0),(2788,'Joerg Cortkear','joerg.cortekar@hereon.de',108,1,NULL,NULL,NULL,0),(2789,'Josiane Aboniyo','jaboniyo@wmo.int',652,0,NULL,NULL,NULL,0),(2790,'Katja Hessenkmper','hessenkaemper@uni-bremen.de',584,0,NULL,NULL,NULL,0),(2791,'Keri Dunning','k.l.dunning@leeds.ac.uk',598,1,NULL,NULL,NULL,0),(2792,'Kristofer Proll','kristofer.proll@din.de',242,1,NULL,NULL,NULL,0),(2793,'Laura Carletti','laura.carletti@climate-kic.org',110,0,NULL,NULL,NULL,0),(2794,'Laura Schwabe','laura.schwabe@hereon.de',108,1,NULL,NULL,NULL,0),(2795,'Linn Pedersen','linn.pedersen@dnv.com',533,0,NULL,NULL,NULL,0),(2796,'Ljiljana Ilic','pr@cpn.rs',84,1,NULL,NULL,NULL,0),(2797,'Louise de Torcy','ldetorcy@ramboll.com',451,1,NULL,NULL,NULL,0),(2798,'Marco Hendriks','marco1.hendriks@wur.nl',639,1,NULL,NULL,NULL,0),(2799,'Marina Baldissera','m.baldisserapacchetti@leeds.ac.uk',55,1,NULL,NULL,NULL,0),(2800,'Marina Corradini','marina.corradini@bsc.es',55,0,NULL,NULL,NULL,0),(2801,'Marina Matovic','mmatovic@cpn.rs',84,1,NULL,NULL,NULL,0),(2802,'Martin Juckes','martin.juckes@stfc.ac.uk',478,1,NULL,NULL,NULL,0),(2803,'Martin Paumichl','martin.paulmichl@zv.fraunhofer.de ',221,1,NULL,NULL,NULL,0),(2804,'Mathiled Baret','mbaret@ramboll.com',451,0,NULL,NULL,NULL,0),(2805,'Maxx Dilley','mdilley@wmo.int',652,0,NULL,NULL,NULL,0),(2806,'Mehmet mit Taner','umit.taner@deltares.nl',142,1,NULL,NULL,NULL,0),(2807,'Melanie Krauss','krauss@dkrz.de',145,1,NULL,NULL,NULL,0),(2808,'Michael Flitner','mflitner@uni-bremen.de',584,0,NULL,NULL,NULL,0),(2809,'Michle Campassens ','campasse@cerfacs.fr',90,0,NULL,NULL,NULL,0),(2810,'Michele Gasparoli','michele.gasparoli@unitn.it',617,1,NULL,NULL,NULL,0),(2811,'Mikel Dorronsoro','mikel.dorronsoro@tecnalia.com',521,1,NULL,NULL,NULL,0),(2812,'Mirella Collini','mirella.collini@unitn.it',617,1,NULL,NULL,NULL,0),(2813,'Monica Wallgren','monica.wallgren@smhi.se',508,0,NULL,NULL,NULL,0),(2814,'Nicolas Bihel','nicolas.bihel@lgi.earth',345,1,NULL,NULL,NULL,0),(2815,'Oliver Ullrich','oliver.ullrich@iais.fraunhofer.de',221,0,NULL,NULL,NULL,0),(2816,'Peter Thijsse','peter@maris.nl',361,1,NULL,NULL,NULL,0),(2817,'Pierre Cattoire','pierre.cattoire@lgi.earth',345,1,NULL,NULL,NULL,0),(2818,'Pierre-Antoine Bretonniere','pierre-antoine.bretonniere@bsc.es',55,1,NULL,NULL,NULL,0),(2819,'Pilar Ruiz Ibaez','pilar.ruiz@tecnalia.com',521,0,NULL,NULL,NULL,0),(2820,'Priscilla Wittenberg','priscilla.wittenberg@knmi.nl',468,1,NULL,NULL,NULL,0),(2821,'Remi Beteille','remi.beteille@ecologic.eu',158,1,NULL,NULL,NULL,0),(2822,'Samantha Burgess','samantha.burgess@ecmwf.int',192,1,NULL,NULL,NULL,0),(2823,'Samantha Coope','samantha.coope@ukri.org',478,1,NULL,NULL,NULL,0),(2824,'Sandrine Dhenain','sdhenain@ramboll.com',451,0,NULL,NULL,NULL,0),(2825,'Sandro Fiore ','sandro.fiore@unitn.it',617,1,NULL,NULL,NULL,0),(2826,'Selvaggia Santin','selvaggia.santin@cmcc.it',188,0,NULL,NULL,NULL,0),(2827,'Silke Beck','silke.beck@tum.de',518,1,NULL,NULL,NULL,0),(2828,'Stephanie Heinze','stephanie.heinze@uni-bremen.de ',584,1,NULL,NULL,NULL,0),(2829,'Suresh Balaji','suresh.balaji@stfc.ac.uk',478,1,NULL,NULL,NULL,0),(2830,'Suzanne Kok','suzanne.kok@knmi.nl',468,1,NULL,NULL,NULL,0),(2831,'Suzi Maurice','suzi.maurice@lgi.earth',345,0,NULL,NULL,NULL,0),(2832,'Tanya Warnaars','tanya.warnaars@ecmwf.int',192,1,NULL,NULL,NULL,0),(2833,'Thomas Neumann','tneu@ramboll.com',451,1,NULL,NULL,NULL,0),(2834,'Tjerk Krijger','tjerk@maris.nl',361,1,NULL,NULL,NULL,0),(2835,'Valerie Wischott','valerie.wischott@iais.fraunhofer.de',221,1,NULL,NULL,NULL,0),(2836,'Veronica Grasso','vgrasso@wmo.int',652,1,NULL,NULL,NULL,0),(2837,'Viola Bennink','viola.bennink@wur.nl',639,1,NULL,NULL,NULL,0),(2838,'Wilma Jans','wilma.jans@wur.nl',639,0,NULL,NULL,NULL,0),(2839,'Yasmina Dkhissi','yasmina.dkhissi@lgi.earth',345,0,NULL,NULL,NULL,0),(2840,'Zoran Krajinovic','zoran.krajinovic@hidmet.gov.rs',458,1,NULL,NULL,NULL,0),(2941,'Santiago Ramirez','santiago.ramirez@bsc.es',55,1,NULL,NULL,NULL,0),(2963,'Sam Grainger','sam.grainger@bsc.es',55,1,7,NULL,'Ireland',0),(2966,'Carolina Aragon','caragon@larp.umass.edu',704,0,9,1,'United Stated',0),(2967,'Alice Ferrant','aferrant@ramboll.com',451,1,9,NULL,'other',0),(2968,'Agata Bartoszewska','agata.bartoszewska@ppnt.poznan.pl',655,1,9,NULL,'Poland',0),(2969,'Agne Maras','agne.maras@smhi.se',509,1,9,NULL,'Sweden',0),(2970,'Philippine Alauzet','alauzet@cerfacs.fr',90,1,9,NULL,'France',0),(2971,'	Annete Ganske','annette.ganske@tib.eu',145,1,9,NULL,'Germany',0),(2972,'Benoit Bulliot','bbulliot@ramboll.com',451,1,9,NULL,'other',0),(2973,'Carlos Cuevas','carlos.cuevas@tum.de',530,1,9,NULL,'Germany',0),(2974,'Cristina Garcia','cristina.garcia@bsc.es',55,1,9,NULL,'Espaa',0),(2975,'Dana Stuparu','dana.stuparu@deltares.nl',142,1,9,NULL,'Netherlands',0),(2976,'Elizabeth Mcintyre','eeecm@leeds.ac.uk',598,1,9,NULL,'United Kingdom',1),(2978,'Kjersti Aalbu','kjersti.aalbu@dnv.com',533,1,9,NULL,'other',0),(2981,'Ljubica Slavkovic','ljslavkovic@cpn.rs',85,1,9,NULL,'Serbia',0),(2982,'Amandine Lobbrecht','lobbrecht@cerfacs.fr',90,1,9,NULL,'France',0),(2983,'Lionel Loubet','loubet@cerfacs.fr',90,1,9,NULL,'France',0),(2984,'Melissa Herlitz','melissa.herlitz@cmcc.it',188,1,9,NULL,'other',1),(2985,'May Hoebika','MYHA@ramboll.com',451,1,9,NULL,'other',0),(2986,'Philip Mc Bride','phim@dtu.dk',520,1,9,NULL,'Denmark',0),(2988,'Simone Taddeo	','simone.taddeo@cmcc.it',188,1,9,NULL,'Italy',0),(2989,'Hannes Thiemann','thiemann@dkrz.de',145,1,9,NULL,'Germany',0),(2991,'Tom Moolenbel','tom.moolenbel@knmi.nl',468,1,9,NULL,'Netherlands',0),(2992,'Xavier Domingo','xavier.domingo@bsc.es',55,1,9,NULL,'Spain',0);
/*!40000 ALTER TABLE `Contact` ENABLE KEYS */;
UNLOCK TABLES;

--
-- Table structure for table `ContactChange`
--

DROP TABLE IF EXISTS `ContactChange`;
/*!40101 SET @saved_cs_client     = @@character_set_client */;
/*!50503 SET character_set_client = utf8mb4 */;
CREATE TABLE `ContactChange` (
  `id` int NOT NULL AUTO_INCREMENT,
  `contactId` int NOT NULL,
  `field` varchar(191) CHARACTER SET utf8mb4 COLLATE utf8mb4_unicode_ci NOT NULL,
  `oldValue` varchar(191) CHARACTER SET utf8mb4 COLLATE utf8mb4_unicode_ci DEFAULT NULL,
  `newValue` varchar(191) CHARACTER SET utf8mb4 COLLATE utf8mb4_unicode_ci DEFAULT NULL,
  `changedBy` int NOT NULL,
  `createdAt` datetime(3) NOT NULL DEFAULT CURRENT_TIMESTAMP(3),
  PRIMARY KEY (`id`),
  KEY `ContactChange_contactId_idx` (`contactId`),
  CONSTRAINT `ContactChange_contactId_fkey` FOREIGN KEY (`contactId`) REFERENCES `Contact` (`id`) ON DELETE RESTRICT ON UPDATE CASCADE
) ENGINE=InnoDB AUTO_INCREMENT=4 DEFAULT CHARSET=utf8mb4 COLLATE=utf8mb4_unicode_ci;
/*!40101 SET character_set_client = @saved_cs_client */;

--
-- Dumping data for table `ContactChange`
--

LOCK TABLES `ContactChange` WRITE;
/*!40000 ALTER TABLE `ContactChange` DISABLE KEYS */;
INSERT INTO `ContactChange` VALUES (1,1478,'name','Andreia  Azevedo Soares ','Andreia a Azevedo Soares ',6,'2024-11-21 16:40:30.804'),(2,1478,'country','null','',6,'2024-11-21 16:40:30.811'),(3,1478,'name','Andreia a Azevedo Soares ','Andreia Azevedo Soares ',6,'2024-11-21 16:40:51.278');
/*!40000 ALTER TABLE `ContactChange` ENABLE KEYS */;
UNLOCK TABLES;

--
-- Table structure for table `Organization`
--

DROP TABLE IF EXISTS `Organization`;
/*!40101 SET @saved_cs_client     = @@character_set_client */;
/*!50503 SET character_set_client = utf8mb4 */;
CREATE TABLE `Organization` (
  `id` int NOT NULL AUTO_INCREMENT,
  `acronym` varchar(191) CHARACTER SET utf8mb4 COLLATE utf8mb4_unicode_ci DEFAULT NULL,
  `fullName` varchar(191) CHARACTER SET utf8mb4 COLLATE utf8mb4_unicode_ci NOT NULL,
  `regionalName` varchar(191) CHARACTER SET utf8mb4 COLLATE utf8mb4_unicode_ci DEFAULT NULL,
  `website` varchar(191) CHARACTER SET utf8mb4 COLLATE utf8mb4_unicode_ci DEFAULT NULL,
  `country` varchar(191) CHARACTER SET utf8mb4 COLLATE utf8mb4_unicode_ci DEFAULT NULL,
  PRIMARY KEY (`id`),
  UNIQUE KEY `acronym` (`acronym`)
) ENGINE=InnoDB AUTO_INCREMENT=707 DEFAULT CHARSET=utf8mb4 COLLATE=utf8mb4_unicode_ci;
/*!40101 SET character_set_client = @saved_cs_client */;

--
-- Dumping data for table `Organization`
--

LOCK TABLES `Organization` WRITE;
/*!40000 ALTER TABLE `Organization` DISABLE KEYS */;
INSERT INTO `Organization` VALUES (1,'A. SUD','A Sud Ecology and Cooperation','Associazione A Sud','https://asud.net/','Italy'),(2,NULL,'A/gent b.v. Env. Consultancy',NULL,NULL,NULL),(3,NULL,'Academia Sinica',NULL,'https://www.sinica.edu.tw/en','China'),(4,NULL,'Academy of Athens',NULL,'http://academyofathens.gr/',NULL),(5,'ASSAF','Academy of science of South Africa',NULL,'https://www.assaf.org.za/','South Africa'),(6,NULL,'ACTeon Environment',NULL,NULL,NULL),(7,NULL,'Adam Sbire',NULL,NULL,NULL),(8,NULL,'Adigrat University ',NULL,NULL,NULL),(9,NULL,'ADVID | CoLAB Vines&Wines',NULL,NULL,NULL),(10,NULL,'Aerospace Valley',NULL,NULL,NULL),(11,'AESS','Agency for Energy and Sustainable Development','Agenzia per lEnergia e lo Sviluppo Sostenibile','https://aessenergy.it/','Italy'),(12,NULL,'AFRY',NULL,NULL,NULL),(13,NULL,'AFVMC Assistance to Families and Victims of Clandestine Migrations',NULL,NULL,NULL),(14,NULL,'Agence Nationale de la Recherche',NULL,NULL,NULL),(15,NULL,'AGRIC-CACTUS PTY LTD',NULL,NULL,NULL),(16,NULL,'Agrotecnico - Enologo Enotecnico - Consulente Fitosanitario',NULL,NULL,NULL),(17,NULL,'AISAM, AMPRO',NULL,NULL,NULL),(18,NULL,'AIT',NULL,NULL,NULL),(19,NULL,'AkkaLab',NULL,NULL,NULL),(20,NULL,'alchemia-nova GmbH',NULL,NULL,NULL),(21,NULL,'ALDA- European Association for Local Democracy',NULL,NULL,NULL),(22,NULL,'Amigo srl',NULL,NULL,NULL),(23,NULL,'Anatolian Development Association',NULL,NULL,NULL),(24,NULL,'Anisn',NULL,NULL,NULL),(25,NULL,'ANM Romania',NULL,NULL,NULL),(26,NULL,'Anna University',NULL,NULL,NULL),(27,NULL,'Aon Impact Forecasting',NULL,NULL,NULL),(28,NULL,'APE FVG',NULL,NULL,NULL),(29,NULL,'Araymond',NULL,NULL,NULL),(30,NULL,'Archietto',NULL,NULL,NULL),(31,NULL,'Arctic Centre,  University of Lapland ',NULL,NULL,NULL),(32,NULL,'Armada del Ecuador',NULL,NULL,NULL),(33,NULL,'ARPA FVG',NULL,NULL,NULL),(34,NULL,'ARPA Lombardia',NULL,NULL,NULL),(35,NULL,'ARPA PIEMONTE',NULL,NULL,NULL),(36,NULL,'ARPA Sardegna',NULL,NULL,NULL),(37,NULL,'ARPAE',NULL,NULL,NULL),(38,NULL,'ARPAT',NULL,NULL,NULL),(39,NULL,'Art Lab',NULL,NULL,NULL),(40,NULL,'ASADOF',NULL,NULL,NULL),(41,NULL,'Asian Marine Conservation Association',NULL,NULL,NULL),(42,NULL,'ASPRI',NULL,NULL,NULL),(43,NULL,'Association for Farmers Rights Defense (AFRD)',NULL,NULL,NULL),(44,NULL,'Associazione no profit Macromicro',NULL,NULL,NULL),(45,NULL,'Atkins Ltd',NULL,NULL,NULL),(46,NULL,'AtmoVera',NULL,NULL,NULL),(47,NULL,'AWorld',NULL,NULL,NULL),(48,NULL,'Ayuntamiento de Logroo',NULL,NULL,NULL),(49,NULL,'Ayuntamiento de Mlaga',NULL,NULL,NULL),(50,NULL,'B. I. Ag. Development Co.,  Ltd.',NULL,NULL,NULL),(51,NULL,'Babes-Bolyai Univerisity',NULL,NULL,NULL),(52,NULL,'Bahir Dar University',NULL,NULL,NULL),(53,NULL,'Bamfield Marine Sciences Centre',NULL,NULL,NULL),(54,NULL,'Bangladesh Open University',NULL,NULL,NULL),(55,'BSC','Barcelona Supercomputing Center','Centro Nacional de Supercomputacion','https://www.bsc.es/','Espaa'),(56,NULL,'Bate iz Mate / Karlovaki vinogradi',NULL,NULL,NULL),(57,NULL,'Bauhaus University of Weimar',NULL,NULL,NULL),(58,NULL,'Bazzmann Agency + Venipedia',NULL,NULL,NULL),(59,NULL,'BC3-Basque Center for Climate Change',NULL,NULL,NULL),(60,NULL,'BDI',NULL,NULL,NULL),(61,NULL,'Bdutae',NULL,NULL,NULL),(62,NULL,'BEDO',NULL,NULL,NULL),(63,NULL,'Beijer Institute',NULL,NULL,NULL),(64,NULL,'Belgian Climate Centre',NULL,NULL,NULL),(65,NULL,'Biosense Institute',NULL,NULL,NULL),(66,NULL,'Bluebiloba startup innovativa srl',NULL,NULL,NULL),(67,NULL,'Bluefarm',NULL,NULL,NULL),(68,NULL,'Brandeis University',NULL,NULL,NULL),(69,NULL,'British Red Cross ',NULL,NULL,NULL),(70,NULL,'C/o MUR',NULL,NULL,NULL),(71,NULL,'C Foscari University',NULL,NULL,NULL),(72,NULL,'Cabildo de Gran Canaria - Consejo Insular de la Energa de Gran Canaria (CIEGC)',NULL,NULL,NULL),(73,NULL,'CACR,  AMIS,  ASTRI',NULL,NULL,NULL),(74,NULL,'Cambridge Resource Economics and C-EENRG, University of Cambridge',NULL,NULL,NULL),(75,NULL,'Capgemini',NULL,NULL,NULL),(76,NULL,'CAS',NULL,NULL,NULL),(77,NULL,'CASE',NULL,NULL,NULL),(78,NULL,'Catalan Government',NULL,NULL,NULL),(79,NULL,'CDP',NULL,NULL,NULL),(80,NULL,'CEDOCS',NULL,NULL,NULL),(81,NULL,'CEFA',NULL,NULL,NULL),(82,NULL,'CEN IEM Unit',NULL,NULL,NULL),(83,NULL,'Center for Agriculture and Climate Change',NULL,NULL,NULL),(84,NULL,'Center for the Promotion of Science',NULL,NULL,NULL),(85,NULL,'Center for the Promotion of Science (CPN)',NULL,NULL,NULL),(86,NULL,'Centre for Earth Research and Environment Management',NULL,NULL,NULL),(87,NULL,'Centro Agronmico Tropical de Investigacin y Enseanza (CATIE)',NULL,NULL,NULL),(88,NULL,'Centro Funzionale Multirischi - Regione Campania',NULL,NULL,NULL),(89,NULL,'Centro Terzo Millennio',NULL,NULL,NULL),(90,NULL,'CERFACS',NULL,NULL,NULL),(91,NULL,'cervest',NULL,NULL,NULL),(92,NULL,'CEVIPE - LA GRANADA',NULL,NULL,NULL),(93,NULL,'cgil',NULL,NULL,NULL),(94,NULL,'Charles University',NULL,NULL,NULL),(95,NULL,'Chulalongkorn university',NULL,NULL,NULL),(96,NULL,'CIAT',NULL,NULL,NULL),(97,NULL,'CIM Cvado',NULL,NULL,NULL),(98,NULL,'CIMA Research Foundation',NULL,NULL,NULL),(99,NULL,'CINEA',NULL,NULL,NULL),(100,NULL,'CISL',NULL,NULL,NULL),(101,NULL,'Civil Society Advocacy Network on Climate Change and the Environment Sierra Leone (CAN-SL)',NULL,NULL,NULL),(102,NULL,'Climate Adaptation Services',NULL,NULL,NULL),(103,NULL,'Climate Analytics',NULL,NULL,NULL),(104,NULL,'Climate art project',NULL,NULL,NULL),(105,NULL,'Climate Centre',NULL,NULL,NULL),(106,NULL,'Climate Scale',NULL,NULL,NULL),(107,NULL,'Climate Service Center Germany (GERICS)',NULL,NULL,NULL),(108,NULL,'Climate Service Center Germany (GERICS) - Helmholtz Zentrum Hereon',NULL,NULL,NULL),(109,NULL,'Climate Standard',NULL,NULL,NULL),(110,NULL,'Climate-KIC',NULL,NULL,NULL),(111,NULL,'COIMA',NULL,NULL,NULL),(112,NULL,'CoLAB +ATLANTIC',NULL,NULL,NULL),(113,NULL,'Comenius University in Bratislava',NULL,NULL,NULL),(114,NULL,'Comitato Italiano per l\'UNICEF',NULL,NULL,NULL),(115,NULL,'Company',NULL,NULL,NULL),(116,NULL,'COMSATS University Islamabad',NULL,NULL,NULL),(117,NULL,'Comune dell\'Aquila',NULL,NULL,NULL),(118,NULL,'Comune di Gaiba',NULL,NULL,NULL),(119,NULL,'Comune di Milano',NULL,NULL,NULL),(120,NULL,'Comune di Salerno',NULL,NULL,NULL),(121,NULL,'Conscious planet ',NULL,NULL,NULL),(122,NULL,'Consejo Insular de la Energa de Gran Canaria',NULL,NULL,NULL),(123,NULL,'COOPERATION EUROPEAN PROGRAMME INTERREG',NULL,NULL,NULL),(124,NULL,'Cooperativa sociale Le Mille e Una Notte',NULL,NULL,NULL),(125,NULL,'Coordinator,  Transformative Urban Nature Action UNECE/FAO Forestry and Timber Section Forests',NULL,NULL,NULL),(126,NULL,'Co-PLAN institute for habitat development',NULL,NULL,NULL),(127,NULL,'Cork City Council',NULL,NULL,NULL),(128,NULL,'Corvers Procurement Services B.V.',NULL,NULL,NULL),(129,NULL,'CREA OF SANREMO',NULL,NULL,NULL),(130,NULL,'Cresol',NULL,NULL,NULL),(131,NULL,'Croatian Meteorological and Hydrolologic',NULL,NULL,NULL),(132,NULL,'CSEND',NULL,NULL,NULL),(133,NULL,'CSTEP',NULL,NULL,NULL),(134,NULL,'Czech University of Life Sciences Prague',NULL,NULL,NULL),(135,NULL,'Danish Meterological Insitute',NULL,NULL,NULL),(136,NULL,'Datiaperti',NULL,NULL,NULL),(137,NULL,'DBA Group',NULL,NULL,NULL),(138,NULL,'Debub Global Bank',NULL,NULL,NULL),(139,NULL,'Deepki',NULL,NULL,NULL),(140,NULL,'Deloitte',NULL,NULL,NULL),(141,NULL,'Deloitte & Touche S.p.A.',NULL,NULL,NULL),(142,NULL,'Deltares',NULL,NULL,NULL),(143,NULL,'DestinationEmea.com',NULL,NULL,NULL),(144,NULL,'Deutscher Wetterdienst',NULL,NULL,NULL),(145,NULL,'Deutsches Klimarechenzentrum (DKRZ)',NULL,NULL,NULL),(146,NULL,'DEval - German Institute for Development Evaluation',NULL,NULL,NULL),(147,NULL,'Dgm',NULL,NULL,NULL),(148,NULL,'Direo Regional do Ambiente e Alteraes Climticas',NULL,NULL,NULL),(149,NULL,'Directorate of climate change',NULL,NULL,NULL),(150,NULL,'DISSCO',NULL,NULL,NULL),(151,NULL,'DOOR',NULL,NULL,NULL),(152,NULL,'dryres',NULL,NULL,NULL),(153,NULL,'Dutch Green Building Council',NULL,NULL,NULL),(154,NULL,'DUTH',NULL,NULL,NULL),(155,NULL,'EARSC',NULL,NULL,NULL),(156,NULL,'EC',NULL,NULL,NULL),(157,NULL,'ECOL STUDIO SPA',NULL,NULL,NULL),(158,NULL,'Ecologic Institute (ECO)',NULL,NULL,NULL),(159,NULL,'Economic and Social Council (ECOSOC)',NULL,NULL,NULL),(160,NULL,'ECRA',NULL,NULL,NULL),(161,NULL,'ECSA',NULL,NULL,NULL),(162,NULL,'EDUCOMMART',NULL,NULL,NULL),(163,NULL,'EEA',NULL,NULL,NULL),(164,NULL,'ege university',NULL,NULL,NULL),(165,NULL,'EIOPA',NULL,NULL,NULL),(166,NULL,'EIT Climate-KIC',NULL,NULL,NULL),(167,NULL,'eLEAF',NULL,NULL,NULL),(168,NULL,'Electricity supply board ',NULL,NULL,NULL),(169,NULL,'ELO - European Landowners\' Org',NULL,NULL,NULL),(170,NULL,'Emilia-Romagna Region',NULL,NULL,NULL),(171,NULL,'Empa',NULL,NULL,NULL),(172,NULL,'ENEA',NULL,NULL,NULL),(173,NULL,'Enel',NULL,NULL,NULL),(174,NULL,'enexion GmbH - Energy Consulting and Risk Management Inc.',NULL,NULL,NULL),(175,NULL,'Engie ',NULL,NULL,NULL),(176,NULL,'ENVISA',NULL,NULL,NULL),(177,NULL,'EPA',NULL,NULL,NULL),(178,NULL,'Equator Principles',NULL,NULL,NULL),(179,NULL,'Estonian, Latvian & Lithuanian Environment, SIA',NULL,NULL,NULL),(180,NULL,'ETHZ',NULL,NULL,NULL),(181,NULL,'ETICAMBIENTE',NULL,NULL,NULL),(182,NULL,'EU project CoM East',NULL,NULL,NULL),(183,NULL,'euclipa',NULL,NULL,NULL),(184,NULL,'Eunoia ngo',NULL,NULL,NULL),(185,NULL,'eurac research',NULL,NULL,NULL),(186,NULL,'Eurecat',NULL,NULL,NULL),(187,NULL,'EUROCONTROL',NULL,NULL,NULL),(188,NULL,'Euro-Mediterranean Centre for Climate Change (CMCC)',NULL,NULL,NULL),(189,NULL,'Euronike',NULL,NULL,NULL),(190,NULL,'European Association of Development Agencies (EURADA)',NULL,NULL,NULL),(191,NULL,'European Central Bank',NULL,NULL,NULL),(192,NULL,'European Centre for Medium-Range Weather Forecasts (ECMWF)',NULL,NULL,NULL),(193,NULL,'European Climate Pact Ambassador',NULL,NULL,NULL),(194,NULL,'European Commission',NULL,NULL,NULL),(195,NULL,'European Environment Agency',NULL,NULL,NULL),(196,NULL,'European Investment Bank',NULL,NULL,NULL),(197,NULL,'EVRESCO',NULL,NULL,NULL),(198,NULL,'Ex-student (Unict, Unito, Roma Tre)',NULL,NULL,NULL),(199,NULL,'Fabrica Research Center',NULL,NULL,NULL),(200,NULL,'Faculty of Science',NULL,NULL,NULL),(201,NULL,'Falck ',NULL,NULL,NULL),(202,NULL,'FAO',NULL,NULL,NULL),(203,NULL,'Fauna & Flora',NULL,NULL,NULL),(204,NULL,'FAUP',NULL,NULL,NULL),(205,NULL,'FBK',NULL,NULL,NULL),(206,NULL,'fc21 adv',NULL,NULL,NULL),(207,NULL,'FEDARENE',NULL,NULL,NULL),(208,NULL,'FEEM',NULL,NULL,NULL),(209,NULL,'FESA LLC',NULL,NULL,NULL),(210,NULL,'FEUP',NULL,NULL,NULL),(211,NULL,'Finapp',NULL,NULL,NULL),(212,NULL,'Finnish Meteorological Institute (FMI)',NULL,NULL,NULL),(213,NULL,'Fispmed',NULL,NULL,NULL),(214,NULL,'Flemish Institute for Technological Research (VITO)',NULL,NULL,NULL),(215,NULL,'Fondazione Bruno Kessler',NULL,NULL,NULL),(216,NULL,'Fondazione Edmund Mach',NULL,NULL,NULL),(217,NULL,'Fondazione Osservatorio Meteorologico Milano Duomo',NULL,NULL,NULL),(218,NULL,'Food and Agriculture Organization',NULL,NULL,NULL),(219,NULL,'FORTH/ICE-HT',NULL,NULL,NULL),(220,NULL,'FPNCYL',NULL,NULL,NULL),(221,NULL,'Fraunhofer Gesellschaft',NULL,NULL,NULL),(222,NULL,'Fraunhofer Institute IAIS',NULL,NULL,NULL),(223,NULL,'Frede Cappelen Climate Change',NULL,NULL,NULL),(224,NULL,'Free University of Bozen ',NULL,NULL,NULL),(225,NULL,'Freelance',NULL,NULL,NULL),(226,NULL,'Freelance artist',NULL,NULL,NULL),(227,NULL,'Freelance consultant',NULL,NULL,NULL),(228,NULL,'French Agency of Biodiversity (OFB)',NULL,NULL,NULL),(229,NULL,'Fresenius medical care ',NULL,NULL,NULL),(230,NULL,'Fresh Thoughts Consulting ',NULL,NULL,NULL),(231,NULL,'Friends for future',NULL,NULL,NULL),(232,NULL,'Fundacin MUSOL',NULL,NULL,NULL),(233,NULL,'FundingBox',NULL,NULL,NULL),(234,NULL,'Future Urban Living',NULL,NULL,NULL),(235,NULL,'G.A.C. Group',NULL,NULL,NULL),(236,NULL,'GAIA',NULL,NULL,NULL),(237,NULL,'Gaialux asbl',NULL,NULL,NULL),(238,NULL,'Galway City Council',NULL,NULL,NULL),(239,NULL,'gecosistema',NULL,NULL,NULL),(240,NULL,'Generali',NULL,NULL,NULL),(241,NULL,'GeoSphere Austria',NULL,NULL,NULL),(242,NULL,'German Institute for Standardization (DIN)',NULL,NULL,NULL),(243,NULL,'German Insurance Association (GDV)',NULL,NULL,NULL),(244,NULL,'Ghalayini for Trade and Turnkey',NULL,NULL,NULL),(245,NULL,'Ghana NDC Action Project,  EPA,  Ghana',NULL,NULL,NULL),(246,NULL,'GIE',NULL,NULL,NULL),(247,NULL,'GIZ',NULL,NULL,NULL),(248,NULL,'Global Water Partnership Central and Eastern Europe',NULL,NULL,NULL),(249,NULL,'Government of Andhr Pradesh,  India.',NULL,NULL,NULL),(250,NULL,'Govt NPG College of Science Raipur India',NULL,NULL,NULL),(251,NULL,'gramma consulting and communications',NULL,NULL,NULL),(252,NULL,'Green Art Incubator',NULL,NULL,NULL),(253,NULL,'GreenBlue Urban ',NULL,NULL,NULL),(254,NULL,'Greener Zambia Vision ',NULL,NULL,NULL),(255,NULL,'Greenpeace',NULL,NULL,NULL),(256,NULL,'GRI/LSE',NULL,NULL,NULL),(257,NULL,'Griffith University',NULL,NULL,NULL),(258,NULL,'Gruppo Italia Energia',NULL,NULL,NULL),(259,NULL,'Guy Carpenter',NULL,NULL,NULL),(260,NULL,'GVA',NULL,NULL,NULL),(261,NULL,'Hacettepe University',NULL,NULL,NULL),(262,NULL,'Hawassa University',NULL,NULL,NULL),(263,NULL,'HEAL',NULL,NULL,NULL),(264,NULL,'Hellenic National Meteorological Service ',NULL,NULL,NULL),(265,NULL,'HMC',NULL,NULL,NULL),(266,NULL,'HNMS',NULL,NULL,NULL),(267,NULL,'Holistic',NULL,NULL,NULL),(268,NULL,'Horizon Nua',NULL,NULL,NULL),(269,NULL,'Hosseini',NULL,NULL,NULL),(270,NULL,'https://diegofdezsevilla.wordpress.com',NULL,NULL,NULL),(271,NULL,'Hydromet service of Armenia',NULL,NULL,NULL),(272,NULL,'Hydrometeorological Department of National Environmental Agency',NULL,NULL,NULL),(273,NULL,'Hydrometeorology and Monitoring Center\" SNCO',NULL,NULL,NULL),(274,NULL,'Hypermeteo',NULL,NULL,NULL),(275,NULL,'IAFFE',NULL,NULL,NULL),(276,NULL,'Iberdrola',NULL,NULL,NULL),(277,NULL,'Icatalist',NULL,NULL,NULL),(278,NULL,'I-CATALIST (MIP4Adapt)',NULL,NULL,NULL),(279,NULL,'Icem',NULL,NULL,NULL),(280,NULL,'ICLEI Europe ',NULL,NULL,NULL),(281,NULL,'iClimate Adviser',NULL,NULL,NULL),(282,NULL,'ICPEDH',NULL,NULL,NULL),(283,NULL,'IDIAPJGol',NULL,NULL,NULL),(284,NULL,'IDSAA',NULL,NULL,NULL),(285,NULL,'Ieecp',NULL,NULL,NULL),(286,NULL,'IER',NULL,NULL,NULL),(287,NULL,'IHE Delft Institute for Water Education',NULL,NULL,NULL),(288,NULL,'IIASA',NULL,NULL,NULL),(289,NULL,'ikrishibid',NULL,NULL,NULL),(290,NULL,'IMQ eAmbiente',NULL,NULL,NULL),(291,NULL,'INARCH',NULL,NULL,NULL),(292,NULL,'Independent Researcher',NULL,NULL,NULL),(293,NULL,'Indian Institute of Technology Madras ',NULL,NULL,NULL),(294,NULL,'INFORMEST',NULL,NULL,NULL),(295,NULL,'Infowe Concepts Ltd',NULL,NULL,NULL),(296,NULL,'INGV',NULL,NULL,NULL),(297,NULL,'Inside Climate Service srl',NULL,NULL,NULL),(298,NULL,'Institute for Anthropocene Studies',NULL,NULL,NULL),(299,NULL,'Institute for Climate Economics (I4CE)',NULL,NULL,NULL),(300,NULL,'Institute of BioEconomy - National Research Council',NULL,NULL,NULL),(301,NULL,'Institute of Hydrometeorology and Seismology',NULL,NULL,NULL),(302,NULL,'Institute of Oil and Gas Studies,  University of Cape Coast,  Ghana ',NULL,NULL,NULL),(303,NULL,'Institute Pierre Simon Laplace',NULL,NULL,NULL),(304,NULL,'Instituto de Geografia e Ordenamento do Territorio',NULL,NULL,NULL),(305,NULL,'Insubria',NULL,NULL,NULL),(306,NULL,'Intecs Solutions',NULL,NULL,NULL),(307,NULL,'Integrated Research and Action for Development',NULL,NULL,NULL),(308,NULL,'Integration Umwelt & Energie GmbH',NULL,NULL,NULL),(309,NULL,'International Institute for Applied Systems Analysis (IIASA)',NULL,NULL,NULL),(310,NULL,'International Telematic University UNINETTUNO',NULL,NULL,NULL),(311,NULL,'Ipres',NULL,NULL,NULL),(312,NULL,'Iran Meteorological Organization (IRIMO)',NULL,NULL,NULL),(313,NULL,'IRI',NULL,NULL,NULL),(314,NULL,'ISENSE/Institute of Communication & Computer Systems (ICCS)',NULL,NULL,NULL),(315,NULL,'ISF BG',NULL,NULL,NULL),(316,NULL,'ISISS Giovanni Falcone',NULL,NULL,NULL),(317,NULL,'ISMEA',NULL,NULL,NULL),(318,NULL,'ISPRA',NULL,NULL,NULL),(319,NULL,'ISS',NULL,NULL,NULL),(320,NULL,'IST',NULL,NULL,NULL),(321,NULL,'Istituto Nazionale di Geofisica e Vulcanologia',NULL,NULL,NULL),(322,NULL,'ITET',NULL,NULL,NULL),(323,NULL,'Iuav',NULL,NULL,NULL),(324,NULL,'IUAV ',NULL,NULL,NULL),(325,NULL,'IUSS',NULL,NULL,NULL),(326,NULL,'James Corner Field Operations',NULL,NULL,NULL),(327,NULL,'JAMSTEC',NULL,NULL,NULL),(328,NULL,'JBA Consulting',NULL,NULL,NULL),(329,NULL,'JBA Risk Management',NULL,NULL,NULL),(330,NULL,'Joint reseerch centre',NULL,NULL,NULL),(331,NULL,'JPI Climate',NULL,NULL,NULL),(332,NULL,'JRC',NULL,NULL,NULL),(333,NULL,'Kharazmi University',NULL,NULL,NULL),(334,NULL,'kilowatt',NULL,NULL,NULL),(335,NULL,'KP Consulting',NULL,NULL,NULL),(336,NULL,'Krakow Metropolitan Association ',NULL,NULL,NULL),(337,NULL,'Kulama (For Earth)',NULL,NULL,NULL),(338,NULL,'Kurzeme Planning region',NULL,NULL,NULL),(339,NULL,'Labor fr Kunst und nachhaltige Bildung (LaKunaBi)',NULL,NULL,NULL),(340,NULL,'Laboratoire des Sciences du Climat et de l\'environment (LSCE)',NULL,NULL,NULL),(341,NULL,'Lass Ann schreiben',NULL,NULL,NULL),(342,NULL,'Latham & Watkins',NULL,NULL,NULL),(343,NULL,'Lebanese University',NULL,NULL,NULL),(344,NULL,'Leibniz Universitt Hannover',NULL,NULL,NULL),(345,NULL,'LGI Sustainable Innovation',NULL,NULL,NULL),(346,NULL,'libero pofessionista',NULL,NULL,NULL),(347,NULL,'LIBRA AI Technologies IKE',NULL,NULL,NULL),(348,NULL,'Liceo classico G. Palmieri',NULL,NULL,NULL),(349,NULL,'LINKS Foundation',NULL,NULL,NULL),(350,NULL,'Lisboa E-Nova - Energy and Environment Agency of Lisbon',NULL,NULL,NULL),(351,NULL,'Lithuanian Energy Institute',NULL,NULL,NULL),(352,NULL,'LNH Water ApS',NULL,NULL,NULL),(353,NULL,'Lobelia Earth',NULL,NULL,NULL),(354,NULL,'London School of Economics and Poltical Science',NULL,NULL,NULL),(355,NULL,'Lund University',NULL,NULL,NULL),(356,NULL,'Macromicro Association',NULL,NULL,NULL),(357,NULL,'Madda Walabu University',NULL,NULL,NULL),(358,NULL,'Manchester Care & Repair',NULL,NULL,NULL),(359,NULL,'Manila Observatory',NULL,NULL,NULL),(360,NULL,'Marche Region',NULL,NULL,NULL),(361,NULL,'MARIS',NULL,NULL,NULL),(362,NULL,'Master Builders Solutions Italia Spa',NULL,NULL,NULL),(363,NULL,'Max Planck Institute for Meteorology',NULL,NULL,NULL),(364,NULL,'Mazovia Energy Agency',NULL,NULL,NULL),(365,NULL,'Media',NULL,NULL,NULL),(366,NULL,'mercator ocean international',NULL,NULL,NULL),(367,NULL,'Met ireann',NULL,NULL,NULL),(368,NULL,'Met Office',NULL,NULL,NULL),(369,NULL,'Meteo france',NULL,NULL,NULL),(370,NULL,'Meteosim',NULL,NULL,NULL),(371,NULL,'Mewar University',NULL,NULL,NULL),(372,NULL,'Midlands State University',NULL,NULL,NULL),(373,NULL,'Minister of agriculture Turkey',NULL,NULL,NULL),(374,NULL,'Ministry of Economy and Sustainable Development',NULL,NULL,NULL),(375,NULL,'MINISTRY OF EDUCATION AND TRAINING,  NATIONAL CURRICULUM DEVELOPMENT CENTRE (NCDC)',NULL,NULL,NULL),(376,NULL,'Ministry of Environment ',NULL,NULL,NULL),(377,NULL,'Ministry of Environment and Climate Change (MECC) Qatar',NULL,NULL,NULL),(378,NULL,'ministry of environment and energy security',NULL,NULL,NULL),(379,NULL,'Ministry of Foreign Trade and Economic Relations of Bosnia and Herzegovina',NULL,NULL,NULL),(380,NULL,'Ministry of the Environment, Government of Japan',NULL,NULL,NULL),(381,NULL,'MIO-ECSDE',NULL,NULL,NULL),(382,NULL,'MIP4Adapt',NULL,NULL,NULL),(383,NULL,'Mitiga Solutions',NULL,NULL,NULL),(384,NULL,'MoEPRD',NULL,NULL,NULL),(385,NULL,'Msunduzi Municipality',NULL,NULL,NULL),(386,NULL,'Mller-BBM Cert Umweltgutachter GmbH',NULL,NULL,NULL),(387,NULL,'Municipality of Vila nova de Famalico',NULL,NULL,NULL),(388,NULL,'Municpio Famalico ',NULL,NULL,NULL),(389,NULL,'Museo della Cascata srls',NULL,NULL,NULL),(390,NULL,'My Birthday Tree',NULL,NULL,NULL),(391,NULL,'Nansen Environmental and Remote Sensing Center',NULL,NULL,NULL),(392,NULL,'NASA',NULL,NULL,NULL),(393,NULL,'National Center of Public Health and Analyses',NULL,NULL,NULL),(394,NULL,'National Environment and Climate Change Agency',NULL,NULL,NULL),(395,NULL,'National Institut of researches in rural ingeneering water and forest',NULL,NULL,NULL),(396,NULL,'National Institute of Jamshedpur',NULL,NULL,NULL),(397,NULL,'National Institute of Meteorology',NULL,NULL,NULL),(398,NULL,'National institute of meteorology  of tunisia',NULL,NULL,NULL),(399,NULL,'National Meteorological Administration',NULL,NULL,NULL),(400,NULL,'National Ministry of Livestock and Fisheries ',NULL,NULL,NULL),(401,NULL,'National Observatory of Athens',NULL,NULL,NULL),(402,NULL,'National Office for Implementation Environmental Projects (ONIPM),  Ministry of Environment of the Republic of Moldova',NULL,NULL,NULL),(403,NULL,'National Research Council ISMAR',NULL,NULL,NULL),(404,NULL,'National Research Council of Italy (CNR)',NULL,NULL,NULL),(405,NULL,'National Taiwan University',NULL,NULL,NULL),(406,NULL,'National Technical University of Athens',NULL,NULL,NULL),(407,NULL,'National University of Mexico',NULL,NULL,NULL),(408,NULL,'Natural Resources Institute',NULL,NULL,NULL),(409,NULL,'NCAS',NULL,NULL,NULL),(410,NULL,'NCSR Demokritos',NULL,NULL,NULL),(411,NULL,'NGO \"EKAPRAEKT\"',NULL,NULL,NULL),(412,NULL,'NGO Ecopartnership',NULL,NULL,NULL),(413,NULL,'Nistarini College',NULL,NULL,NULL),(414,NULL,'NMA Romania',NULL,NULL,NULL),(415,NULL,'NOAA',NULL,NULL,NULL),(416,NULL,'none',NULL,NULL,NULL),(417,NULL,'NORCE Norwegian Research Center AS',NULL,NULL,NULL),(418,NULL,'nwrg-onlus',NULL,NULL,NULL),(419,NULL,'Observatrio da Paisagem da Charneca ',NULL,NULL,NULL),(420,NULL,'OceanHis SrL',NULL,NULL,NULL),(421,NULL,'OeNB',NULL,NULL,NULL),(422,NULL,'OFB-Life ARTISAN',NULL,NULL,NULL),(423,NULL,'Off Course Studio',NULL,NULL,NULL),(424,NULL,'Office for National Statistics',NULL,NULL,NULL),(425,NULL,'Officina Digitale Imola',NULL,NULL,NULL),(426,NULL,'OGS',NULL,NULL,NULL),(427,NULL,'Open Hydro',NULL,NULL,NULL),(428,NULL,'rsted',NULL,NULL,NULL),(429,NULL,'OS BJankovic',NULL,NULL,NULL),(430,NULL,'Osi Joe Touching Lives Initiative',NULL,NULL,NULL),(431,NULL,'Ottima Plus - Science and Technology',NULL,NULL,NULL),(432,NULL,'own',NULL,NULL,NULL),(433,NULL,'Pakistan Agricultural Research Council Islamabad',NULL,NULL,NULL),(434,NULL,'Palermoscienza ETS',NULL,NULL,NULL),(435,NULL,'Pension Fund ',NULL,NULL,NULL),(436,NULL,'Peyzaj Arastirmalari Dernegi -PAD',NULL,NULL,NULL),(437,NULL,'PHE Ethiopia Consortium',NULL,NULL,NULL),(438,NULL,'PIK',NULL,NULL,NULL),(439,NULL,'Politecnico di Milano',NULL,NULL,NULL),(440,NULL,'Politecnico di Torino',NULL,NULL,NULL),(441,NULL,'Power Engineering Institute of Belarus National Academy of Sciences',NULL,NULL,NULL),(442,NULL,'Predictia Intelligent Data Solutions',NULL,NULL,NULL),(443,NULL,'Prescient Weather',NULL,NULL,NULL),(444,NULL,'Private',NULL,NULL,NULL),(445,NULL,'Private sector ',NULL,NULL,NULL),(446,NULL,'Provincia di Trento (APPA)',NULL,NULL,NULL),(447,NULL,'Pubblica amministrazione',NULL,NULL,NULL),(448,NULL,'PwC (GR)',NULL,NULL,NULL),(449,NULL,'Quaid-i-Azam university, Islamabad ',NULL,NULL,NULL),(450,NULL,'Rabobank',NULL,NULL,NULL),(451,NULL,'Ramboll',NULL,NULL,NULL),(452,NULL,'Rcs Media',NULL,NULL,NULL),(453,NULL,'Red Sea Cruise Company',NULL,NULL,NULL),(454,NULL,'REGEA',NULL,NULL,NULL),(455,NULL,'Regione Emilia-Romagna ',NULL,NULL,NULL),(456,NULL,'REMHI',NULL,NULL,NULL),(457,NULL,'Renewables Grid Initiative',NULL,NULL,NULL),(458,NULL,'Republic Hydrometeorological Service of Serbia',NULL,NULL,NULL),(459,NULL,'Republic Hydrometeorological servise of Serbia (RHMZ)',NULL,NULL,NULL),(460,NULL,'reScope',NULL,NULL,NULL),(461,NULL,'Research institute of Meteorology and Atmospheric Science',NULL,NULL,NULL),(462,NULL,'Resilient Cities Network',NULL,NULL,NULL),(463,NULL,'RIMAS',NULL,NULL,NULL),(464,NULL,'RMSI',NULL,NULL,NULL),(465,NULL,'RO',NULL,NULL,NULL),(466,NULL,'Royal Institute of Technology (KTH)',NULL,NULL,NULL),(467,NULL,'Royal Meteorological Institute of Belgium',NULL,NULL,NULL),(468,NULL,'Royal Netherlands Meteorological Institute (KNMI)',NULL,NULL,NULL),(469,NULL,'RSE S.p.A.',NULL,NULL,NULL),(470,NULL,'RSS Jordan',NULL,NULL,NULL),(471,NULL,'Rutas del Conflicto',NULL,NULL,NULL),(472,NULL,'RWE',NULL,NULL,NULL),(473,NULL,'SABESP',NULL,NULL,NULL),(474,NULL,'Salukat',NULL,NULL,NULL),(475,NULL,'Sapienza Universit di Roma',NULL,NULL,NULL),(476,NULL,'Satellite Applications Catapult',NULL,NULL,NULL),(477,NULL,'Science and research centre Koper (ZRS Koper)',NULL,NULL,NULL),(478,NULL,'Science and Technology Facilities Council (STFC)',NULL,NULL,NULL),(479,NULL,'Scientific Society for Water Resources',NULL,NULL,NULL),(480,NULL,'Scientists for Future',NULL,NULL,NULL),(481,NULL,'Seabeck Systems',NULL,NULL,NULL),(482,NULL,'SEMIL',NULL,NULL,NULL),(483,NULL,'SHRI J J T UNIVERSITY ',NULL,NULL,NULL),(484,NULL,'ibenik-Knin County',NULL,NULL,NULL),(485,NULL,'Simmons & Simmons',NULL,NULL,NULL),(486,NULL,'Singapore-MIT Alliance for Research and Technology',NULL,NULL,NULL),(487,NULL,'SINTEF OCEAN',NULL,NULL,NULL),(488,NULL,'SISSA',NULL,NULL,NULL),(489,NULL,'SLLC Latvian Environment,  Geology and Meteorology Centre',NULL,NULL,NULL),(490,NULL,'Slovak Environment Agency',NULL,NULL,NULL),(491,NULL,'Slovak hydrometeorological institute',NULL,NULL,NULL),(492,NULL,'Slovenian Environment Agency (ARSO)',NULL,NULL,NULL),(493,NULL,'Social Innovation Lab Gdynia ',NULL,NULL,NULL),(494,NULL,'Social Nebula',NULL,NULL,NULL),(495,NULL,'Sogrape',NULL,NULL,NULL),(496,NULL,'Sostenibilidad a Medida',NULL,NULL,NULL),(497,NULL,'South Pole',NULL,NULL,NULL),(498,NULL,'SOWIT',NULL,NULL,NULL),(499,NULL,'Stellenbosch University',NULL,NULL,NULL),(500,NULL,'Stichting Mission Lanka ',NULL,NULL,NULL),(501,NULL,'Stockholm Environment Institute',NULL,NULL,NULL),(502,NULL,'Stop CO2 Ltd',NULL,NULL,NULL),(503,NULL,'Sunday Standard',NULL,NULL,NULL),(504,NULL,'Sustainable Brussels ',NULL,NULL,NULL),(505,NULL,'Sustainable Innovation Institute',NULL,NULL,NULL),(506,NULL,'Sustainary Sul da Europa e Africa ',NULL,NULL,NULL),(507,NULL,'SWECO',NULL,NULL,NULL),(508,NULL,'Swedish Meteorological and Hydrological Institute',NULL,NULL,NULL),(509,NULL,'Swedish Meteorological and Hydrological Institute (SMHI)',NULL,NULL,NULL),(510,NULL,'SwitchMED - Maghweb',NULL,NULL,NULL),(511,NULL,'Symington Family Estates',NULL,NULL,NULL),(512,NULL,'SYMLOG',NULL,NULL,NULL),(513,NULL,'System2C',NULL,NULL,NULL),(514,NULL,'t6 ',NULL,NULL,NULL),(515,NULL,'Tahadhari Center for Climate and Migration in Euro-Med (TCCMEM)',NULL,NULL,NULL),(516,NULL,'Tanjug television',NULL,NULL,NULL),(517,NULL,'Tapananda Rural Development Society ',NULL,NULL,NULL),(518,NULL,'Technical University Munich',NULL,NULL,NULL),(519,NULL,'Technical university of Crete',NULL,NULL,NULL),(520,NULL,'Technical University of Denmark (DTU)',NULL,NULL,NULL),(521,NULL,'Tecnalia',NULL,NULL,NULL),(522,NULL,'Tehran Disaster Mitigation Management Organization',NULL,NULL,NULL),(523,NULL,'TERI',NULL,NULL,NULL),(524,NULL,'The American University of Rome',NULL,NULL,NULL),(525,NULL,'The Arctic University of Norway ',NULL,NULL,NULL),(526,NULL,'The Bureau of Investigative Journalism',NULL,NULL,NULL),(527,NULL,'The Climate Data Factory',NULL,NULL,NULL),(528,NULL,'The Cyprus Institute',NULL,NULL,NULL),(529,NULL,'The Energy and Resources Institute',NULL,NULL,NULL),(530,NULL,'The Entrepreneurial University - TUM',NULL,NULL,NULL),(531,NULL,'The Malta Business Weekly',NULL,NULL,NULL),(532,NULL,'The Meteorological Office',NULL,NULL,NULL),(533,NULL,'The norwegian veritas (DNV)',NULL,NULL,NULL),(534,NULL,'The Ocean Foundation ',NULL,NULL,NULL),(535,NULL,'The Research Council of Norway',NULL,NULL,NULL),(536,NULL,'Thuenen Institute',NULL,NULL,NULL),(537,NULL,'TIB  Leibniz-Informationszentrum Technik und  Naturwissenschaften ',NULL,NULL,NULL),(538,NULL,'TIMBERCARE',NULL,NULL,NULL),(539,NULL,'Trinity College Dublin',NULL,NULL,NULL),(540,NULL,'Tripura University ',NULL,NULL,NULL),(541,NULL,'TBTAK MAM',NULL,NULL,NULL),(542,NULL,'tue Energy and Resources Institute ',NULL,NULL,NULL),(543,NULL,'Turkish State Meteorological Service',NULL,NULL,NULL),(544,NULL,'Tyrsky Consulting',NULL,NULL,NULL),(545,NULL,'Ubivivo',NULL,NULL,NULL),(546,NULL,'U-BOOT Lab',NULL,NULL,NULL),(547,NULL,'UCL',NULL,NULL,NULL),(548,NULL,'UDYAMA',NULL,NULL,NULL),(549,NULL,'Uganda Forestry Association',NULL,NULL,NULL),(550,NULL,'UK Centre for Ecology and Hydrology',NULL,NULL,NULL),(551,NULL,'UKHSA',NULL,NULL,NULL),(552,NULL,'UKMO',NULL,NULL,NULL),(553,NULL,'UMass Amherst - Energy Transition Institute',NULL,NULL,NULL),(554,NULL,'UN ECLAC',NULL,NULL,NULL),(555,NULL,'Unesco',NULL,NULL,NULL),(556,NULL,'Unibo',NULL,NULL,NULL),(557,NULL,'UNIFI',NULL,NULL,NULL),(558,NULL,'Unimib',NULL,NULL,NULL),(559,NULL,'Union for the Mediterranean',NULL,NULL,NULL),(560,NULL,'United Nations Economic and Social Commission for Western Asia',NULL,NULL,NULL),(561,NULL,'UNITO',NULL,NULL,NULL),(562,NULL,'UNITS',NULL,NULL,NULL),(563,NULL,'Univeristy of Oxford',NULL,NULL,NULL),(564,NULL,'Universidad Complutense de Madrid',NULL,NULL,NULL),(565,NULL,'Universidad de Jan ',NULL,NULL,NULL),(566,NULL,'Universidad Nacional de Ro Cuarto ',NULL,NULL,NULL),(567,NULL,'Universidad Nacional del Este',NULL,NULL,NULL),(568,NULL,'Universit degli Studi di Camerino',NULL,NULL,NULL),(569,NULL,'universit degli studi di milano-bicocca',NULL,NULL,NULL),(570,NULL,'Universit degli studi di Sassari',NULL,NULL,NULL),(571,NULL,'Universit degli Studi di Verona',NULL,NULL,NULL),(572,NULL,'Universit di Camerino',NULL,NULL,NULL),(573,NULL,'universit di Firenze',NULL,NULL,NULL),(574,NULL,'Universit di sassari',NULL,NULL,NULL),(575,NULL,'Universit di Urbino Carlo Bo ',NULL,NULL,NULL),(576,NULL,'Universit La Sapienza',NULL,NULL,NULL),(577,NULL,'Universit Politecnica delle Marche',NULL,NULL,NULL),(578,NULL,'Universitat Autonoma de Barcelona',NULL,NULL,NULL),(579,NULL,'Universitat Politecnica de Valencia',NULL,NULL,NULL),(580,NULL,'University',NULL,NULL,NULL),(581,NULL,'university chouib doukkali',NULL,NULL,NULL),(582,NULL,'University of Belgrade',NULL,NULL,NULL),(583,NULL,'University of Bologna',NULL,NULL,NULL),(584,NULL,'University of Bremen (UBREMEN)',NULL,NULL,NULL),(585,NULL,'University of Brescia',NULL,NULL,NULL),(586,NULL,'University of Bristol, UK',NULL,NULL,NULL),(587,NULL,'University of Brunei Darussalam',NULL,NULL,NULL),(588,NULL,'University of Buenos Aires - CONICET',NULL,NULL,NULL),(589,NULL,'University of East Anglia',NULL,NULL,NULL),(590,NULL,'University of Energy and Natural Resources',NULL,NULL,NULL),(591,NULL,'University of Exeter',NULL,NULL,NULL),(592,NULL,'University of Ferrara ',NULL,NULL,NULL),(593,NULL,'University of Greenwich',NULL,NULL,NULL),(594,NULL,'University of Haifa',NULL,NULL,NULL),(595,NULL,'University of Hamburg',NULL,NULL,NULL),(596,NULL,'University of Helsinki',NULL,NULL,NULL),(597,NULL,'University of Jan Spain',NULL,NULL,NULL),(598,'leeds','University of Leeds','University of Leeds','https://www.leeds.ac.uk/','UK'),(599,NULL,'University of Lisbon',NULL,NULL,NULL),(600,NULL,'University of Milan',NULL,NULL,NULL),(601,NULL,'University of Milano-Bicocca',NULL,NULL,NULL),(602,NULL,'University of Nigeria',NULL,NULL,NULL),(603,NULL,'University of Nis',NULL,NULL,NULL),(604,NULL,'University of Novi Sad',NULL,NULL,NULL),(605,NULL,'University of Oxford',NULL,NULL,NULL),(606,NULL,'University of Padua',NULL,NULL,NULL),(607,NULL,'University of Parma',NULL,NULL,NULL),(608,NULL,'University of Peloponese',NULL,NULL,NULL),(609,NULL,'University of Quebec at Rimouski',NULL,NULL,NULL),(610,NULL,'University of Reading, UK',NULL,NULL,NULL),(611,NULL,'University of Rome Sapienza',NULL,NULL,NULL),(612,NULL,'University of So Paulo - USP',NULL,NULL,NULL),(613,NULL,'University of science and technology Houari Boumediene ',NULL,NULL,NULL),(614,NULL,'University of Shkoder \"Luigj Gurakuqi\", Albania',NULL,NULL,NULL),(615,NULL,'University of Tartu',NULL,NULL,NULL),(616,NULL,'University of Tehran',NULL,NULL,NULL),(617,NULL,'University of Trento',NULL,NULL,NULL),(618,NULL,'University of Udine',NULL,NULL,NULL),(619,NULL,'University of Valladolid',NULL,NULL,NULL),(620,NULL,'University of York',NULL,NULL,NULL),(621,NULL,'University of Zagreb',NULL,NULL,NULL),(622,NULL,'UPC',NULL,NULL,NULL),(623,NULL,'Uppsala University',NULL,NULL,NULL),(624,NULL,'Urban Climate Change Research Network (UCCRN)',NULL,NULL,NULL),(625,NULL,'Urban Heat Studio',NULL,NULL,NULL),(626,NULL,'US EPA',NULL,NULL,NULL),(627,NULL,'USAID Climate Adaptation Support Activity / Tetra Tech',NULL,NULL,NULL),(628,NULL,'Utrecht University',NULL,NULL,NULL),(629,NULL,'Value Sustainability',NULL,NULL,NULL),(630,NULL,'VCU',NULL,NULL,NULL),(631,NULL,'Venice International University',NULL,NULL,NULL),(632,NULL,'Vidzeme Planning Region',NULL,NULL,NULL),(633,NULL,'VIETNAM NATIONAL PLANT GENEBANK',NULL,NULL,NULL),(634,NULL,'Vilnius Climate Neutral',NULL,NULL,NULL),(635,NULL,'vitiDron',NULL,NULL,NULL),(636,NULL,'Vrije Universiteit Amsterdam',NULL,NULL,NULL),(637,NULL,'Vrije Universiteit Brussel',NULL,NULL,NULL),(638,NULL,'Wageningen Environmental Research (WENR)',NULL,NULL,NULL),(639,NULL,'Wageningen University & Research (WUR)',NULL,NULL,NULL),(640,NULL,'Water resources management',NULL,NULL,NULL),(641,NULL,'Water resources STUDENT ',NULL,NULL,NULL),(642,NULL,'Water Resources/Ministry of Environment',NULL,NULL,NULL),(643,NULL,'Weather Logistics Ltd',NULL,NULL,NULL),(644,NULL,'webLyzard technology',NULL,NULL,NULL),(645,NULL,'WeCCAN',NULL,NULL,NULL),(646,NULL,'WEMC',NULL,NULL,NULL),(647,NULL,'West African Science Service Centre on Climate Change and Adapted Land Use WASCAL',NULL,NULL,NULL),(648,NULL,'West Midlands Combined Authority',NULL,NULL,NULL),(649,NULL,'Western Mindanao State University - Environmental Science Society',NULL,NULL,NULL),(650,NULL,'Wetterskip Fryslan',NULL,NULL,NULL),(651,NULL,'Wired Italia',NULL,NULL,NULL),(652,NULL,'World Meteorological Organization (WMO)',NULL,NULL,NULL),(653,NULL,'WSB Banking University',NULL,NULL,NULL),(654,NULL,'WSB Chorzow',NULL,NULL,NULL),(655,NULL,'WSB University in Pozna',NULL,NULL,NULL),(656,NULL,'WSP',NULL,NULL,NULL),(657,NULL,'Wrtz Media - Verlag Kathrin Rosi Wrtz',NULL,NULL,NULL),(658,NULL,'xian jiaotong liverpool uni.',NULL,NULL,NULL),(659,NULL,'XJTLU',NULL,NULL,NULL),(660,NULL,'Xlog',NULL,NULL,NULL),(661,NULL,'Yamesa Consulting',NULL,NULL,NULL),(662,NULL,'Yazd University',NULL,NULL,NULL),(663,NULL,'YOU&ME Architecture',NULL,NULL,NULL),(664,NULL,'Zero Extreme ',NULL,NULL,NULL),(665,NULL,'zeroco2',NULL,NULL,NULL),(666,NULL,'ilina self-governing region',NULL,NULL,NULL),(667,NULL,'Zurich Insurance ',NULL,NULL,NULL),(668,NULL,'  \" \" ..;  \"    \"',NULL,NULL,NULL),(669,NULL,'other',NULL,NULL,NULL),(704,'UMASS','University of Massachusetts','University of Massachusetts','https://www.umass.edu/',' United States');
/*!40000 ALTER TABLE `Organization` ENABLE KEYS */;
UNLOCK TABLES;

--
-- Table structure for table `OrganizationChange`
--

DROP TABLE IF EXISTS `OrganizationChange`;
/*!40101 SET @saved_cs_client     = @@character_set_client */;
/*!50503 SET character_set_client = utf8mb4 */;
CREATE TABLE `OrganizationChange` (
  `id` int NOT NULL AUTO_INCREMENT,
  `organizationId` int NOT NULL,
  `field` varchar(191) CHARACTER SET utf8mb4 COLLATE utf8mb4_unicode_ci NOT NULL,
  `oldValue` varchar(191) CHARACTER SET utf8mb4 COLLATE utf8mb4_unicode_ci DEFAULT NULL,
  `newValue` varchar(191) CHARACTER SET utf8mb4 COLLATE utf8mb4_unicode_ci DEFAULT NULL,
  `changedBy` int NOT NULL,
  `createdAt` datetime(3) NOT NULL DEFAULT CURRENT_TIMESTAMP(3),
  PRIMARY KEY (`id`),
  KEY `OrganizationChange_organizationId_idx` (`organizationId`),
  CONSTRAINT `OrganizationChange_organizationId_fkey` FOREIGN KEY (`organizationId`) REFERENCES `Organization` (`id`) ON DELETE RESTRICT ON UPDATE CASCADE
) ENGINE=InnoDB AUTO_INCREMENT=4 DEFAULT CHARSET=utf8mb4 COLLATE=utf8mb4_unicode_ci;
/*!40101 SET character_set_client = @saved_cs_client */;

--
-- Dumping data for table `OrganizationChange`
--

LOCK TABLES `OrganizationChange` WRITE;
/*!40000 ALTER TABLE `OrganizationChange` DISABLE KEYS */;
INSERT INTO `OrganizationChange` VALUES (1,1,'acronym','A SUD','A. SUD',6,'2024-11-21 16:03:36.981'),(2,1,'acronym','A. SUD','A SUD',6,'2024-11-21 16:05:53.026'),(3,1,'acronym','A SUD','A. SUD',6,'2024-11-21 16:42:27.810');
/*!40000 ALTER TABLE `OrganizationChange` ENABLE KEYS */;
UNLOCK TABLES;

--
-- Table structure for table `SearchQuery`
--

DROP TABLE IF EXISTS `SearchQuery`;
/*!40101 SET @saved_cs_client     = @@character_set_client */;
/*!50503 SET character_set_client = utf8mb4 */;
CREATE TABLE `SearchQuery` (
  `id` int NOT NULL AUTO_INCREMENT,
  `query` varchar(191) CHARACTER SET utf8mb4 COLLATE utf8mb4_unicode_ci NOT NULL,
  `userId` int NOT NULL,
  `createdAt` datetime(3) NOT NULL DEFAULT CURRENT_TIMESTAMP(3),
  `filters` json DEFAULT NULL,
  PRIMARY KEY (`id`),
  KEY `SearchQuery_userId_fkey` (`userId`),
  CONSTRAINT `SearchQuery_userId_fkey` FOREIGN KEY (`userId`) REFERENCES `User` (`id`) ON DELETE RESTRICT ON UPDATE CASCADE
) ENGINE=InnoDB AUTO_INCREMENT=756 DEFAULT CHARSET=utf8mb4 COLLATE=utf8mb4_unicode_ci;
/*!40101 SET character_set_client = @saved_cs_client */;

--
-- Dumping data for table `SearchQuery`
--

LOCK TABLES `SearchQuery` WRITE;
/*!40000 ALTER TABLE `SearchQuery` DISABLE KEYS */;
INSERT INTO `SearchQuery` VALUES (440,'santiago',6,'2024-11-21 14:17:17.380',NULL),(441,'santiago',6,'2024-11-21 14:17:17.380',NULL),(442,'2941',6,'2024-11-21 14:17:17.380',NULL),(443,'2941',6,'2024-11-21 14:17:17.380',NULL),(444,'santiago',6,'2024-11-21 14:17:17.380',NULL),(445,'sam',6,'2024-11-21 14:17:17.380',NULL),(446,'1661',6,'2024-11-21 14:17:17.380',NULL),(447,'sam',6,'2024-11-21 14:17:17.380',NULL),(448,'1661',6,'2024-11-21 14:17:17.380',NULL),(449,'1661',6,'2024-11-21 14:17:17.380',NULL),(450,'1661',6,'2024-11-21 14:17:17.380',NULL),(451,'1661',6,'2024-11-21 14:17:17.380',NULL),(452,'1661',6,'2024-11-21 14:17:17.380',NULL),(453,'1661',6,'2024-11-21 14:17:17.380',NULL),(454,'barcelona',6,'2024-11-21 14:17:17.380',NULL),(455,'1717',6,'2024-11-21 14:17:17.380',NULL),(456,'santiago',6,'2024-11-21 14:17:17.380',NULL),(457,'santiago',6,'2024-11-21 14:17:17.380',NULL),(458,'santiago',6,'2024-11-21 14:17:17.380',NULL),(459,'santiago',6,'2024-11-21 14:17:17.380',NULL),(460,'santiago',6,'2024-11-21 14:17:17.380',NULL),(461,'santiago',6,'2024-11-21 14:17:17.380',NULL),(462,'santiago',6,'2024-11-21 14:17:17.380',NULL),(463,'barcelona',6,'2024-11-21 14:17:17.380',NULL),(464,'1717',6,'2024-11-21 14:17:17.380',NULL),(465,'1717',6,'2024-11-21 14:17:17.380',NULL),(466,'1717',6,'2024-11-21 14:17:17.380',NULL),(467,'1717',6,'2024-11-21 14:17:17.380',NULL),(468,'1717',6,'2024-11-21 14:17:17.380',NULL),(469,'1717',6,'2024-11-21 14:17:17.380',NULL),(470,'1717',6,'2024-11-21 14:17:17.380',NULL),(471,'1717',6,'2024-11-21 14:17:17.380',NULL),(472,'1717',6,'2024-11-21 14:17:17.380',NULL),(473,'1717',6,'2024-11-21 14:17:17.380',NULL),(474,'1717',6,'2024-11-21 14:17:17.380',NULL),(475,'1717',6,'2024-11-21 14:17:17.380',NULL),(476,'1717',6,'2024-11-21 14:17:17.380',NULL),(477,'1717',6,'2024-11-21 14:17:17.380',NULL),(478,'1717',6,'2024-11-21 14:17:17.380',NULL),(479,'barcelona',6,'2024-11-21 14:17:17.380',NULL),(480,'santiago',6,'2024-11-21 14:17:17.380',NULL),(481,'francisco',6,'2024-11-21 14:17:17.380',NULL),(482,'francisco',6,'2024-11-21 14:17:17.380',NULL),(483,'1728',6,'2024-11-21 14:17:17.380',NULL),(484,'1728',6,'2024-11-21 14:17:17.380',NULL),(485,'1728',6,'2024-11-21 14:17:17.380',NULL),(486,'francisco',6,'2024-11-21 14:17:17.380',NULL),(487,'francisco',6,'2024-11-21 14:17:17.380',NULL),(488,'1721',6,'2024-11-21 14:17:17.380',NULL),(489,'1721',6,'2024-11-21 14:17:17.380',NULL),(490,'1454',6,'2024-11-21 14:17:17.380',NULL),(491,'1721',6,'2024-11-21 14:17:17.380',NULL),(492,'francisco',6,'2024-11-21 14:17:17.380',NULL),(493,'santiago',6,'2024-11-21 14:17:17.380',NULL),(494,'barcelona',6,'2024-11-21 14:17:17.380',NULL),(495,'1721',6,'2024-11-21 14:17:17.380',NULL),(496,'barcelona',6,'2024-11-21 14:17:17.380',NULL),(497,'1717',6,'2024-11-21 14:17:17.380',NULL),(498,'barcelona',6,'2024-11-21 14:17:17.380',NULL),(499,'1717',6,'2024-11-21 14:17:17.380',NULL),(500,'1717',6,'2024-11-21 14:17:17.380',NULL),(501,'',6,'2024-11-21 14:17:17.380',NULL),(502,'melissa',6,'2024-11-21 14:17:17.380',NULL),(503,'rutger',6,'2024-11-21 14:17:17.380',NULL),(504,'andreas',6,'2024-11-21 14:17:17.380',NULL),(505,'peng',6,'2024-11-21 14:17:17.380',NULL),(506,'philip',6,'2024-11-21 14:17:17.380',NULL),(507,'stacey',6,'2024-11-21 14:17:17.380',NULL),(508,'eelco',6,'2024-11-21 14:17:17.380',NULL),(509,'nakiete',6,'2024-11-21 14:17:17.380',NULL),(510,'xavi',6,'2024-11-21 14:17:17.380',NULL),(511,'sam',6,'2024-11-21 14:17:17.380',NULL),(512,'sam',6,'2024-11-21 14:17:17.380',NULL),(513,'nakiete',6,'2024-11-21 14:17:17.380',NULL),(514,'paula',6,'2024-11-21 14:17:17.380',NULL),(515,'1701',6,'2024-11-21 14:17:17.380',NULL),(516,'barcelona',6,'2024-11-21 14:17:17.380',NULL),(517,'barcelona',6,'2024-11-21 14:17:17.380',NULL),(518,'barcelona',6,'2024-11-21 14:17:17.380',NULL),(519,'barcelona',6,'2024-11-21 14:17:17.380',NULL),(520,'',6,'2024-11-21 14:17:17.380',NULL),(521,'',6,'2024-11-21 14:17:17.380',NULL),(522,'',6,'2024-11-21 14:17:17.380',NULL),(523,'',6,'2024-11-21 14:17:17.380',NULL),(524,'',6,'2024-11-21 14:17:17.380',NULL),(525,'barcelona',6,'2024-11-21 14:17:17.380',NULL),(526,'barcelona',6,'2024-11-21 14:17:17.380',NULL),(527,'',6,'2024-11-21 14:17:17.380',NULL),(528,'',6,'2024-11-21 14:17:17.380',NULL),(529,'',6,'2024-11-21 14:17:17.380',NULL),(530,'',6,'2024-11-21 14:17:17.380',NULL),(531,'barcelona',6,'2024-11-21 14:17:17.380',NULL),(532,'barcelona supercomputing center',6,'2024-11-21 14:17:17.380',NULL),(533,'',6,'2024-11-21 14:17:17.380',NULL),(534,'',6,'2024-11-21 14:17:17.380',NULL),(535,'',6,'2024-11-21 14:17:17.380',NULL),(536,'barcelona',6,'2024-11-21 14:17:17.380',NULL),(537,'barcelona',6,'2024-11-21 14:17:17.380',NULL),(538,'SANTIAGO',6,'2024-11-21 14:17:17.380',NULL),(539,'SANTIAGO',6,'2024-11-21 14:17:17.380',NULL),(540,'barcelona',6,'2024-11-21 14:17:17.380',NULL),(541,'santiago',6,'2024-11-21 14:17:17.380',NULL),(542,'barcelona',6,'2024-11-21 14:17:17.380',NULL),(543,'',6,'2024-11-21 14:17:17.380',NULL),(544,'barcelona',6,'2024-11-21 14:17:17.380',NULL),(545,'',6,'2024-11-21 14:17:17.380',NULL),(546,'barcelona',6,'2024-11-21 14:17:17.380',NULL),(547,'barcelona',6,'2024-11-21 14:17:17.380',NULL),(548,'a',6,'2024-11-21 14:17:17.380',NULL),(549,'barcelona',6,'2024-11-21 14:17:17.380',NULL),(550,'barcelona',6,'2024-11-21 14:17:17.380',NULL),(551,'barcelona',6,'2024-11-21 14:17:17.380',NULL),(552,'barcelona',6,'2024-11-21 14:17:17.380',NULL),(553,'supercomputing',6,'2024-11-21 14:17:17.380',NULL),(554,'barcelona',6,'2024-11-21 14:17:17.380',NULL),(555,'santiago',6,'2024-11-21 14:17:17.380',NULL),(556,'santiago',6,'2024-11-21 14:17:17.380',NULL),(557,'francisco',6,'2024-11-21 14:17:17.380',NULL),(558,'francisco',6,'2024-11-21 14:17:17.380',NULL),(559,'francisco',6,'2024-11-21 14:17:17.380',NULL),(560,'cmcc',6,'2024-11-21 14:17:17.380',NULL),(561,'barcelona',6,'2024-11-21 14:17:17.380',NULL),(562,'barcelona',6,'2024-11-21 14:17:17.380',NULL),(563,'1478',6,'2024-11-21 14:17:17.380',NULL),(564,'barcelona',6,'2024-11-21 14:17:17.380',NULL),(565,'barcelona',6,'2024-11-21 14:17:17.380',NULL),(566,'barcelona',6,'2024-11-21 14:17:17.380',NULL),(567,'santiago',6,'2024-11-21 14:17:17.380',NULL),(568,'barcelona',6,'2024-11-21 14:17:17.380',NULL),(569,'bsc',6,'2024-11-21 14:17:17.380',NULL),(570,'barcelona',6,'2024-11-21 14:17:17.380',NULL),(571,'cmcc',6,'2024-11-21 14:17:17.380',NULL),(572,'leeds',6,'2024-11-21 14:17:17.380',NULL),(573,'leeds',6,'2024-11-21 14:17:17.380',NULL),(574,'london',6,'2024-11-21 14:17:17.380',NULL),(575,'grainger',6,'2024-11-21 14:17:17.380',NULL),(576,'barcelona',6,'2024-11-21 14:17:17.380',NULL),(577,'barcelona',6,'2024-11-21 14:17:17.380',NULL),(578,'santiago',6,'2024-11-21 14:17:17.380',NULL),(579,'santiago',6,'2024-11-21 14:17:17.380',NULL),(580,'research',6,'2024-11-21 14:17:17.380',NULL),(581,'research',6,'2024-11-21 14:17:17.380',NULL),(582,'barcelona',6,'2024-11-21 14:17:17.380',NULL),(583,'barcelona',6,'2024-11-21 14:17:17.380',NULL),(584,'1476',6,'2024-11-21 14:17:17.380',NULL),(585,'1476',6,'2024-11-21 14:17:17.380',NULL),(586,'santiago',6,'2024-11-21 13:41:39.476',NULL),(587,'francisco',6,'2024-11-21 13:42:26.008',NULL),(588,'sam gra',6,'2024-11-21 13:42:48.393',NULL),(589,'sam',6,'2024-11-21 13:43:10.343',NULL),(590,'sam',6,'2024-11-21 13:43:30.953',NULL),(591,'santiago',6,'2024-11-21 13:46:19.962',NULL),(592,'santiago',6,'2024-11-21 13:46:35.791',NULL),(593,'santiago',6,'2024-11-21 13:46:42.552',NULL),(594,'santiago',6,'2024-11-21 13:48:09.634',NULL),(595,'santiago',6,'2024-11-21 13:48:31.979',NULL),(596,'santiago',6,'2024-11-21 13:51:10.158',NULL),(597,'santiago',6,'2024-11-21 13:51:13.636',NULL),(598,'santiago',6,'2024-11-21 13:51:20.450',NULL),(599,'santiago',6,'2024-11-21 13:52:31.225',NULL),(600,'santiago',6,'2024-11-21 13:53:42.588',NULL),(601,'santiago',6,'2024-11-21 13:54:44.479',NULL),(602,'santiago',6,'2024-11-21 13:56:54.357',NULL),(603,'santiago',6,'2024-11-21 13:56:59.542',NULL),(604,'sam',6,'2024-11-21 13:57:30.128',NULL),(605,'francisco',6,'2024-11-21 13:58:20.485',NULL),(606,'francisco',6,'2024-11-21 13:58:31.890',NULL),(607,'francisco',6,'2024-11-21 13:59:59.275',NULL),(608,'francisco',6,'2024-11-21 14:02:15.084',NULL),(609,'francisco',6,'2024-11-21 14:02:29.444',NULL),(610,'francisco',6,'2024-11-21 14:03:26.047',NULL),(611,'francisco',6,'2024-11-21 14:04:10.046',NULL),(612,'francisco',6,'2024-11-21 14:06:35.495',NULL),(613,'francisco',6,'2024-11-21 14:06:40.509',NULL),(614,'francisco',6,'2024-11-21 14:06:43.258',NULL),(615,'santiago',6,'2024-11-21 14:06:48.370',NULL),(616,'barcelona',6,'2024-11-21 14:06:54.800',NULL),(617,'francisco',6,'2024-11-21 14:06:59.834',NULL),(618,'asdf',6,'2024-11-21 14:07:26.282',NULL),(619,'santiago',6,'2024-11-21 14:07:31.673',NULL),(620,'santiago',6,'2024-11-21 14:10:23.811',NULL),(621,'santiago',6,'2024-11-21 14:10:39.993',NULL),(622,'santiago',6,'2024-11-21 14:11:11.046',NULL),(623,'santiago',6,'2024-11-21 14:11:12.683',NULL),(624,'santiago',6,'2024-11-21 14:12:12.119',NULL),(625,'ana',6,'2024-11-21 14:14:08.399',NULL),(626,'ana',6,'2024-11-21 14:16:12.784',NULL),(627,'ana',6,'2024-11-21 14:18:17.503',NULL),(628,'sam',6,'2024-11-21 14:18:43.783',NULL),(629,'santiago',6,'2024-11-21 14:24:06.192',NULL),(630,'santiago',6,'2024-11-21 15:00:39.334',NULL),(631,'santiago',6,'2024-11-21 15:01:32.742',NULL),(632,'santiago',6,'2024-11-21 15:02:04.413',NULL),(633,'santiago',6,'2024-11-21 15:02:06.434',NULL),(634,'santiago',6,'2024-11-21 15:02:27.855',NULL),(635,'santiago',6,'2024-11-21 15:02:47.978',NULL),(636,'sam',6,'2024-11-21 15:06:30.542',NULL),(637,'sam',6,'2024-11-21 15:12:37.874',NULL),(638,'santiago',6,'2024-11-21 15:13:49.856',NULL),(639,'santiago',6,'2024-11-21 15:15:11.258',NULL),(640,'sam',6,'2024-11-21 15:16:01.840',NULL),(641,'sam',6,'2024-11-21 15:16:07.709',NULL),(642,'sam',6,'2024-11-21 15:16:10.841',NULL),(643,'sam',6,'2024-11-21 15:16:22.730',NULL),(644,'sam',6,'2024-11-21 15:16:50.037',NULL),(645,'sam',6,'2024-11-21 15:16:57.875',NULL),(646,'sam',6,'2024-11-21 15:18:01.033',NULL),(647,'sam',6,'2024-11-21 15:23:43.908',NULL),(648,'sam',6,'2024-11-21 15:23:56.453',NULL),(649,'sam',6,'2024-11-21 15:24:00.361',NULL),(650,'sam',6,'2024-11-21 15:24:14.166',NULL),(651,'1652',6,'2024-11-21 15:24:24.129',NULL),(652,'1652',6,'2024-11-21 15:25:31.141',NULL),(653,'1652',6,'2024-11-21 15:25:37.745',NULL),(654,'1652',6,'2024-11-21 15:28:29.317',NULL),(655,'sam',6,'2024-11-21 15:33:07.081',NULL),(656,'sam',6,'2024-11-21 15:33:14.751',NULL),(657,'sam',6,'2024-11-21 15:33:19.688',NULL),(658,'santiago',6,'2024-11-21 15:51:58.291',NULL),(659,'santiago',6,'2024-11-21 15:53:33.960',NULL),(660,'santiago',6,'2024-11-21 16:01:59.554',NULL),(661,'santiago',6,'2024-11-21 16:02:34.131',NULL),(662,'santiago',6,'2024-11-21 16:02:52.239',NULL),(663,'santiago',6,'2024-11-21 16:03:25.997',NULL),(664,'a.',6,'2024-11-21 16:03:48.550',NULL),(665,'a.',6,'2024-11-21 16:04:26.513',NULL),(666,'cozzone',6,'2024-11-21 16:51:35.352','{\"tag\": null, \"sector\": null}'),(667,'francisco',6,'2024-11-21 17:07:40.004','{\"tag\": null, \"sector\": null}'),(668,'francisco',6,'2024-11-21 17:08:08.553','{\"tag\": null, \"sector\": null}'),(669,'francisco',6,'2024-11-21 17:10:13.118','{\"tag\": null, \"sector\": null}'),(670,'barcelona',6,'2024-11-21 17:10:29.908','{\"tag\": null, \"sector\": null}'),(671,'barcelona',6,'2024-11-21 17:28:05.574','{\"tag\": null, \"sector\": null}'),(672,'rsted',6,'2024-11-22 08:19:46.338','{\"tag\": null, \"sector\": null}'),(673,'antonia',6,'2024-11-22 08:23:41.443','{\"tag\": null, \"sector\": null}'),(674,'francisco',6,'2024-11-22 08:39:19.028','{\"tag\": null, \"sector\": null}'),(675,'francisco',6,'2024-11-22 09:55:01.534','{\"tag\": null, \"sector\": null}'),(676,'barcelona',6,'2024-11-22 10:37:42.215','{\"sector\": null}'),(677,'francisco',6,'2024-11-22 13:46:24.423','{\"sector\": null}'),(678,'francisco',6,'2024-11-22 13:48:56.938','{\"sector\": null}'),(679,'francisco',6,'2024-11-22 13:50:17.937','{\"sector\": null}'),(680,'francisco',6,'2024-11-22 14:05:21.905','{\"sector\": null}'),(681,'francisco',6,'2024-11-22 14:05:50.727','{\"sector\": null}'),(682,'francisco',6,'2024-11-22 14:24:28.698','{\"sector\": null}'),(683,'francisco',6,'2024-11-22 14:27:34.327','{\"sector\": null}'),(684,'francisco',6,'2024-11-22 14:27:54.106','{\"sector\": null}'),(685,'francisco',6,'2024-11-22 14:28:12.696','{\"sector\": null}'),(686,'francisco',6,'2024-11-22 14:28:31.973','{\"sector\": null}'),(687,'francisco',6,'2024-11-22 16:20:10.863','{\"sector\": null}'),(688,'francisco',6,'2024-11-22 16:39:04.348','{\"sector\": null}'),(689,'francisco',6,'2024-11-22 16:39:56.707','{\"sector\": null}'),(690,'webinar',6,'2024-11-23 17:55:56.697','{\"sector\": null}'),(691,'webstival',6,'2024-11-23 17:56:04.000','{\"sector\": null}'),(692,'webinar',6,'2024-11-23 19:30:09.224','{\"sector\": null}'),(693,'santiago',6,'2024-11-23 19:30:14.053','{\"sector\": null}'),(694,'julieta',6,'2024-11-24 11:07:09.476','{\"sector\": null}'),(695,'ines',6,'2024-11-24 11:08:24.417','{\"sector\": null}'),(696,'agne.maras@smhi.se',6,'2024-11-24 11:08:51.530','{\"sector\": null}'),(697,'agne.maras@smhi.se',6,'2024-11-24 11:09:05.235','{\"sector\": null}'),(698,'AFERRANT@ramboll.com',6,'2024-11-24 11:09:29.831','{\"sector\": null}'),(699,'agata.bartoszewska@ppnt.poznan.pl',6,'2024-11-24 11:09:44.999','{\"sector\": null}'),(700,'barcelona',6,'2024-11-24 11:12:38.183','{\"sector\": null}'),(701,'Alice Ferrant',6,'2024-11-24 11:28:22.114','{\"sector\": null}'),(702,'wsb',6,'2024-11-24 11:31:41.509','{\"sector\": null}'),(703,'Poland',6,'2024-11-24 11:34:01.369','{\"sector\": null}'),(704,'asun.lera.st.clair@dnv.com',6,'2024-11-24 11:39:52.594','{\"sector\": null}'),(705,'Chris Hewitt',6,'2024-11-24 11:46:05.852','{\"sector\": null}'),(706,'Chiara Bidoli',6,'2024-11-24 11:47:38.690','{\"sector\": null}'),(707,'eeecm@leeds.ac.uk',6,'2024-11-24 11:53:47.698','{\"sector\": null}'),(708,'imad.audi@lgi.earth',6,'2024-11-24 11:57:30.029','{\"sector\": null}'),(709,'kindermann@dkrz.de',6,'2024-11-24 12:16:43.801','{\"sector\": null}'),(710,'Kjersti.Aalbu@dnv.com',6,'2024-11-24 12:18:41.365','{\"sector\": null}'),(711,'ljslavkovic@cpn.rs',6,'2024-11-24 12:22:14.200','{\"sector\": null}'),(712,'lobbrecht@cerfacs.fr',6,'2024-11-24 12:24:42.299','{\"sector\": null}'),(713,'loubet@cerfacs.fr',6,'2024-11-24 12:25:59.920','{\"sector\": null}'),(714,'loubet@cerfacs.fr',6,'2024-11-24 12:26:04.557','{\"sector\": null}'),(715,'melissa.herlitz@cmcc.it',6,'2024-11-24 12:27:05.419','{\"sector\": null}'),(716,'MYHA@ramboll.com',6,'2024-11-24 12:28:03.391','{\"sector\": null}'),(717,'phim@dtu.dk',6,'2024-11-24 12:29:03.926','{\"sector\": null}'),(718,'simone.taddeo@cmcc.it',6,'2024-11-24 12:31:46.927','{\"sector\": null}'),(719,'thiemann@dkrz.de',6,'2024-11-24 12:32:55.180','{\"sector\": null}'),(720,'tom.moolenbel@knmi.nl',6,'2024-11-24 12:35:01.152','{\"sector\": null}'),(721,'umit.taner@deltares.n',6,'2024-11-24 12:35:55.202','{\"sector\": null}'),(722,'uros.davidovic@hidmet.gov.rs',6,'2024-11-24 12:39:47.651','{\"sector\": null}'),(723,'xavier.domingo@bsc.es',6,'2024-11-24 12:41:35.679','{\"sector\": null}'),(724,'Chris Hewitt',6,'2024-11-24 12:54:13.599','{\"sector\": null}'),(725,'eeecm@leeds.ac.uk',6,'2024-11-24 12:56:53.393','{\"sector\": null}'),(726,'julieta.rosenbluthn@bsc.es',6,'2024-11-24 12:59:53.808','{\"sector\": null}'),(727,'Kjersti.Aalbu@dnv.com',6,'2024-11-24 13:05:49.537','{\"sector\": null}'),(728,'melissa.herlitz@cmcc.it',6,'2024-11-24 13:10:42.830','{\"sector\": null}'),(729,'Melissa Herlitz',6,'2024-11-24 13:10:57.546','{\"sector\": null}'),(730,'umit.taner@deltares.nl',6,'2024-11-24 13:18:05.412','{\"sector\": null}'),(731,'umit.taner@deltares.nl',6,'2024-11-24 13:18:11.550','{\"sector\": null}'),(732,'anna.malinowska@wsb.poznan.pl',6,'2024-11-24 14:43:38.018','{\"sector\": null}'),(733,'jaro',6,'2024-11-24 15:21:23.763','{\"sector\": null}'),(734,'Carolina Aragon',6,'2024-11-24 16:04:25.703','{\"sector\": null}'),(735,'Carolina Aragon',6,'2024-11-24 16:04:37.573','{\"sector\": null}'),(736,'Carolina Aragon',6,'2024-11-24 16:05:19.298','{\"sector\": null}'),(737,'santiago',6,'2024-11-24 16:06:23.271','{\"sector\": null}'),(738,'carolina',6,'2024-11-24 16:11:46.814','{\"sector\": null}'),(739,'carolina',6,'2024-11-24 19:48:39.637','{\"sector\": null}'),(740,'carolina',6,'2024-11-24 19:48:55.627','{\"sector\": null}'),(741,'bsc',6,'2024-11-24 20:06:08.781','{\"sector\": null}'),(742,'1695',6,'2024-11-24 20:09:24.129','{\"sector\": null}'),(743,'1695',6,'2024-11-24 20:09:27.908','{\"sector\": null}'),(744,'1695',6,'2024-11-24 20:09:42.577','{\"sector\": null}'),(745,'1607',6,'2024-11-24 20:10:08.209','{\"sector\": null}'),(746,'francisco',6,'2024-11-24 22:04:19.343','{\"sector\": null}'),(747,'1728',6,'2024-11-24 22:04:30.042','{\"sector\": null}'),(748,'1456',6,'2024-11-24 22:10:31.927','{\"sector\": null}'),(749,'1478',6,'2024-11-24 22:10:37.270','{\"sector\": null}'),(750,'1478',6,'2024-11-24 22:11:03.272','{\"sector\": null}'),(751,'santiago',6,'2024-11-24 22:11:42.888','{\"sector\": null}'),(752,'santiago',6,'2024-11-24 22:12:08.661','{\"sector\": null}'),(753,'francisco',6,'2024-11-24 22:14:37.035','{\"sector\": null}'),(754,'1728',6,'2024-11-24 22:14:49.294','{\"sector\": null}'),(755,'barcelona',6,'2024-11-24 22:22:46.769','{\"sector\": null}');
/*!40000 ALTER TABLE `SearchQuery` ENABLE KEYS */;
UNLOCK TABLES;

--
-- Table structure for table `Sector`
--

DROP TABLE IF EXISTS `Sector`;
/*!40101 SET @saved_cs_client     = @@character_set_client */;
/*!50503 SET character_set_client = utf8mb4 */;
CREATE TABLE `Sector` (
  `id` int NOT NULL AUTO_INCREMENT,
  `name` varchar(191) CHARACTER SET utf8mb4 COLLATE utf8mb4_unicode_ci NOT NULL,
  PRIMARY KEY (`id`)
) ENGINE=InnoDB AUTO_INCREMENT=11 DEFAULT CHARSET=utf8mb4 COLLATE=utf8mb4_unicode_ci;
/*!40101 SET character_set_client = @saved_cs_client */;

--
-- Dumping data for table `Sector`
--

LOCK TABLES `Sector` WRITE;
/*!40000 ALTER TABLE `Sector` DISABLE KEYS */;
INSERT INTO `Sector` VALUES (2,'Government'),(3,'Media'),(4,'NGOs & Associations'),(5,'Other'),(6,'Policy & Public Institutions'),(7,'Private sector'),(8,'Public sector'),(9,'Research & Academia');
/*!40000 ALTER TABLE `Sector` ENABLE KEYS */;
UNLOCK TABLES;

--
-- Table structure for table `Tag`
--

DROP TABLE IF EXISTS `Tag`;
/*!40101 SET @saved_cs_client     = @@character_set_client */;
/*!50503 SET character_set_client = utf8mb4 */;
CREATE TABLE `Tag` (
  `id` int NOT NULL AUTO_INCREMENT,
  `name` varchar(191) CHARACTER SET utf8mb4 COLLATE utf8mb4_unicode_ci NOT NULL,
  `color` varchar(191) CHARACTER SET utf8mb4 COLLATE utf8mb4_unicode_ci DEFAULT NULL,
  `createdAt` datetime(3) NOT NULL DEFAULT CURRENT_TIMESTAMP(3),
  `updatedAt` datetime(3) NOT NULL,
  PRIMARY KEY (`id`),
  UNIQUE KEY `Tag_name_key` (`name`)
) ENGINE=InnoDB AUTO_INCREMENT=32 DEFAULT CHARSET=utf8mb4 COLLATE=utf8mb4_unicode_ci;
/*!40101 SET character_set_client = @saved_cs_client */;

--
-- Dumping data for table `Tag`
--

LOCK TABLES `Tag` WRITE;
/*!40000 ALTER TABLE `Tag` DISABLE KEYS */;
/*!40000 ALTER TABLE `Tag` ENABLE KEYS */;
UNLOCK TABLES;

--
-- Table structure for table `TagsOnContacts`
--

DROP TABLE IF EXISTS `TagsOnContacts`;
/*!40101 SET @saved_cs_client     = @@character_set_client */;
/*!50503 SET character_set_client = utf8mb4 */;
CREATE TABLE `TagsOnContacts` (
  `contactId` int NOT NULL,
  `tagId` int NOT NULL,
  `createdAt` datetime(3) NOT NULL DEFAULT CURRENT_TIMESTAMP(3),
  PRIMARY KEY (`contactId`,`tagId`),
  KEY `TagsOnContacts_tagId_fkey` (`tagId`),
  CONSTRAINT `TagsOnContacts_contactId_fkey` FOREIGN KEY (`contactId`) REFERENCES `Contact` (`id`) ON DELETE RESTRICT ON UPDATE CASCADE,
  CONSTRAINT `TagsOnContacts_tagId_fkey` FOREIGN KEY (`tagId`) REFERENCES `Tag` (`id`) ON DELETE RESTRICT ON UPDATE CASCADE
) ENGINE=InnoDB DEFAULT CHARSET=utf8mb4 COLLATE=utf8mb4_unicode_ci;
/*!40101 SET character_set_client = @saved_cs_client */;

--
-- Dumping data for table `TagsOnContacts`
--

LOCK TABLES `TagsOnContacts` WRITE;
/*!40000 ALTER TABLE `TagsOnContacts` DISABLE KEYS */;
/*!40000 ALTER TABLE `TagsOnContacts` ENABLE KEYS */;
UNLOCK TABLES;

--
-- Table structure for table `TagsOnOrganizations`
--

DROP TABLE IF EXISTS `TagsOnOrganizations`;
/*!40101 SET @saved_cs_client     = @@character_set_client */;
/*!50503 SET character_set_client = utf8mb4 */;
CREATE TABLE `TagsOnOrganizations` (
  `organizationId` int NOT NULL,
  `tagId` int NOT NULL,
  `createdAt` datetime(3) NOT NULL DEFAULT CURRENT_TIMESTAMP(3),
  PRIMARY KEY (`organizationId`,`tagId`),
  KEY `TagsOnOrganizations_tagId_fkey` (`tagId`),
  CONSTRAINT `TagsOnOrganizations_organizationId_fkey` FOREIGN KEY (`organizationId`) REFERENCES `Organization` (`id`) ON DELETE RESTRICT ON UPDATE CASCADE,
  CONSTRAINT `TagsOnOrganizations_tagId_fkey` FOREIGN KEY (`tagId`) REFERENCES `Tag` (`id`) ON DELETE RESTRICT ON UPDATE CASCADE
) ENGINE=InnoDB DEFAULT CHARSET=utf8mb4 COLLATE=utf8mb4_unicode_ci;
/*!40101 SET character_set_client = @saved_cs_client */;

--
-- Dumping data for table `TagsOnOrganizations`
--

LOCK TABLES `TagsOnOrganizations` WRITE;
/*!40000 ALTER TABLE `TagsOnOrganizations` DISABLE KEYS */;
/*!40000 ALTER TABLE `TagsOnOrganizations` ENABLE KEYS */;
UNLOCK TABLES;

--
-- Table structure for table `Terms`
--

DROP TABLE IF EXISTS `Terms`;
/*!40101 SET @saved_cs_client     = @@character_set_client */;
/*!50503 SET character_set_client = utf8mb4 */;
CREATE TABLE `Terms` (
  `id` int NOT NULL AUTO_INCREMENT,
  `description` text CHARACTER SET utf8mb4 COLLATE utf8mb4_unicode_ci NOT NULL,
  PRIMARY KEY (`id`)
) ENGINE=InnoDB AUTO_INCREMENT=3 DEFAULT CHARSET=utf8mb4 COLLATE=utf8mb4_unicode_ci;
/*!40101 SET character_set_client = @saved_cs_client */;

--
-- Dumping data for table `Terms`
--

LOCK TABLES `Terms` WRITE;
/*!40000 ALTER TABLE `Terms` DISABLE KEYS */;
INSERT INTO `Terms` VALUES (1,'I agree to the terms and conditions of the Climateurope2 platform.'),(2,'Climateurope2 Personal Data Privacy Policy');
/*!40000 ALTER TABLE `Terms` ENABLE KEYS */;
UNLOCK TABLES;

--
-- Table structure for table `User`
--

DROP TABLE IF EXISTS `User`;
/*!40101 SET @saved_cs_client     = @@character_set_client */;
/*!50503 SET character_set_client = utf8mb4 */;
CREATE TABLE `User` (
  `id` int NOT NULL AUTO_INCREMENT,
  `username` varchar(191) CHARACTER SET utf8mb4 COLLATE utf8mb4_unicode_ci NOT NULL,
  `email` varchar(191) CHARACTER SET utf8mb4 COLLATE utf8mb4_unicode_ci NOT NULL,
  `password` varchar(191) CHARACTER SET utf8mb4 COLLATE utf8mb4_unicode_ci NOT NULL,
  `role` varchar(191) CHARACTER SET utf8mb4 COLLATE utf8mb4_unicode_ci NOT NULL,
  `emailResetPassword` text CHARACTER SET utf8mb4 COLLATE utf8mb4_unicode_ci,
  `passwordResetTokenExpires` datetime(3) DEFAULT NULL,
  `contactId` int NOT NULL,
  PRIMARY KEY (`id`),
  UNIQUE KEY `username` (`username`),
  UNIQUE KEY `email` (`email`),
  UNIQUE KEY `User_contactId_key` (`contactId`),
  CONSTRAINT `User_contactId_fkey` FOREIGN KEY (`contactId`) REFERENCES `Contact` (`id`) ON DELETE RESTRICT ON UPDATE CASCADE
) ENGINE=InnoDB AUTO_INCREMENT=233 DEFAULT CHARSET=utf8mb4 COLLATE=utf8mb4_unicode_ci;
/*!40101 SET character_set_client = @saved_cs_client */;

--
-- Dumping data for table `User`
--

LOCK TABLES `User` WRITE;
/*!40000 ALTER TABLE `User` DISABLE KEYS */;
INSERT INTO `User` VALUES (6,'sramirez','santiago.ramirez@bsc.es','$2b$10$lcFxNpSxU4ixC6YvPorHpe77iZKQ8uh0yv9cPrIpSN7gGujvwk2U6','admin','96ed51ae-d2e6-4976-8c47-a8ed01b9c693',NULL,2941),(12,'andrea taylor','a.l.taylor@leeds.ac.uk ','$2b$10$L1of9ReBNMgknW7eStKMkeAhjWwTprKY121U7yiWMD51LhPeCW8fq','user',NULL,NULL,1477),(13,'carlo buontempo','carlo.buontempo@ecmwf.int ','$2b$10$8gyFEGfYcoyKB2oyKfbeW.t3uva/CehDNuVUvmYCY2oTYa1TgbYW6','user',NULL,NULL,1502),(14,'lilian loyer','lloyer@ramboll.com','$2b$10$c5xZZg/1Q3MPljfasH1XOeLLL5EuhJV5VLwbeIVLlidf178fuR8pq','user',NULL,NULL,1561),(15,'sarah wright','sarah.wright@deltares.nl','$2b$10$kGISyiN36ZVX/zunQl4iDehZVTDjDKKheZfhZuOJgz1b2vtoYOp6C','user',NULL,NULL,1584),(16,'lars brring - smhi','lars.barring@smhi.se','$2b$10$almHxo.xCTSIlPp2OxRtMuP41LboORGCxTo7Jzk2Lr8Z8eO0Qa2S.','user',NULL,NULL,1602),(17,'marina baldissera','marina.baldissera@bsc.es','$2b$10$Fwcn4hhZion7oJoOMqdqPe3186VBmVPPt9Bh7rZk3puMEXhSG/GSe','user',NULL,NULL,1699),(19,'marta terrado','marta.terrado@bsc.es','$2b$10$c9KfPsgL3ca3Tvuo33QLcuxLzhRtGJHQPa.tFLZJ2t.ilAuKEdN1y','user',NULL,NULL,1705),(23,'carmen gonzalez','carmen.gonzalezromero@bsc.es','$2b$10$c/pwuJkoVGF/2KoX8.UdBeaeCeXRsAqvDYBLVOs/zctjB4cJinkU6','user',NULL,NULL,1721),(24,'mar rodrguez','mar.rodriguez@bsc.es','$2b$10$1x9FvROzMsNNcvPDZ6kFQuhL1GCStgYHI28Pqq0w5aOBmgFgibiBi','user',NULL,NULL,1723),(25,'paola castellanos','paola.castellanos@bsc.es','$2b$10$OXqWVyqzOW.vIOmfc7Urxup4mjRPJyhR0jT3WB5zwdByxpxawLaB2','user',NULL,NULL,1724),(27,'diana urquiza','diana.urquiza@bsc.es','$2b$10$EOkMD71fs8moKARPt1tOk.TizHYfRLcnRja2L85AwW0gkJhOrGRtS','user',NULL,NULL,1727),(28,'francisco j. doblas-reyes','francisco.doblas-reyes@bsc.es','$2b$10$/zQp6c.UcofIXhzwiB225uC8gZ4vLiXIznqMBk.Atb246DOAcd6YC','user',NULL,NULL,1728),(29,'katarina stekic','kstekic@cpn.rs','$2b$10$6atkkaDeqUgGbqFz8j4xtOIwr5Hg0l0nJ9Y4f8iayaRck8NTtUEA2','user',NULL,NULL,1764),(30,'marjana brkic','mbrkic@cpn.rs','$2b$10$o4n47EZLq1ydl0CCdDBWX.luBi94/mHlYJY.3VyvijmucTU350sXK','user',NULL,NULL,1766),(31,'petar lausevic','plausevic@cpn.rs','$2b$10$7QIaly8WWmtmNzWDOA22Ce0cMNWz93cLFUlM2VBZ6WRzalrdiO77W','user',NULL,NULL,1767),(33,'christian pag','christian.page@cerfacs.fr','$2b$10$3z1PbdA4TegYY/UaqSMP6eX6pSi55IHpvnVwDJBYl0Gg6uhxVUW6.','user',NULL,NULL,1773),(34,'elke keup-thiel','elke.keup-thiel@hereon.de','$2b$10$JxUs8t8yQakQaQkPNnxH6ueeLXGaiAO1j64lMYOYueISpXFr7sYmW','user',NULL,NULL,1806),(35,'andreas villwock','andreas.villwock@hereon.de','$2b$10$gHakDev0e262gIkwd03NCeu2aYm/Oxs1oSRAUlJFTMLu5LiuijgnW','user',NULL,NULL,1808),(36,'antonia matthies','antonia.matthies@climate-kic.org','$2b$10$XhFfVyXeFbFIIrNY9y80iOQQ1d0TYAflLTfLh5dFo6qO/5JNph6mS','user',NULL,NULL,1822),(38,'lina monitor','lina.monitor@din.de','$2b$10$QuPpNAkg2LZ9bbDuaTvXHe4ecFeoFoDL82ePoIn8gBbbRh9Q.lrTC','user',NULL,NULL,1873),(39,'martina stockhause ','stockhause@dkrz.de','$2b$10$fe8WPiU1S3jEdmYwGVw3guqWlqBGYnHWkPdqzWp3gXaa0PY.z7frm','user',NULL,NULL,1879),(40,'asun lera st.clair','asun.lerastclair@bsc.es','$2b$10$BOjyTEj0SO9j2DwXj9jKxOqqHH17JBgr74ggDzDFh176XndLradWi','user',NULL,NULL,1880),(41,'edwin aalders','edwin.aalders@dnv.com','$2b$10$LNV8wJvrp.sb6urpgy1Pp.jliIeyEHDost.Fb18ImB7VNkDe8mZou','user',NULL,NULL,1882),(42,'eelco kruizinga','eelco.kruizinga@dnv.com','$2b$10$PJQCJvG5TgOQAASuVzLHwO3s5WV83gx9NZvCWy/ULPf2FlAmf9FFe','user',NULL,NULL,1886),(44,'siegfried eisinger','Siegfried.Eisinger@dnv.com','$2b$10$eXsjrgJOoTR3cUspx2Pv1OzJXGcioAYUs3b3qaJEhtlNeUuLeQMWG','user',NULL,NULL,1889),(46,'karyn morrisey','kamorr@dtu.dk','$2b$10$WFnu4f.hPZbUqh.qbEWk1u3MVJyHfZEe6H0gDPoWXllVQ2Mw0.Bnq','user',NULL,NULL,1893),(47,'kirsten halsnaes ','khal@dtu.dk','$2b$10$JTEjKkhVeH5FEpI42fTEEOlpqeM41nwEKXCWlG.69Pm4rS54a5tDm','user',NULL,NULL,1894),(48,'tatiana ferrari','tatikol@dtu.dk','$2b$10$bT2uDVM3hNT2c6Zi.JQLlOVgO1H7wH9cYMGOCxub3fkSCVgIrH0d6','user',NULL,NULL,1895),(49,'andre obregon','andre.obregon@ecmwf.int','$2b$10$7grLDoAGIMz.nFYE9TWLgujSv6wFYHzXyO0fECBGKRBut8gzew.2u','user',NULL,NULL,1908),(50,'nico stelljes','nico.stelljes@ecologic.eu','$2b$10$eGJx3b551DgDRsqqMwEHGOa.wqQWLoKUOE526pzDdesR3mIe6njIW','user',NULL,NULL,1912),(51,'grit martinez','grit.martinez@ecologic.eu','$2b$10$agR19x8ZPRQHqs6nYl7TheApc.NNbdUG4s0/u6A38USRZtJb2sLBO','user',NULL,NULL,1915),(54,'thanh tam le','thanh-tam.le@climate-kic.org','$2b$10$aNWmmJbVzHWrp9kSrFk9RugYnaAdOiPG1islKP1oJM..U.fIaM0gu','user',NULL,NULL,1926),(55,'kevin ramirez','kevin.ramirez@climate-kic.org','$2b$10$istJiTtsfCkno01ufsi69Oa5W022d/o0Xl8zbQ26XdB9BndD7hi9a','user',NULL,NULL,1927),(56,'clara beffa','clara.beffa@cmcc.it','$2b$10$LEIubDTm77JP/gfMCx0.SuFPEa/15UKvJ9h1X1nM1SgkFW4naMVu2','user',NULL,NULL,1972),(57,'giulia galluccio','giulia.galluccio@cmcc.it ','$2b$10$RIfd0ampJW/XODqOLGYBQe0L8mRMBGBdU3wVSQutOF8MNyKUetW8m','user',NULL,NULL,1980),(59,'chiara calderaro','chiara.calderaro@cmcc.it','$2b$10$NKP1aXxM2eA3THGYsK6ubeKzNsT5jWpsr6lQUXb96FklczECVQ4tu','user',NULL,NULL,2001),(61,'arianna acierno','arianna.acierno@cmcc.it','$2b$10$Lwi6hKIyxU/7SWqLHqxPaO/poF59fGxBeQ4gtajNUU0IcwSsgMqKC','user',NULL,NULL,2018),(62,'antonio fabrizio','fabrizio.antonio@cmcc.it','$2b$10$p7fbdfUpMLH8usA8.swEZusNRqr3jw22pPEtg75t6hXUXyIxedwhC','user',NULL,NULL,2019),(63,'jaroslav mysiak','jaroslav.mysiak@cmcc.it','$2b$10$Rbqm.V6knGL.7oMBOuB02.M2wPcr5iWYdmzw.cnRgEqc98WuVCPLe','user',NULL,NULL,2020),(65,'eric dobrivoje','dleric@cpn.rs','$2b$10$WukwTWZLKox468oF4L5Ajes3EbEvbglb/H3vf33WRoESTCZcfxr0q','user',NULL,NULL,2022),(66,'kilian nickel','kilian.Nickel@iais.fraunhofer.de ','$2b$10$x4g1FaT.4Xp2fZJPhDbUeeGwo.Pv.JpD6Iox.X4M6iWIi7LEKYCju','user',NULL,NULL,2090),(68,'alessandro spinuso','alessandro.spinuso@knmi.nl','$2b$10$8/FB26GKQL4UBq2R5u3lJeCXsIr6aHCBdKo1IFXHpVvn3.QsQXDJG','user',NULL,NULL,2237),(69,'gianni nardone','gianni.nardone@lgi.earth','$2b$10$LYeJkJaq5A1lCA4E4hzoj.0I52R6ihzLK.RTzzCZsicgKxGvoR01.','user',NULL,NULL,2249),(70,'adola jaiyeola','adeola.jaiyeola@lgi.earth','$2b$10$6xHPpt6u7sYS.sQE9NB5pegnhqTCO1uFD/qmSxYXzbuO//hDKzHgu','user',NULL,NULL,2250),(71,'anwar benkerta','anwar.benkerta@lgi.earth','$2b$10$5UfULvp46q87p.JXulDFmOfcC8dQ2f9nJ1OBekISRBQdpvF.Njp6S','user',NULL,NULL,2253),(72,'lisa benes','lisa.benes@lgi.earth','$2b$10$innRjyTyLmhHAsRP59hSe.dXPW7.8NnHepnbo9mQNFh9LVo0KTzAW','user',NULL,NULL,2254),(73,'nicola golding','nicola.golding@metoffice.gov.uk','$2b$10$3v2CFmPzM7GpxNycl9WQKeGHW/HcEdwg.i.lVlwnOjCJjnSDtvExS','user',NULL,NULL,2299),(74,'stacey new','stacey.new@metoffice.gov.uk','$2b$10$6Eg8ps2RbkAliWjJP6dDmuKZX4nXVPl0DYiFY6qoX/dsYR/58bLt.','user',NULL,NULL,2312),(75,'paula newton','paula.newton@metoffice.gov.uk','$2b$10$ZivgjxyMIZ.9nL3NqY0wluzjGMwyZIyE50I9pxf2Y45kz/11g1MPu','user',NULL,NULL,2315),(77,'julien fouilland','jfouilland@ramboll.com','$2b$10$HBnzDx3kFmtBIfJwcnCObOS6GNa2UFcpS7UvpcLz5xxzUQM3V3Rhy','user',NULL,NULL,2433),(78,'laetitia giraud','lagi@ramboll.com','$2b$10$6aa7gxXbSb0uBU/06vrJCOvZInyPuWEfEjW1X2HusxIeTjE5onIxi','user',NULL,NULL,2437),(79,'dragan mihic','dragan.mihic@hidmet.gov.rs','$2b$10$gretilqKN46/EboMOQhl0.Pzt6dxPNXSzDiNjWyt9ntrivFqljNUe','user',NULL,NULL,2449),(80,'biljana milic-petrovic','biljana.milic-petrovic@hidmet.gov.rs','$2b$10$w8KB.T05nyvfZNT2F8tj.uAKhzWySUPIo4LX2oJnc3hpqXOwAYhDO','user',NULL,NULL,2450),(81,'aleksandra krzic','aleksandra.krzic@hidmet.gov.rs','$2b$10$tt2Nr96bBgulO29IiQj8l.Pd0NxHf5AZfqY0QaiU4JcKTTY2XpURy','user',NULL,NULL,2457),(82,'charlotee pascoe','charlotte.pascoe@stfc.ac.uk','$2b$10$WmPOR5eQJj7afjh.yELPqup5XWllFFXz9FFAELEZFyGGEsGuhlKl2','user',NULL,NULL,2473),(83,'katie cartmell','katie.cartmell@stfc.ac.uk','$2b$10$bUIoqCu0AAeIeKMngy3L7.kJo8IZqKnLsJpuCtpvtgOqoDdaV2dgm','user',NULL,NULL,2476),(84,'alison pamment','alison.pamment@stfc.ac.uk','$2b$10$SAX6BHv2emTqsCehWE7EW.P9FTkIt4jD0j8oKBy2EYZ80MkCpxrve','user',NULL,NULL,2477),(86,'helena martins','helena.martins@smhi.se','$2b$10$wEHkbWY3mmJ7Y2luDXWOrO1Cxvx01olUwADDaHknZd2tJFMCJlZtW','user',NULL,NULL,2500),(87,'julian braeuer','julian.braeuer@tum.de','$2b$10$zVDNF5SiS6OMabXqor305ugGoA9XAeiOtHfXHI44c78Krvm927ozW','user',NULL,NULL,2530),(90,'saioa zorita','saioa.zorita@tecnalia.com','$2b$10$3Anlu7r7IKJl989GG5DOl.emGQIEDcrXulblc0HTn6oxl47UOJlmy','user',NULL,NULL,2540),(91,'jorge paz','jorge.paz@tecnalia.com','$2b$10$VVmktLOHLp0HzcqvyDwVqOELjYEK4Iu0.P1u/d7fTigDzTgodMd9G','user',NULL,NULL,2541),(92,'harilaos loukos','harilaos@theclimatedatafactory.com','$2b$10$xS8VU8RL7bwt24gIEDljAecQMLq0wDQHLhcXqDAX8d60CuMu3flqS','user',NULL,NULL,2547),(94,'werner krauss','wkrauss@uni-bremen.de','$2b$10$7dRLLQuf5NZMXDq0uzbym.pVljtdx1FRclZnhMSvvl79W4xS93.tO','user',NULL,NULL,2622),(95,'suraje dessai','s.dessai@leeds.ac.uk','$2b$10$K9SugAoYQ9pqnagwjbvtmeihVlfE7VGLP0vj1PL5/7ctG2lR0yCCu','user',NULL,NULL,2644),(96,'fokke dejong','fokke.dejong@wur.nl','$2b$10$sQIFXA/GsgiGXYhu32LGO.bw3HaPkVXeP3YDuqDW3RAqic0YVjRAu','user',NULL,NULL,2690),(97,'judith klostermann','judith.klostermann@wur.nl','$2b$10$Ovf14xDLlwCUeYsuCl6s7.f6OctE2xE2XXZoguxbXoN7ue.w6CdI.','user',NULL,NULL,2692),(98,'rutger dankers','rutger.dankers@wur.nl','$2b$10$0MkwJx84fMGhf/KgJBEiVupt.DqqcTU0DPG.jXEfia.XC97sRXWkm','user',NULL,NULL,2694),(99,'artiza elosegi','elosegi@weblyzard.com','$2b$10$nfpcZibzS8wy0orkZZl4RetGyadGEfsW5ugwnP6t3k3oVhyXiC4By','user',NULL,NULL,2704),(100,'douglas cripe','dcripe@protonmail.ch','$2b$10$TpvE/xrkOUOpLLolhYpl6O5RV.Eh.VwcW/N19BxJcXxpagifjxrMq','user',NULL,NULL,2712),(101,'roberta boscolo','rboscolo@wmo.int','$2b$10$NhLCj6TJvK1guFme4jAqqOoQCSrCWK/bclwoVFHzpIyV08WTOUHP2','user',NULL,NULL,2719),(102,'nakiete msemo','NMsemo@wmo.int','$2b$10$vA/d46rhbeZw/enhTspn/e/vfrGElyKNrtfhafjWYF.AGqwaXD4L6','user',NULL,NULL,2720),(103,'amir h. delju ','adelju@wmo.int','$2b$10$kXjOUNJa7rxUmFtcOS9xMeNcfBelIL6DR91S5mQIM3qWjmvDWJ7Ta','user',NULL,NULL,2721),(104,'adam jablonski','adam.jablonski@ottima-plus.com.pl','$2b$10$4OLOsJUNNuYgzPiVxfAarebZZnASCtapomHKCgEAYgd35GA97Oyb2','user',NULL,NULL,2726),(107,'anna klose','anna.klose@iais.fraunhofer.de','$2b$10$TO/u4VkveH4nLbNixf7n6uNSek7lwpvtlbIDAt76k.M9PpgSJ.W8G','user',NULL,NULL,2746),(109,'annemarie groot','annemarie.groot@wur.nl','$2b$10$N/o4Bsjqh4tV9edgbcAtNuKE5noBWcHIDlA3Lr9.7ykjIKHF.Qmwe','user',NULL,NULL,2748),(110,'arno scharl','scharl@weblyzard.com','$2b$10$3P6IOKIMj2ui32ki5DXYYuT3GhIQ9R1kM2Jq6VAoO26qAUh2QkjdG','user',NULL,NULL,2749),(111,'arnold bernaciak','arnold.bernaciak@wsb.poznan.pl ','$2b$10$PIKizcZcjke/RsjDmpDQWOoCmXlRu6E9IOdhsM2a7aMUH1Ax94jUC','user',NULL,NULL,2750),(117,'christiane melzer','melzer@dkrz.de','$2b$10$FIZ/OG/CzzEsztBC9iPoAuXiafZUtDoLDaCFoQXs0T6KToxMhkcz6','user',NULL,NULL,2756),(118,'daniel thiemert','daniel.thiemert@ecmwf.int ','$2b$10$7GtqugLF48UvsJ.i806GQ.oFRZwW.mjvzai6T5xWbsc.YP04oBz7.','user',NULL,NULL,2757),(119,'daniela tings','daniela.tings@ecologic.eu','$2b$10$EACM3XZ9WXSFTINPmgodhO8oZFyHQl4OvQiuo63BHvzRIOOxaj3IK','user',NULL,NULL,2758),(123,'delphine meyer','delphine.meyer@lgi.earth','$2b$10$5w9SDMD7MTX6A/z7nXFzAec3yaDGFb0jK/KB7yZeNYGPiUKKczjj6','user',NULL,NULL,2762),(125,'dick schaap','dick@maris.nl','$2b$10$SAZpDcGG9VIx/IysDnUoe.zXO92GRJ9L4iTWOdlbgvqUZ.a4dh6NG','user',NULL,NULL,2764),(127,'dom lethem','dom.lethem@metoffice.gov.uk','$2b$10$oIYhOWdLuGLLg209K6NT.Ot2elzUPsKN.eD4OWCBtoBrepax/8sqC','user',NULL,NULL,2766),(128,'dominique roffi','roffi@cerfacs.fr','$2b$10$mAkRZYwtfZivs9Q/urvDaOTkr6VL7GtIXgxwaKOnIiIO4azZny45O','user',NULL,NULL,2767),(129,'elisa luna','luna@zv.tum.de','$2b$10$G5sp.qItRyXa5rJmk638KOok5WURLmZba1R6kJpvvG.mz2koA3/3u','user',NULL,NULL,2768),(130,'elke rupp','elke.rupp@zv.fraunhofer.de','$2b$10$M3kAc1qL2RKI5pYM9ucOZe5ZLAJNi6VR5o7j6BgRVOIP3ErSN3wUm','user',NULL,NULL,2769),(131,'emma seymour','e.l.seymour@leeds.ac.uk','$2b$10$yjZqFtbeXM4kX.KfjpcABOMj2oAd9G4jSWVNI0J/rMSu9OkOC7umy','user',NULL,NULL,2770),(132,'esg liaison office','liaisonoffice.esg@wur.nl ','$2b$10$0dTE2x/Pk3aDtB7fov0wN...2WLhYB7dAKq6szR8Hy1jS.G1fFALu','user',NULL,NULL,2771),(133,'eu finance','eu-finance@zv.tum.de','$2b$10$Mk2dJob8iik5sesqx3L/GuueyoJ58W3Km6oSxHsjiH6duPLhgsgWK','user',NULL,NULL,2772),(134,'eu funding','eufunding@leeds.ac.uk','$2b$10$BmtESHySIOSUfOmtXhpenOaTc1amzV3rmHFC3tRnCvqTY.rtsy7E6','user',NULL,NULL,2773),(135,'eva lillelund','eva@dtu.dk ','$2b$10$8voKcFpSsT0AiknEeSwi2uOGhEC7BVSbcIGejkE0dVuOvfGnXc3KS','user',NULL,NULL,2774),(137,'frauke meyer','eu@vw.uni-bremen.de ','$2b$10$Yp.GccUktCb.hNyQ6ksXxOd1ijjA5WjRTUpdrpmre8.Y2WfwZst7G','user',NULL,NULL,2776),(138,'frederice pradelle','fpradelle@ramboll.com','$2b$10$1uM4WYoa5/z0aN8Pgut1F.x7PkYHItk86RzsYJb6mWFqGp/03E4rK','user',NULL,NULL,2777),(139,'freja kjr','frekj@dtu.dk ','$2b$10$1HpObzSRa.9a8xTS0eGmDee8w7f5YIehLnayU3zVxeMTvKKmXT7h.','user',NULL,NULL,2778),(140,'ginetta schneider','ginetta.schneider@metoffice.gov.uk','$2b$10$fwcm6YA4SztEPYSB/lDQVO9kzYlADvPb0TyN/oX/AJBFtOby3o78G','user',NULL,NULL,2779),(142,'gwendoline lacressonniere','glacressonniere@ramboll.com','$2b$10$8x7mTDPTeS5JZbHCLXb89uA1V4JrZ4HD0yxe3lF51kxmR5M0OFjAu','user',NULL,NULL,2781),(143,'hans-joerg isemer','hans-joerg.isemer@hereon.de','$2b$10$7Fg/uoVbtd.rRh9YIQLVz.P62C.rLxchutQ/iWH83BD3lHtuPCTtO','user',NULL,NULL,2782),(144,'igone garca','igone.garcia@tecnalia.com','$2b$10$0Hc831rH2lJvWXH8.rOIpeBxlV/AI5zL5x5cOyFZmstLATBaHBEGe','user',NULL,NULL,2783),(146,'jean baptieste migraine','jbmigraine@wmo.int ','$2b$10$R6U.czasNkzZ1hBonghiOegDFXr78Wxju0RVq.4c1yw6rM6Nits/G','user',NULL,NULL,2785),(147,'jelena medenica','jmedenica@cpn.rs','$2b$10$a3w3Qzyhicsf8OY6lFKgBe/dqxblN1IeQwJpHzNVjZZ8XhhnXVOcW','user',NULL,NULL,2786),(149,'joerg cortkear','joerg.cortekar@hereon.de','$2b$10$E2UObLFJgYQUY6yg0dkGD.cZQMMPkzBQFDemeifnzrPP7MQipNCre','user',NULL,NULL,2788),(152,'keri dunning','k.l.dunning@leeds.ac.uk','$2b$10$bROT.GCruiqArW8RglX5tOb7Cd6FkRgQ.j/KXoTcHLJaBt5nCVdn2','user',NULL,NULL,2791),(153,'kristofer proll','kristofer.proll@din.de','$2b$10$u4LnNZQNF3ormcybx4P45ekjGq2QtI0f6hMKip3lkX4WyJbr5otzS','user',NULL,NULL,2792),(155,'laura schwabe','laura.schwabe@hereon.de','$2b$10$v0Jd1Lp6Low8XG6eorsKKesNAb0LNjquMndREG4BozYYCmpCCBKTG','user',NULL,NULL,2794),(157,'ljiljana ilic','pr@cpn.rs','$2b$10$4GheWYk77gBugXbEtnSRUOtX0OITtiwcrqkACRYbDLRf9oGPlRIPq','user',NULL,NULL,2796),(158,'louise de torcy','ldetorcy@ramboll.com','$2b$10$u6E/yC3wFWxd5iv1zXgkuunlcn4L00CYgz7VQFo0yNQAmAo9lNMBy','user',NULL,NULL,2797),(159,'marco hendriks','marco1.hendriks@wur.nl','$2b$10$p6T2vHkIiK3xZOU9RtwxBe7CHQ/12SRGawE5iYaWaeeQClLgbWDqK','user',NULL,NULL,2798),(162,'marina matovic','mmatovic@cpn.rs','$2b$10$k27lpKCYlZJRpbD/8sy1xO.sdPNwjdIV8iT.O33Zwx/s1kTuKJfxq','user',NULL,NULL,2801),(163,'martin juckes','martin.juckes@stfc.ac.uk','$2b$10$Q2sWCpn0Re/G6QJYbXfLoOQxxqkcx/KRGSeYMIPkVTVq4YnNOXcLe','user',NULL,NULL,2802),(164,'martin paumichl','martin.paulmichl@zv.fraunhofer.de ','$2b$10$PcTrQhjIoNDsW3.vnX3x1.iyUrKTR7isaSpHIR6WopeEg1Uaspp92','user',NULL,NULL,2803),(167,'mehmet mit taner','umit.taner@deltares.nl','$2b$10$zPk0iqbO/ukTff6ypQDN3evr.Wi2YcqmmlnJG1lmznskXGf4C2uxW','user',NULL,NULL,2806),(168,'melanie krauss','krauss@dkrz.de','$2b$10$/XnCM8JPsZDTDPyMgancH.7Z5Cqc5dYhIe.lz6CMwbkS8eMmaTuAu','user',NULL,NULL,2807),(171,'michele gasparoli','michele.gasparoli@unitn.it','$2b$10$njN0whOzwci9uu.ckeZLN.26jrj9o59roPf6c6qMdqffMPbe.tDCe','user',NULL,NULL,2810),(172,'mikel dorronsoro','mikel.dorronsoro@tecnalia.com','$2b$10$PeAHd6AlqZCBt.Lo7.B7OOOIWRtZnR8cRd6JoNEBm3cXLh2qjQN5K','user',NULL,NULL,2811),(173,'mirella collini','mirella.collini@unitn.it','$2b$10$m19RmT6YCHD1qiWJnXZVluP8PsSIOwninyTlnSbAZQyNby85clama','user',NULL,NULL,2812),(175,'nicolas bihel','nicolas.bihel@lgi.earth','$2b$10$grfdkm.VZxuwpol1jKRHc.uQji4XJKmmjVTzP4.TkddHAeFghzJqC','user',NULL,NULL,2814),(177,'peter thijsse','peter@maris.nl','$2b$10$7pCg173XlMeS9bS07UCa/u4azZfNUQwlHqFVz4p8X9JRXFo1K/zTK','user',NULL,NULL,2816),(178,'pierre cattoire','pierre.cattoire@lgi.earth','$2b$10$aRfhGSHiKP7atfNztAivauo3N5bk0BBDMICUEFC/C3dkUfJakojkG','user',NULL,NULL,2817),(181,'priscilla wittenberg','priscilla.wittenberg@knmi.nl','$2b$10$BADqM6MYk8rYjHNafff/hO7d5MU9OtlN4W4XlILCyrl4fKZR5RvfK','user',NULL,NULL,2820),(182,'remi beteille','remi.beteille@ecologic.eu','$2b$10$M9mW.xCOZMHSB9s2c6SJVOTtXVFXPNhFpctJWxfCjMZYGuettCCZW','user',NULL,NULL,2821),(183,'samantha burgess','samantha.burgess@ecmwf.int','$2b$10$eWnhnBVlTNr8PT3Fwdgv/eLNilUTz5KcxbeLX.l.WJF8mvtOfcype','user',NULL,NULL,2822),(184,'samantha coope','samantha.coope@ukri.org','$2b$10$Prub87SRQF2ZwSfGByj/Qu4V2qJ4SA.717J5JQxpWqZx9zh4NSphO','user',NULL,NULL,2823),(186,'sandro fiore ','sandro.fiore@unitn.it','$2b$10$ZUsGcrWzd3fWz0NHTlhPgeHTXL6NXPOjOyDesr2Onlmfph4nfL7Ne','user',NULL,NULL,2825),(188,'silke beck','silke.beck@tum.de','$2b$10$7onLwmEKIZjLDXyjm//QHO5NbzdvAR/nDmmpN1qa2GmcvYumsP4Om','user',NULL,NULL,2827),(189,'stephanie heinze','stephanie.heinze@uni-bremen.de ','$2b$10$Y.FrjWmcU7XZlLEQ97bcT.hM2ZsiL0Ey0oJey.rufRIWIej1vhc1i','user',NULL,NULL,2828),(190,'suresh balaji','suresh.balaji@stfc.ac.uk','$2b$10$LqzCa6gHbMNwzsEoEkhHpOg1gGXTgaP9DIV8yKc/Eb5Eda/G/omLa','user',NULL,NULL,2829),(191,'suzanne kok','suzanne.kok@knmi.nl','$2b$10$VhKLxqqWLOv40UKbppPRsOo0ilmdFBfpcI8ni54fwRQtrN9DcuNwa','user',NULL,NULL,2830),(193,'tanya warnaars','tanya.warnaars@ecmwf.int','$2b$10$gU2WYRphtRPPPxr5fcUQPO71lQDtqy40R0F5gd3yPoit5AtXJ5P6K','user',NULL,NULL,2832),(194,'thomas neumann','tneu@ramboll.com','$2b$10$M06S.ckWWMIp29G2dY6qi.kHx9qpKeuivS24g489sFkLfzFclbz2O','user',NULL,NULL,2833),(195,'tjerk krijger','tjerk@maris.nl','$2b$10$gwZhFBw.amWlL9fbe4ZwjuUTU8l0me713NAVUoHS1vGNLVMnAWRtK','user',NULL,NULL,2834),(196,'valerie wischott','valerie.wischott@iais.fraunhofer.de','$2b$10$vJkmVrvQDSdnH8NWOpxyxexNVKzIRg2QoxMB4BPWVaufkbo2HzF9u','user',NULL,NULL,2835),(197,'veronica grasso','vgrasso@wmo.int','$2b$10$S3gHyqQkQb5z4xuEzonhZOE7CF8HeROEYFGO.u6VwQWthbaQd1mhu','user',NULL,NULL,2836),(198,'viola bennink','viola.bennink@wur.nl','$2b$10$5zNVqvXv6maPaKP8U0/LKuK.x1QZPtfHOxVGXhcGKIgQqgNNkdoJi','user',NULL,NULL,2837),(201,'zoran krajinovic','zoran.krajinovic@hidmet.gov.rs','$2b$10$1Wp1gl.Q4tTlP0MG1ml2Z.NT645WOnoj1V6D5KNE8XeGcixBEKKei','user',NULL,NULL,2840),(202,'pchecchia','paula.checchia@bsc.es','$2b$10$6skGIvikS0m0vCHi7bnu6uJ3bh.o6En9otq.XyRbl2FopRno7C6Ju','user',NULL,NULL,1701),(203,'sgrainger','sam.grainger@bsc.es','','user','ff9fa573-72e8-469d-8d37-cbc23d4dd60f',NULL,2966),(204,'Chiara Bidoli','chiara.bidoli@cmcc.it','$2a$10$Jq9wkS49VExP0yz61GqcGOJ/b4PiersT5WCDj.6AJP6Ht4x2FxjM.','user',NULL,NULL,1971),(205,'Imad Audi','imad.audi@lgi.earth','$2a$10$Jq9wkS49VExP0yz61GqcGOJ/b4PiersT5WCDj.6AJP6Ht4x2FxjM.','user',NULL,NULL,2252),(206,'Ines Martin','ines.martin@bsc.es','$2a$10$Jq9wkS49VExP0yz61GqcGOJ/b4PiersT5WCDj.6AJP6Ht4x2FxjM.','user',NULL,NULL,1722),(207,'Julieta Rosenbluth','julieta.rosenbluth@bsc.es','$2a$10$Jq9wkS49VExP0yz61GqcGOJ/b4PiersT5WCDj.6AJP6Ht4x2FxjM.','user',NULL,NULL,1695),(208,'Stephen Kindermann','kindermann@dkrz.de','$2a$10$Jq9wkS49VExP0yz61GqcGOJ/b4PiersT5WCDj.6AJP6Ht4x2FxjM.','user',NULL,NULL,1877),(209,'Uro Davidovi','uros.davidovic@hidmet.gov.rs','$2a$10$Jq9wkS49VExP0yz61GqcGOJ/b4PiersT5WCDj.6AJP6Ht4x2FxjM.','user',NULL,NULL,2456),(210,'Alice Ferrant','aferrant@ramboll.com','$2a$10$Jq9wkS49VExP0yz61GqcGOJ/b4PiersT5WCDj.6AJP6Ht4x2FxjM.','user',NULL,NULL,2967),(211,'Agata Bartoszewska','agata.bartoszewska@ppnt.poznan.pl','$2a$10$Jq9wkS49VExP0yz61GqcGOJ/b4PiersT5WCDj.6AJP6Ht4x2FxjM.','user',NULL,NULL,2968),(212,'Agne Maras	','agne.maras@smhi.se','$2a$10$Jq9wkS49VExP0yz61GqcGOJ/b4PiersT5WCDj.6AJP6Ht4x2FxjM.','user',NULL,NULL,2969),(213,'Philippine Alauzet','alauzet@cerfacs.fr','$2a$10$Jq9wkS49VExP0yz61GqcGOJ/b4PiersT5WCDj.6AJP6Ht4x2FxjM.','user',NULL,NULL,2970),(214,'Annete Ganske','annette.ganske@tib.eu','$2a$10$Jq9wkS49VExP0yz61GqcGOJ/b4PiersT5WCDj.6AJP6Ht4x2FxjM.','user',NULL,NULL,2971),(215,'Benoit Bulliot','bbulliot@ramboll.com','$2a$10$Jq9wkS49VExP0yz61GqcGOJ/b4PiersT5WCDj.6AJP6Ht4x2FxjM.','user',NULL,NULL,2972),(216,'Carlos Cuevas','carlos.cuevas@tum.de','$2a$10$Jq9wkS49VExP0yz61GqcGOJ/b4PiersT5WCDj.6AJP6Ht4x2FxjM.','user',NULL,NULL,2973),(218,'Cristina Garcia','cristina.garcia@bsc.es','$2a$10$Jq9wkS49VExP0yz61GqcGOJ/b4PiersT5WCDj.6AJP6Ht4x2FxjM.','user',NULL,NULL,2974),(219,'Dana Stuparu','dana.stuparu@deltares.nl','$2a$10$Jq9wkS49VExP0yz61GqcGOJ/b4PiersT5WCDj.6AJP6Ht4x2FxjM.','user',NULL,NULL,2975),(220,'Elizabeth Mcintyre','eeecm@leeds.ac.uk','$2a$10$Jq9wkS49VExP0yz61GqcGOJ/b4PiersT5WCDj.6AJP6Ht4x2FxjM.','user',NULL,NULL,2976),(221,'Kjersti Aalbu','kjersti.aalbu@dnv.com','$2a$10$Jq9wkS49VExP0yz61GqcGOJ/b4PiersT5WCDj.6AJP6Ht4x2FxjM.','user',NULL,NULL,2978),(222,'Ljubica Slavkovic','ljslavkovic@cpn.rs','$2a$10$Jq9wkS49VExP0yz61GqcGOJ/b4PiersT5WCDj.6AJP6Ht4x2FxjM.','user',NULL,NULL,2981),(223,'Amandine Lobbrecht','lobbrecht@cerfacs.fr','$2a$10$Jq9wkS49VExP0yz61GqcGOJ/b4PiersT5WCDj.6AJP6Ht4x2FxjM.','user',NULL,NULL,2982),(224,'Lionel Loubet','loubet@cerfacs.fr','$2a$10$Jq9wkS49VExP0yz61GqcGOJ/b4PiersT5WCDj.6AJP6Ht4x2FxjM.','user',NULL,NULL,2983),(225,'Melissa Herlitz','melissa.herlitz@cmcc.it','$2a$10$Jq9wkS49VExP0yz61GqcGOJ/b4PiersT5WCDj.6AJP6Ht4x2FxjM.','user',NULL,NULL,2984),(226,'May Hoebika','MYHA@ramboll.com','$2a$10$Jq9wkS49VExP0yz61GqcGOJ/b4PiersT5WCDj.6AJP6Ht4x2FxjM.','user',NULL,NULL,2985),(227,'Philip Mc Bride','phim@dtu.dk','$2a$10$Jq9wkS49VExP0yz61GqcGOJ/b4PiersT5WCDj.6AJP6Ht4x2FxjM.','user',NULL,NULL,2986),(228,'Simone Taddeo','simone.taddeo@cmcc.it','$2a$10$Jq9wkS49VExP0yz61GqcGOJ/b4PiersT5WCDj.6AJP6Ht4x2FxjM.','user',NULL,NULL,2988),(229,'Hannes Thiemann','thiemann@dkrz.de','$2a$10$Jq9wkS49VExP0yz61GqcGOJ/b4PiersT5WCDj.6AJP6Ht4x2FxjM.','user',NULL,NULL,2989),(230,'Tom Moolenbel','tom.moolenbel@knmi.nl','$2a$10$Jq9wkS49VExP0yz61GqcGOJ/b4PiersT5WCDj.6AJP6Ht4x2FxjM.','user',NULL,NULL,2991),(232,'Xavier Domingo','xavier.domingo@bsc.es','$2a$10$Jq9wkS49VExP0yz61GqcGOJ/b4PiersT5WCDj.6AJP6Ht4x2FxjM.','user',NULL,NULL,2992);
/*!40000 ALTER TABLE `User` ENABLE KEYS */;
UNLOCK TABLES;

--
-- Table structure for table `_prisma_migrations`
--

DROP TABLE IF EXISTS `_prisma_migrations`;
/*!40101 SET @saved_cs_client     = @@character_set_client */;
/*!50503 SET character_set_client = utf8mb4 */;
CREATE TABLE `_prisma_migrations` (
  `id` varchar(36) CHARACTER SET utf8mb4 COLLATE utf8mb4_unicode_ci NOT NULL,
  `checksum` varchar(64) CHARACTER SET utf8mb4 COLLATE utf8mb4_unicode_ci NOT NULL,
  `finished_at` datetime(3) DEFAULT NULL,
  `migration_name` varchar(255) CHARACTER SET utf8mb4 COLLATE utf8mb4_unicode_ci NOT NULL,
  `logs` text CHARACTER SET utf8mb4 COLLATE utf8mb4_unicode_ci,
  `rolled_back_at` datetime(3) DEFAULT NULL,
  `started_at` datetime(3) NOT NULL DEFAULT CURRENT_TIMESTAMP(3),
  `applied_steps_count` int unsigned NOT NULL DEFAULT '0',
  PRIMARY KEY (`id`)
) ENGINE=InnoDB DEFAULT CHARSET=utf8mb4 COLLATE=utf8mb4_unicode_ci;
/*!40101 SET character_set_client = @saved_cs_client */;

--
-- Dumping data for table `_prisma_migrations`
--

LOCK TABLES `_prisma_migrations` WRITE;
/*!40000 ALTER TABLE `_prisma_migrations` DISABLE KEYS */;
INSERT INTO `_prisma_migrations` VALUES ('06a93c49-1b2e-47f0-8355-6dac516fecc5','8c1a3a4980350bd5ac39097010ba527176516908cc060e91dfadcc37c01863ec','2024-04-21 21:28:52.480','0_init',NULL,NULL,'2024-04-21 21:28:51.936',1),('13093d7f-af58-4d87-b482-3abab8869f9b','948751b599f3a21129f2b154bc3c878866b5dfbb04fe8913ffdb91a44227b689','2024-04-21 21:28:54.637','20240319152948_withprismaadapter',NULL,NULL,'2024-04-21 21:28:54.119',1),('2e58b800-74b3-48fd-846a-fb93792d717a','b523e54abf0845314a4ab74ddee052581205347240587ff44cee649f98697fc8','2024-04-21 21:28:53.193','20240207144533_db_fixed2',NULL,NULL,'2024-04-21 21:28:53.043',1),('2e93311b-ed08-4e33-a5b9-e087835ac869','67880f9c697026aef74ce1aaee6685063ec20e0cea3175dbb43ad7d9cd23ea0c','2024-04-21 21:28:57.010','20240403081641_table_terms',NULL,NULL,'2024-04-21 21:28:56.840',1),('480ad6c0-dc9e-4ea9-87f0-88a2c51d2e9d','1f0562b7706b9beb0bc67973303460584327833f619bb5b2657c46dcd43dba50','2024-04-21 21:28:56.433','20240328094816_search_table_implemented',NULL,NULL,'2024-04-21 21:28:55.251',1),('6aff5972-1a1f-4ec8-8579-7aed8be39ff2','b9cd6d4d5f364440be5a8c30c91495bbac8b80718bfc7d9912abd755a394242c','2024-04-21 21:28:52.541','20231204111444_1_users_table',NULL,NULL,'2024-04-21 21:28:52.484',1),('6b7997b6-d21a-40f5-b4b7-abf6334483e9','738e5e8abcea5051533232d8a31e2a1d80bad34ce74c8accc3a95636d309b9fa','2024-04-21 21:28:54.788','20240320144339_reset_password_added',NULL,NULL,'2024-04-21 21:28:54.646',1),('6d5a6492-393f-44a3-b9d2-e9bc0755b078','5d72e584f7d7ab74aca56d763709549bf0cb253b3de6fcfa5feeb2a14c5ab0b4','2024-04-21 21:28:54.114','20240315170550_auth_token_reset_password',NULL,NULL,'2024-04-21 21:28:53.199',1),('75c9c44f-0319-460a-915f-0688fd951caf','d5d549ffa137d3f648e184736e9fa33970ab7ff87e34b28e76e4f0326b981ce2','2024-04-21 21:28:56.836','20240402102601_adding_sector',NULL,NULL,'2024-04-21 21:28:56.717',1),('7e3b6026-e097-451f-a0e0-ca121fcafb20','b44a032baa87c274eb7eae69a683055ed2f01499e4ff0fdc4079b5dfe3da0a6a','2024-04-21 21:28:55.246','20240327085743_rolling_back',NULL,NULL,'2024-04-21 21:28:55.149',1),('9199d700-dd07-41b3-80e6-76a33bcd1730','bbc57e52238f3a461e1166a420e450addef2de54b81d81b23a8ee121f3fe71d5','2024-04-21 21:28:56.665','20240401134232_contact_user_relation',NULL,NULL,'2024-04-21 21:28:56.438',1),('a1afbc78-09b0-4393-97a4-b13173c27c6e','456d82909784f5f878714e16552617da2830719767299462ef34259428b8b8e7','2024-04-21 21:28:57.279','20240403102445_fix_organization',NULL,NULL,'2024-04-21 21:28:57.093',1),('bbeadf1c-34ac-44fd-ba22-73b9facc8774','f0b1fe9d42035a1f546c79dfed5de47c0663948b62129e40ec857ed7c910b21a','2024-04-21 21:29:25.276','20240421212925_21_04_2024',NULL,NULL,'2024-04-21 21:29:25.124',1),('d6cbd5a5-e05b-42c4-9310-135268721dd7','238055b728c18f80888dbfbff16aafb601f397f9daaf71ec5a96ad328b968332','2024-04-21 21:28:55.143','20240327085309_testing_prisma_adapter',NULL,NULL,'2024-04-21 21:28:54.795',1),('e2fde4cc-64fb-4a66-b04a-a3c3daf04e6c','4a10a4856f6435d065f06acc30b7d63bd024d17e0bc73f91f894a15a0ad55c78','2024-04-21 21:53:14.597','20240421215314_21_04_2024_final',NULL,NULL,'2024-04-21 21:53:14.399',1),('ea9e437e-c6e6-4f59-a6b6-382953db4e00','1936f58b82276128aded83645655ccda7e353344e6e8b0b12b9fbe3b709565f6','2024-06-17 08:24:17.671','20240617082417_adding_country',NULL,NULL,'2024-06-17 08:24:17.623',1),('f3405620-669b-4fa8-b8c5-5d5d021799f5','5f16e66a1816f3cf1f450f87a8e3c35f982b9a6bd226e7c1fb031c624308a684','2024-04-21 21:28:57.088','20240403081840_fixed_terms_field',NULL,NULL,'2024-04-21 21:28:57.013',1),('f5702815-2909-461d-bd6b-00bde11eea40','998752d78cbd404ec0d683a9d29f59f3ff756e38674ed31d690030ba71b08401','2024-04-21 21:28:53.037','20240207125655_db_contacts',NULL,NULL,'2024-04-21 21:28:52.546',1),('fd3036b0-d5e8-40fe-bf04-844554265cab','bea0c8974c27cf52125330ff39f1382de03e9a979ec5030471a9e8802de569c7','2024-04-21 21:28:56.713','20240401160234_contact_with_terms',NULL,NULL,'2024-04-21 21:28:56.678',1);
/*!40000 ALTER TABLE `_prisma_migrations` ENABLE KEYS */;
UNLOCK TABLES;
/*!40103 SET TIME_ZONE=@OLD_TIME_ZONE */;

/*!40101 SET SQL_MODE=@OLD_SQL_MODE */;
/*!40014 SET FOREIGN_KEY_CHECKS=@OLD_FOREIGN_KEY_CHECKS */;
/*!40014 SET UNIQUE_CHECKS=@OLD_UNIQUE_CHECKS */;
/*!40101 SET CHARACTER_SET_CLIENT=@OLD_CHARACTER_SET_CLIENT */;
/*!40101 SET CHARACTER_SET_RESULTS=@OLD_CHARACTER_SET_RESULTS */;
/*!40101 SET COLLATION_CONNECTION=@OLD_COLLATION_CONNECTION */;
/*!40111 SET SQL_NOTES=@OLD_SQL_NOTES */;

-- Dump completed on 2024-11-24 23:37:05
