﻿name,email,organizationId,projectParticipation,sectorId
Adrienn Ujhazi,adrien.ujhazi@gmail.com,669,0,5
MATTEO PEROTTI,matteo.perotti96@gmail.com,669,0,5
piero rubino,pieroru1955@gmail.com,669,0,6
Ingrid Roll,ingrid.roll@gmail.com,669,0,7
Marta Teixeira,mastacia.dg@gmail.com,669,0,9
Gioacchino Manzulli,ing.manzulli@virgilio.it,669,0,1
Andrea Taylor University of Leeds,a.l.taylor@leeds.ac.uk,669,0,5
Andreia  Azevedo Soares ,aasoares@publico.pt,669,0,3
Anastasiia  Bushovska ,ab@ecoaction.org.ua,669,0,4
pietro reggiani,Adagiofilm@gmail.com,669,0,3
Adriana Marcucci,adriana.marcucci@esc.ethz.ch,669,0,9
Águeda Silva,agueda.silva@apambiente.pt,669,0,6
Ailish craig,ailish.craig@bristol.ac.uk,669,0,5
Alexandre Cal,alexandre.calhevia@nationalgrid.com,669,0,5
Alice Portal,alice.portal94@gmail.com,669,0,9
Anne Zimmermann,amzimmermann@web.de,669,0,5
Andreas Pfennig,andreas.pfennig@uliege.be,669,0,9
Andreea Mihai,andreea.mihai333@gmail.com,669,0,1
Andreia  Sousa ,andreiagss@gmail.com,669,0,9
Anna Berti Suman,anna.bertisuman@gmail.com,669,0,9
Anna Dimitrijevics,anna.dimitrijevics@ec.europa.eu,669,0,6
Anna Valeriánová,anna.valerianova@chmi.cz,669,0,5
Antonio  Bottega ,Antobottega@gmail.com,669,0,3
Avinash Venkata,avinash.venkata@cdri.world,669,0,5
Barbara Frigione,barbara.frigione@unibs.it,669,0,9
Filippo Bellini,bellini_filippo@hotmail.it,669,0,4
B.,benat.abajo@tecnalia.com,669,0,5
beppe casales,beppe.casales@gmail.com,669,0,5
Bob Webb,bob.webb@anu.edu.au,669,0,9
B. Yesil,burcu.yesil@climateanaylitcs.org,669,0,5
Claudia Dimaggio,c.dimaggio@cittametropolitana.mi.it,669,0,5
Carlo Buontempo,carlo.buontempo@ecmwf.int,669,0,5
Carol McSweeney,carol.mcsweeney@metoffice.gov.uk,669,0,5
Rachel Cheang,cheangrchl@gmail.com,669,0,6
CHIARA CERVIGNI,CHIARA.CERVIGNI@COMUNE.BOLOGNA.IT,669,0,6
Chris Skinner,chris.skinner@environment-agency.gov.uk,669,0,5
Christine Gifford,christine.gifford@metoffice.gov.uk,669,0,5
Cinzia Tampieri,cinzia.tampieri@gmail.com,669,0,5
Giu Coccato,coccatog@icloud.com,669,0,5
Corinna,corinna.hausner@ramboll.com,669,0,5
Carey Feierabend,Cpfirebird@msn.com,669,0,6
Maria Ramos,cramos@macs.udl.es,669,0,9
Davoud Akbarbeyglu,D.akbarbeyglu@gmail.com,669,0,9
Dhirendra,d.kumar@reading.ac.uk,669,0,5
Sandy Dallerba,dallerba@illinois.edu,669,0,9
David Kay,Dlk2@cornell.edu,669,0,9
Domenico Bovienzo,domenico.bovienzo@unive.it,669,0,9
Doris  Socha,doris1818@gmail.com,669,0,5
Edoardo Mombelli,edoardo.mombelli@advant-nctm.com,669,0,1
Elena Bianco,elena.bianco@cmcc.it,669,0,5
Lizzy Dyson,elizabeth.dyson@metoffice.gov.uk,669,0,5
Enrico Cipriani,enci91@gmail.com,669,0,9
l r,eti@tacticaltech.org,669,0,4
HOST 1 (CMCC Events),events@cmcc.it,669,0,5
Federico Caruso,fede.caruso@gmail.com,669,0,3
Fiona Köhnke,fiona.koehnke@hereon.de,669,0,9
francesco cara,frakara@gmail.com,669,0,9
Francesca Cella,francesca.cella@gmail.com,669,0,5
Francesca Dagostin,francesca.dagostin@fmach.it,669,0,9
Francesca Zarabara,francesca.zarabara@phd.units.it,669,0,9
Francesco Immorlano CMCC,francesco.immorlano@cmcc.it,669,0,5
Francesco Serafini,francescoserafini0@gmail.com,669,0,5
Gianpiero Miraglio,g.miraglio@gmail.com,669,0,5
Tania,gaetana.anamiati@dnv.com,669,0,5
Gianluca Avella,gavella@aess-modena.it,669,0,4
Giorgia Svalduz,Giorgia.svalduz@gmail.com,669,0,5
Giulia Saponaro,giulia.saponaro@fmi.fi,669,0,9
Guido Rianna,guido.rianna@cmcc.it,669,0,9
Heinz Wittenbrink,heinz@wittenbrink.net,669,0,3
ingrid ruegemer,i.ruegemer@symbioscene.com,669,0,4
Ilda Mannino,ilda.mannino@univiu.org,669,0,9
Ingrid Vigna,ingridv@met.no,669,0,5
Iréne Wåhlström,irene.wahlstrom@smhi.se,669,0,5
Isabel Ripa JuliáA,isabel.ripajulia@gmail.com,669,0,5
Jagger Biggs,jagger@oppla.eu,669,0,5
Janette Bessembinder KNMI,janette.bessembinder@knmi.nl,669,0,5
Jean Dusart,Jean.DUSART@ec.europa.eu,669,0,5
Jérôme Servonnat,jerome.servonnat@lsce.ipsl.fr,669,0,5
Jacopo  Mengarelli ,jmengarucci@gmail.com,669,0,3
Jovana Kežić,jovanakcontact@gmail.com,669,0,5
Katarina Ćeranić,katarina.ceranic.pg@gmail.com,669,0,5
Katarína Korytárová,katarina.korytarova@gmail.com,669,0,5
Katharina Klehmet SMHI,katharina.klehmet@smhi.se,669,0,5
kiro boodh,kboodhraj@csir.co.za,669,0,9
Kealie Vogel,kealie.vogel@empa.ch,669,0,9
Kirsten Dunlop,kirsten.dunlop@climate-kic.org,669,0,5
Klaus Wyser,klaus.wyser@smhi.se,669,0,5
Lily,lilgou@ceh.ac.uk,669,0,5
Lindha Nilsson,lindha.nilsson@smhi.se,669,0,5
Lisa Tassi,lisatassi08@gmail.com,669,0,5
Lilian Loyer REH,lloyer@ramboll.com,669,0,5
Maria Caballero,maria.caballero@hereon.de,669,0,5
Marianna Franchino,mariannafranchino@gmail.com,669,0,1
Marinella Osilo,marinella.osilo@comune.sassari.it,669,0,6
Mia Alibegovic,mia.alibegovic@un.org,669,0,5
Michele Andrighetti,michele.andrighetti@gmail.com,669,0,5
Milena Putnik,milenaputnik@gmail.com,669,0,9
Milica Jošić,milica.josic999@gmail.com,669,0,5
Nebiyu Waliyi Tekesa,nabaawaliyi@gmail.com,669,0,5
Nadja Bobic,nadjabobic@gmail.com,669,0,3
nicoletta tranquillo,nicoletta.tranquillo@kilowatt.bo.it,669,0,1
Norel Rimbu,Norel.Rimbu@awi.de,669,0,9
Norina  Di Blasio ,norina.diblasio@gmail.com,669,0,3
Olga Trasuna,olga@environment.lv,669,0,5
Paola Villavicencio,p_villavicencio@hotmail.com,669,0,9
Rebecca Hueting DBL,rebecca.hueting@dblue.it,669,0,5
Rémi Gandoin Ørsted,regen@orsted.com,669,0,5
"Renato Bertalanic, ARSO",renato.bertalanic@gov.si,669,0,5
Teekay Kreissig,robotic-dance@kreissig.net,669,0,9
Sara  Dorato ,s.dorato@t-6.it,669,0,1
Sabine Baumann,sabine.baumann@dlr.de,669,0,9
Salah eddine Tachi,salah008@hotmail.fr,669,0,9
Sara El Mekkaoui,sara.el.mekkaoui@dnv.com,669,0,5
Sarah Wright Deltares,sarah.wright@deltares.nl,669,0,5
Silvia Girardello,silvia.girardello@kilowatt.bo.it,669,0,5
Sorin Cheval,sorincheval@yahoo.com,669,0,9
SusannaH,susanna.hopsch@smhi.se,669,0,5
Tatjaan Kaličanin,tatjana.kalicanin@bancaintesa.rs,669,0,1
Ted,ted.buskop@deltares.nl,669,0,5
Tereza  Fonseca ,terezacp@yahoo.com,669,0,9
Thierry Legrand,tlegrand@cencenelec.eu,669,0,5
Tijana Jakovljevic,tlezaic@gmail.com,669,0,9
Uroš Davidović RHMZ,uros.davidovic@gmail.com,669,0,5
Vladimir Djurdjevic,vdj@ff.bg.ac.rs,669,0,5
Jaro Mysiak,venice@cmcc.it,669,0,5
veronica dreassi,veronica.dreassi@regione.fvg.it,669,0,5
veronica,veronica2.piuri@gmail.com,669,0,5
Wei Yang,wei.yang@smhi.se,669,0,5
Zsuzsanna Zempléni,zempleni.zs@met.hu,669,0,5
Annalisa Gozzi,ann.g.0710@gmail.com,669,0,5
Kate Wright,k.wright@lancaster.ac.uk,669,0,5
Lars Bärring - SMHI,lars.barring@smhi.se,669,1,5
Seena Beqja,serenabbeqja@gmail.com,669,0,5
Martina Mattucci,martina.mattucci@hotmail.it,669,0,5
Thomas  Benedikter ,Thomas.benedikter57@gmail.com,669,0,6
Nugzar Suaridze,openskyge@gmail.com,669,0,4
Annamaria Cosattini,annamaria.cosattini@regione.fvg.it,669,0,8
Santiago Ramírez,santiagoramirezagudelo@gmail.com,669,0,8
Stephanie Senet,stephanie.senet@aefinfo.fr,669,0,5
Virginie Turc,virginie_cisv@hotmail.com,669,0,7
Mario Ciancarini,spingitoridc@gmail.com,669,0,7
Yulia Shamis,yuliash2704@yandex.ru,669,0,7
Marco Cigolotti,info@climaction.it,669,0,7
Jacopo Grassi,jacopograssi977@gmail.com,669,0,7
Pierre Roy,pierre.roy@cgg.com,669,0,7
Kristina Kalkan,kristina.kalkan@biosense.rs,669,0,8
Nenad Gligoric,nenad.gligoric@zentrixlab.eu,669,0,8
Paola Nassisi,paola.nassisi@cmcc.it,669,0,7
Prabodh Mistry,prabodh.mistry@ehv-engineering.com,669,0,7
Andrea Catalina Fajardo,andrea.fajardo@climatehubhh.org,669,0,7
Ingeborg Van den Nieuwendijk,ingeborg.van.den.nieuwendijk@atradius.com,669,0,8
Garret Patrick Kelly,sarajevo100cities@gmail.com,669,0,8
Katiuscia Fara,katfara@hotmail.com,669,0,5
cigdem coskun,cigdemcn@hotmail.com,669,0,9
Yves Zieba,yves.zieba@syntezia.com,669,0,7
Kanak Singh,Kanaksingh4@gmail.com,669,0,9
Tassos Krommydas,tassos@gwpmed.org,669,0,4
Michael Lavelle,michaellavelleengineer@gmail.com,669,0,7
marc PATTINSON,mpattinson@group-gac.com,669,0,7
Sara Cozzone,sara.cozzone@gmail.com,1,0,4
Lambert Kuijpers,lambert.kuijpers@kpnmail.nl,2,0,9
Yi-Chi Wang,yichiwang@gate.sinica.edu.tw,3,0,9
Lida Dimitriadou,ldimitriadou@academyofathens.gr,4,0,9
Stavros Solomos,ssolomos@academyofathens.gr,4,0,9
Igle Gledhill,igle.gledhill@wits.ac.za,5,0,9
Cecilia Consalvo,c.consalvo@acteon-environment.eu,6,0,9
Cecilia Consalvo,Ceciliaconsalvo@gmail.com,6,0,5
Adam Sebire,adamsebire@gmail.com,7,0,5
Daniel Hagos  Berhe ,danielhgs829@gmail.com,8,0,9
Leonor Pereira,leonor.pereira@advid.pt,9,0,4
Alan MANDRILLON,mandrillon@aerospace-valley.com,10,0,4
Ioana-Simona Rosca,rosca@aerospace-valley.com,10,0,4
carmen palumbo,carmen.palu@gmail.com,11,0,6
Gianluca Avella,gavella@aess.modena.it,11,0,4
Gianluca Avella,gianluca.avella@aess.energy,11,0,4
Lisa Sentimenti,lisa.sentimenti@aess.energy,11,0,4
Philipp Stanzel,philipp.stanzel@afry.com,12,0,1
André Le Doux Wamba,andre_ledouxcm@yahoo.fr,13,0,4
Inès Alterio,ines.alterio@agencerecherche.fr,14,0,6
Douglas Machacha,dmachacha@gmail.com,15,0,1
Gennaro Pisciotta,gennaro.pisciotta@gmail.com,16,0,5
Paolo Frontero,paolo.frontero@gmail.com,17,0,9
shreya some,shreyas@ait.asia,18,0,9
Patrycja Metlewicz,pmetlewicz@gmail.com,19,0,5
Maria Wirth,maria.wirth@alchemia-nova.net,20,0,9
Virginia Stimilli,virginia.stimilli@alda-europe.eu,21,0,4
Laura Trentini,laura3ntini@gmail.com,22,0,5
Osman Budak,osbudak@gmail.com,23,0,4
Angela  Colli ,angela.colli@unipv.it,24,0,4
PETRESCU LAURA ELENA,suedelaura@yahoo.com,25,0,9
SENTHILKUMAR RAMASAMY,rsk.iitm@gmail.com,26,0,9
Matteo Ulisse Parodi,matteo.parodi@aon.com,27,0,9
Chiara Tringali,chiara.tringali@ape.fvg.it,28,0,4
Txema Lecea,txema.lecea@araymond.com,29,0,1
Camila Apollaro,camiapollaro@gmail.com,30,0,5
Ilona  Mettiäinen ,Ilona.mettiainen@ulapland.fi,31,0,9
Pontony Zumárrraga,pontonyzumarraga@hotmail.com,32,0,6
Federica Flapp,federica.flapp@arpa.fvg.it,33,0,6
Valentina Gallina,valentina.gallina@arpa.fvg.it,33,0,6
Mario Gregorio Piuri,m.piuri@arpalombardia.it,34,0,6
Mauro Mussin,m.mussin@arpalombardia.it,34,0,6
Simona Barbarino,s.barbarino@arpa.piemonte.it,35,0,9
Pier Luigi Trudu,pltrudu@arpa.sardegna.it,36,0,6
Alice Vecchi,ext-avecchi@arpae.it,37,0,6
Vanessa Giorgione,giorgione.vanessa@gmail.com,37,0,9
francesca frigo,ffrigo@arpae.it,37,0,6
Stefania Calleri,s.calleri@arpat.toscana.it,38,0,3
Sabina Sabic,sabina.sabic@gmail.com,39,0,4
Adeshina Adebanjo,adesama2sty@gmail.com,40,0,9
Soumita Chatterjee,soumita450@gmail.com,41,0,9
Ethan Chia,ethan@aspri.com.sg,42,0,4
Kakha  NADIRADZE,nadiradzekakha@gmail.com,43,0,4
Fabiano Ventura,f.ventura@macromicro.it,44,0,4
Francis Colledge,francis.colledge@atkinsglobal.com,45,0,1
Max Ulrich,m.ulrich@atmoveraconsulting.de,46,0,1
Laura Basconi,laura.b@aworld.org,47,0,1
elena garrido,egarrido@logrono.es,48,0,6
Nieves Fernandez Navarro,nfernandez@malaga.eu,49,0,6
Soranut Sarasombath,alex.sarasombath@gmail.com,50,0,1
Adina-Eliza Croitoru,adina.croitoru@ubbcluj.ro,51,0,9
Yeshambel Chekol,Yeshambel166@gmail.com,52,0,9
Magdalena Muir,magdalenaakmuir@gmail.com,53,0,9
Magdalena Muir,etw62554@yahoo.com,53,0,9
Agnese Cecchini,a.cecchini@gruppoitaliaenergia.it,54,0,3
Julieta Rosenbluth,julieta.rosenbluth@bsc.es,55,0,9
Antonia Frangeskou,afragi01@gmail.com,55,0,9
Dragana Bojovic,Dragana.bojovic@bsc.es,55,0,9
Eren Duzenli,eren.duzenli@bsc.es,55,0,9
Marina Baldissera Pacchetti,marina.baldissera@bsc.es,55,0,9
Núria Pérez-Zanón,nuria.perez@bsc.es,55,0,9
Paula Checchia Adell,paula.checchia@bsc.es,55,0,9
Carlos Delgado-Torres,carlos.delgado@bsc.es,55,0,9
Ilaria Vigo,ilaria.vigo@bsc.es,55,0,9
VERONICA Torralba Fernández,veronica.torralba@bsc.es,55,0,9
Marta Terrado,marta.terrado@bsc.es,55,0,9
Verónica Torralba,veronica.torralba@bsc.com,55,0,9
Ángel G.  Muñoz,angel.g.munoz@bsc.es,55,0,9
Rosa Rodríguez Gasén,rosa.rodriguez@bsc.es,55,0,9
Albert Soret Miravet,albert.soret@bsc.es,55,0,9
Ángel G Muñoz,angel.g.munoz.bsc@gmail.com,55,0,9
Aude Carreric,aude.carreric@bsc.es,55,0,9
Dragana Bojovic,bagins_yu@yahoo.com,55,0,9
Balakrishnan Solaraju,balakrishnan.solaraju@bsc.es,55,0,9
Carlo Lacagnina,carlo.lacagnina@bsc.es,55,0,9
Marina Corradini,corradinimrn@gmail.com,55,0,9
Diana Urquiza,diana.urquizane@gmail.com,55,0,9
ilaria vigo,ilaria.vigo@barcelonagse.eu,55,0,9
Jolita  Jancyte ,jolita.jancyte@bsc.es,55,0,9
Nadia Milders,nadia.milders@bsc.es,55,0,9
Paola Castellano,pcossa@fc.ul.pt,55,0,9
Carmen Gonzalez Romero ,carmen.gonzalezromero@bsc.es,55,0,9
Inés Martín,ines.martin@bsc.es,55,0,9
Mar Rodríguez,mar.rodriguez@bsc.es,55,0,9
Paola Castellanos,paola.castellanos@bsc.es,55,0,9
Andria Nicodemou,andria.nicodemou@bsc.es,55,0,9
Carlo Lacagnina,carlo.lacagnina17@gmail.com,55,0,1
Diana Urquiza,diana.urquiza@bsc.es,55,0,9
Francisco Doblas-Reyes,francisco.doblas-reyes@bsc.es,55,0,9
Victòria Agudetse Roures,victoria.agudetse@bsc.es,55,0,9
Mihajlo Vujasin,vujasin.mihajlo@gmail.com,56,0,3
Jafar Amani Dashlejeh,amani.jafar@gmail.com,57,0,9
Marco Trevisan,marco.trevisan@bazzmann.agency,58,0,3
Aitor Zulueta,aitor.zulueta@bc3research.org,59,0,9
SARA MINISINI,s.minisini@bdi.fr,60,0,6
Uratchwee Unhalehaka,uratchwee@bedo.or.th,62,0,6
Johan Gars,johan.gars@kva.se,63,0,9
Rozemien De Troch,rozemien.detroch@climatecentre.be,64,0,9
Isidora Simović,isidora.simovic@biosense.rs,65,0,9
Tijana Nikolić Lugonja,nikolic.tija@gmail.com,65,0,9
Ilaria Zorzi,ilaria.zorzi@bluebiloba.com,66,0,1
Joseph Safi,josephsafi11@gmail.com,67,0,1
Sabine von Mering,vonmering@brandeis.edu,68,0,9
Ellie Murtagh,elliemurtagh@redcross.org.uk,69,0,5
Agostino Mathis,amathisit@yahoo.com,70,0,9
Garima Jasuja,956743@stud.unive.it,71,0,9
Agnese Cecchini,a.cecchini@gruppoitaliaenergia.it,71,0,3
Md Monzer Hossain Sarker,monzer.sarker@unive.it,71,0,9
Baya  Aissaoui ,baya.aissaoui@cmcc.it,71,0,9
Tatiana Gómez,pacto.alcaldes@energiagrancanaria.com,72,0,6
QUARTIERI GIUSEPPE,giuseppegmquartieri@gmail.com,73,0,9
Colin Barnes,crebarnes@gmail.com,74,0,9
Carine Saüt,carine.saut@capgemini.com,75,0,1
Miguel Angel Tinte Garcia,miguel.tinte@gmail.com,75,0,5
Eva Boon,eva@climateadaptationservices.com,76,0,9
Eva Boon,eva@climatedaptationservices.com,76,0,9
Karolina Zubel,karolina.zubel@case-research.eu,77,0,9
Salvador Samitier,salvador.samitier@gencat.cat,78,0,6
Étienne Métais,etienne.metais@cdp.net,79,0,4
Franco Boscolo,piceaexcelsa@tiscali.it,80,0,9
Fabiana Adamo,adamofabiana@gmail.com,81,0,4
Fabiana Adamo,f.adamo@cefaonlus.it,81,0,4
Mike Cohen,steenbok@aerosat.co.za,82,0,1
Innocent Azih,azih@caccng.org,83,0,4
Irena Šujdović,isujdovic@cpn.rs,84,0,6
Katarina Stekic,kstekic@cpn.rs,84,0,6
Alberto Troccoli,alberto.troccoli@wemcouncil.org,84,0,1
Marjana Brkic,mbrkic@cpn.rs,84,0,6
Petar Lausevic,plausevic@cpn.rs,84,0,9
Mirjana Volarev,mvolarev@cpn.rs,84,0,6
Shadananan Nair,nair59@yahoo.com,86,0,4
Claudia Bouroncle,claudia.bouroncle@catie.ac.cr,87,0,9
andrea monda,andrea.monda@regione.campania.it,88,0,6
Leslie Busby,lbusby56@gmail.com,89,0,4
Christian Pagé,christian.page@cerfacs.fr,90,0,9
Emilia Sanchez,sanchez@cerfacs.fr,90,0,5
Laura Zamboni,laura.p.zamboni@gmail.com,91,0,1
VERNET JOSEP MARIA,jmvernet@cellerlagranada.com,92,0,5
simona fabiani,s.fabiani@cgil.it,93,0,4
Tomáš Halenka,tomas.halenka@mff.cuni.cz,94,0,9
Chokchai Suthidhummajit,chokchai.s@gmail.com,95,0,9
Camilo Barrios Pérez,camilobarriosperez@gmail.com,96,0,9
Ana  Carvalho,anacarvalho@cimcavado.pt,97,0,6
Nicola Rebora,nicola.rebora@cimafoundation.org,98,0,9
Ann-Sophie Boehle,ann-sophie.boehle@ec.europa.eu,99,0,6
Giulia Moggia,Giulia.moggia@ec.europa.eu,99,0,6
Javier Barrio,Javier.barrio-alonso@ec.europa.eu,99,0,6
Marko Adamovic,marko.adamovic@ec.europa.eu,99,0,1
RIchard Martins Tavares,richard.tavares@ec.europa.eu,99,0,4
Laura Deltenre,laura.deltenre@cisl.cam.ac.uk,100,0,9
David Joseph  Allieu ,davidjallieu@gmail.com,101,0,5
Felix van Veldhoven,felix@climateadaptationservices.com,102,0,4
Hasse Goosen,hasse@climateadaptationservices.com,102,0,9
Sophie van der Horst,sophie@climateadaptationservices.com,102,0,5
Burcu Yesil,burcu.yesil@climateanalytics.org,103,0,9
Quentin Lejeune,quentin.lejeune@climateanalytics.org,103,0,9
Robert Brecha,robert.brecha@climateanalytics.org,103,0,9
Zachary Zeller,zachary.zeller@climatanalytics.org,103,0,4
Zachary Zeller,zachary.zeller@climateanalytics.org,103,0,4
Rosanne Martyr,rosanne.martyr-koller@climateanalytics.org,103,0,9
Andrea Conte,Info@andreco.org,104,0,5
Christopher Jack (Climate Centre),jack@climatecentre.org,105,0,5
Juan Martin Queirel,jm.queirel@climatescale.com,106,0,1
Ana Lopez,ana.lopez@climatescale.com,106,0,1
Gil Lizcano,gil.lizcano@climatescale.com,106,0,7
Anke Schlünsen-Rico,anke.schluensen-rico@hereon.de,107,0,9
Jeewanthi Sirisena,jeewanthi.thotapitiya@hereon.de,107,0,5
Elke Keup-Thiel,elke.keup-thiel@hereon.de,108,0,9
Maria Wolff,maria.wolff@hereon.de,108,0,9
Andreas Villwock,andreas.villwock@hereon.de,108,0,9
Armelle Remedio,armelle.remedio@hereon.de,108,0,5
Tanja Blome,tanja.blome@hereon.de,108,0,9
Jan Harrs,jan-albrecht.harrs@heren.de,108,0,9
Jan Harrs,janbrecht.harrs@gmail.com,108,0,9
Janna Gehrke,janna-malin.gehrke@hereon.de,108,0,9
Katharina Bülow,katharina.buelow@gmx.de,108,0,9
Katharina Bülow,katharina.buelow@hereon.de,108,0,9
Rodrigo Valencia,rodrigo.valencia@hereon.de,108,0,9
Benjamin Le Roy,benjamin.le-roy@hereon.de,108,0,5
Cristobal Reveco,cristobal.reveco@hereon.de,108,0,9
Daniela Jacob,d.jacob@hereon.de,108,0,9
Andreas Villwock,andreas_villwock@sibirien.de,108,0,9
Pietro Spataro,pietro@climatestandard.net,109,0,1
Antonia Matthies,antonia.matthies@climate-kic.org,110,0,6
Ron Immink,ronimmink@gmail.com,110,0,7
Umberto Galli,umberto.galli@coima.it,111,0,1
Ana Oliveira,ana.oliveira@colabatlantic.com,112,0,9
Eva Pauditsova,eva.pauditsova@uniba.sk,113,0,9
Francesca Mancarella,f.mancarella@unicef.it,114,0,4
Alma Richards,almarichards@mailfoundery.com,115,0,5
Sayed Waseem Iqbal,Sayedwasiem@live.com,116,0,9
DINA DEL TOSTO,dina.deltosto@comune.laquila.it,117,0,6
Nicola Zanca,sindaco@comune.gaiba.ro.it,118,0,6
S. Nardicchia,simone.nardicchia@comune.milano.it,119,0,6
Catello Lambiase,catello.lambiase@gmail.com,120,0,6
Jose  Franco ,Francojj@gmail.com,121,0,4
Alexis Lozano,alexis.lozano@ulpgc.es,122,0,6
Alexis Lozano,alozano@energiagrancanaria.com,122,0,6
marcella ,marcella_bertacchi@regione.lombardia.it,123,0,6
milvia rastrelli,milvia.rastrelli@lemilleeunanotte.coop,124,0,5
Stefania Romano,stefania.romano@un.org,125,0,6
Kejt Dhrami,kejt_dhrami@co-plan.org,126,0,4
Daniel Carr,daniel_carr@corkcity.ie,127,0,8
Ana Lucia Jaramillo,a.jaramillo@corvers.com,128,0,1
Alberto Troccoli,alberto.troccoli@wemcouncil.org,85,0,1
LAURA BARDI,laura.bardi@crea.gov.it,129,0,9
Stanislao Esposito,stanislao.esposito@crea.gov.it,129,0,9
ELISABETTA MUSSO,elisabetta.musso@crea.gov.it,129,0,5
Jose  Segarra Murria ,jsegarra@heliotec.es,130,0,4
Melita Perčec Tadić,melita.percec.tadic@cirus.dhz.hr,131,0,6
raymond saner,saner@csend.org,132,0,4
lichia saner-yiu,yiu@csend.org,132,0,4
Kanchan Kargwal,kanchankargwal01@gmail.com,133,0,9
Yannis Markonis,markonis@fzp.czu.cz,134,0,9
Mark Payne,mapa@dmi.dk,135,0,6
Luigi Selmi,luigiselmi@gmail.com,136,0,1
nicoletta pillon,nicoletta.pillon@dbagroup.it,137,0,1
Firew Bekele,firewbekele97@yahoo.com,138,0,1
Luigia Ripani,luigia.ripani@deepki.com,139,0,9
Virginia Vona,vvona@deloitte.it,140,0,1
Mattia Betteo,mbetteo@deloitte.it,141,0,1
Frederiek Sperna Weiland,frederiek.sperna@deltares.nl,142,0,6
Ümit Taner,tanerumit@gmail.com,142,0,9
Daniel Peregrina,daniel.peregrinagonzalez@deltares.nl,142,0,9
Joletta de Man,joletta.deman@deltares.nl,669,0,5
Ali Ali,alioxford@yahoo.co.uk,143,0,1
Saskia Buchholz,saskia.buchholz@dwd.de,144,0,5
Stephanie Hänsel,stephanie.haensel@dwd.de,144,0,6
Andreas Walter,andreas.walter3@dwd.de,144,0,8
Barbara Früh,barbara.frueh@dwd.de,144,0,8
Frank Kreienkamp,frank.kreienkamp@dwd.de,144,0,8
Michael Böttinger,boettinger@dkrz.de,145,0,5
Dirk Hoffmann,dirk.hoffmann@deval.org,146,0,6
Wafae Badi,wafae.badi@gmail.com,147,0,1
Wiebke Meister,wiebke.meister@din.de,242,0,5
Lina Monitor,lina.monitor@din.de,242,0,7
João Daniel Gomes Luís,jdaniel.ag.luis@madeira.gov.pt,148,0,6
Berna Yigit,berna.yigit@iklim.gov,149,0,6
evgenia Tsianou,Arada@dissco.ch,150,0,5
Stephan Kindermann,kindermann@dkrz.de,145,0,5
Fanny Adloff,adloff@dkrz.de,145,0,9
Martina Stockhause,stockhause@dkrz.de,145,0,5
Asun Lera,asun.lerastclair@bsc.es,533,0,1
Christian Andersson,christian.andersson@dnv.com,533,0,1
Edwin Aalders,edwin.aalders@dnv.com,533,0,1
edwin aalders,edwin.aalders@dnv.ocm,533,0,1
Luigi Operato,luigi.operato@dnv.com,533,0,5
Andreas Hafver,andreas.hafver@dnv.com,533,0,1
Eelco Kruizinga,eelco.kruizinga@dnv.com,533,0,7
Øivin Aarnes,oivin.aarnes@dnv.com,533,0,1
Asun Lera St.Clair,asun.lera.st.clair@dnv.com,533,0,7
Siegfried Eisinger,Siegfried.Eisinger@DNV.com,533,0,9
Barbara Scarnato,barbara.scarnato@dnv.com,533,0,7
Nena Šilić,nena.silic@door.hr,151,0,4
ingrid hartmann,ingrid.hartmann@posteo.de,152,0,9
Karyn Morrissey,kamorr@dtu.dk,520,0,9
Kirsten Halsnæs,khal@dtu.dk,520,0,9
Tatiana Ferrari,tatikol@dtu.dk,520,0,9
Romee Prijden,r.prijden@dgbc.nl,153,0,4
PANAGIOTA KERAMEA,kerameapanagiota@gmail.com,154,0,9
Christopher Oligschläger,christopher.oligschlaeger@earsc.org,155,0,4
Fabio Dalan,fabio.dalan@ec.europa.eu,156,0,6
Katarzyna Drabicka,katarzyna.drabicka@ec.europa.eu,156,0,6
Erwin Goor,erwin.goor@ec.europa.eu,156,0,6
Erwin Goor,erwin.goor@telenet.be,156,0,6
Alexandru Dandocsi,alexandru-marius.dandocsi@ec.europa.eu,156,0,6
Chiara Cagnazzo,Chiara.Cagnazzo@ecmwf.int,192,0,9
Francesca Fusco,francesca.fusco@ecmwf.int,192,0,6
Karen O'Regan,karen.oregan@ecmwf.int,192,0,5
Milana Vuckovic,milana.vuckovic@ecmwf.int,192,0,6
Andre Obregon,andre.obregon@ecmwf.int,192,0,6
Charalampos Karvelis,charalampos.karvelis@ecmwf.int,192,0,6
Christopher Goddard,christopher.goddard@ecmwf.int,192,0,9
CRISTINA LUGLI,c.lugli@ecolstudio.com,157,0,1
Nico Stelljes,Nico.Stelljes@ecologic.eu,158,0,9
Chiara Mazzetti,chiara.mazzetti@ecologic.eu,158,0,9
Jenny Tröltzsch,jenny.troeltzsch@ecologic.eu,158,0,9
Grit Martinez,grit.martinez@ecologic.eu,158,0,6
Bernard Lutete Di Lutete,savetheclimat@gmail.com,159,0,4
Sissi Knispel de Acosta,sissi.knispel@ecra-climate.eu,160,0,9
Anna Verones,anna.verones@ecsa.ngo,161,0,4
CHARIKLEIA MANARA,claire.alonia@yahoo.gr,162,0,9
Julie Berckmans,julie.berckmans@eea.europa.eu,163,0,6
Lucy  Gregersen,lucy.gregersen@eea.europa.eu,163,0,6
cigdem coskun hepcan,cigdem.coskun.hepcan@ege.edu.tr,164,0,9
Luisa Mazzotta,Luisa.Mazzotta@eiopa.europa.eu,165,0,6
Beatrice Malnati,beatrice.malnati@climate-kic.org,166,0,5
Stefka Domuzova,stefka.domuzova@climate-kic.org,166,0,5
Thanh-Tâm Lê,thanh-tam.le@climate-kic.org,166,0,4
Kevin Ramirez,kevin.ramirez@climate-kic.org,166,0,4
Antonia Skarli,antonia.skarli@eleaf.com,167,0,1
Christina Kallimani,christina.kallimani@eleaf.com,167,0,1
Jessica Snoek,jessica.snoek@eleaf.com,167,0,5
Sotirios Soulantikas,sotirios.soulantikas@eleaf.com,167,0,1
Robert  Tucker ,Roberttuc@gmail.com,168,0,1
Ana Rocha,ana.rocha@elo.org,169,0,4
lucia cannellini,lucia.cannellini@regione.emilia-romagna.it,170,0,6
Hauke Schlesier,hauke.schlesier@empa.ch,171,0,9
Marcus Berr,marcus.berr@empa.ch,171,0,9
martina serra,martina.serra@empa.ch,171,0,9
AGOSTINO LETARDI,agostino.letardi@enea.it,172,0,9
Franco Catalano,franco.catalano@enea.it,172,0,9
Luigi Ponti,luigi.ponti@enea.it,172,0,9
Roberta Roberto,roberta.roberto@enea.it,172,0,9
Sandro Calmanti,sandro.calmanti@enea.it,172,0,9
alessandro dell'aquila,alessandro.dellaquila@enea.it,172,0,9
Luigi Ponti,quartese@gmail.com,172,0,8
francesca marchi,francesca.marchi@enel.com,173,0,1
laura di bernardo,laura.dibernardo@enel.com,173,0,1
Mario Ciancarini,mario.ciancarini@enel.com,173,0,1
Carola Segale,carola.segale@enel.com,173,0,1
Zehra Yakut,zehra.yakut@enexion.de,174,0,5
Laurent Politis ,laurent.politis@engie.com,175,0,1
Annunziata Chiacchiera,annunziata.chiacchiera@env-isa.com,176,0,1
Angela  Ruggiero ,ruggiero.angela@yahoo.ie,177,0,6
Max Griffin,max.griffin@eshrservices.com,178,0,1
Olga Trasuna,olga.trasuna@elmen-eeig.eu,179,0,5
Alessio  Ciullo,alessio.ciullo@usys.ethz.ch,180,0,9
Paola Fiore,paola.fiore@eticambiente.com,181,0,1
Oksana Kysil,Oksana.kysil@eumayors.eu,182,0,6
andrea castellan,andreacastellan55@gmail.com,183,0,4
FAtjona Levani,Levanifatjona@gmail.com,184,0,6
elisa ravazzoli,elisa.ravazzoli@eurac.edu,185,0,9
Kathrin Renner,kathrin.renner@eurac.edu,185,0,9
Marina Presas,marina.presas@eurecat.org,186,0,9
Marta Otero,marta.otero@eurecat.org,186,0,9
Rachel Burbidge,Rachel.burbidge@eurocontrol.int,187,0,6
Paula Lorenzo,4paulalorenzo@gmail.com,188,0,9
Alessio Menini,alessio.menini@cmcc.it,188,0,9
Amal Salhi,amal.salhi@cmcc.it,188,0,9
Angelica  Marengo ,Angelica.marengo@cmcc.it,188,0,9
Silvia Binet,binet.silvia@gmail.com,188,0,9
Caterina Guidi,caterina.guidi@cmcc.it,188,0,9
chiara bidoli,chiara.bidoli@cmcc.it,188,0,9
Clara Beffa,clara.beffa@cmcc.it,188,0,6
Demetrio Bova,Demetrio.bova@cmcc.it,188,0,9
Diana Azevedo,diana.azevedo@cmcc.it,188,0,9
Dorotea Iovino,dorotea.iovino@cmcc.it,188,0,5
Elisa Delpiazzo,elisa.delpiazzo@libero.it,188,0,9
Eugenio Sini,eugenio.sini@cmcc.it,188,0,9
Francesco trotta,francesco.trotta@cmcc.it,188,0,9
Gianni Nobile,gianni.nobile@cmcc.it,188,0,5
Giulia Galluccio,giulia.galluccio@cmcc.it,188,0,9
Jeremy Pal,jeremy.pal@cmcc.it,188,0,9
Kasia Fantoni,kasia.fantoni@cmcc.it,188,0,9
Lucia Luperto,lucia.luperto@cmcc.it,188,0,3
Lucia Perugini,lucia.perugini@cmcc.it,188,0,9
Lucia Luperto,lucialuperto@gmail.com,188,0,1
Margaretha Breil,margaretha.breil@cmcc.it,188,0,9
Marta Ellena,marta.ell@hotmail.it,188,0,9
mohamed azhar,mohamed.azhar@cmcc.it,188,0,9
Ottavia Carlon,ottavia.carlon@cmcc.it,188,0,9
Pietro Miraglio,pietro.miraglio@cmcc.it,188,0,9
Rebeca Biancardi,rebeca.biancardialeu@cmcc.it,188,0,9
Ronan McAdam,ronan.mcadam@cmcc.it,188,0,9
Ruben David,ruben.david@cmcc.it,188,0,9
Silvia Torresan,silvia.torresan@cmcc.it,188,0,9
Sofia Di Franco,sofia.difranco@eiee.org,188,0,9
Stefania Gottardo,stefania.gottardo@cmcc.it,188,0,9
Agnese Glauda,agnese.glauda@cmcc.it,188,0,9
Andrea Staccione,andrea.staccione@cmcc.it,188,0,9
Anna Pirani,anna.pirani@cmcc.it,188,0,9
Carlo Palma,carlo.palma@cmcc.it,188,0,9
Chiara Calderaro,chiara.calderaro@cmcc.it,188,0,9
christian Simeoni,christian.simeoni@cmcc.it,188,0,9
Davide Michielin,davide.michielin@cmcc.it,188,0,3
Domenico Bovienzo,domenico.bovienzo@cmcc.it,188,0,9
elena allegri,elena.allegri@cmcc.it,188,0,9
Elisa Delpiazzo,elisa.delpiazzo@cmcc.it,188,0,9
federica zennaro,federica.zennaro@cmcc.it,188,0,9
Francesca Larosa,francesca.larosa@cmcc.it,188,0,9
Giacomo Falchetta,giacomo.falchetta@cmcc.it,188,0,9
Letizia Monteleone,letizia.monteleone@cmcc.it,188,0,9
Marina Menga,marina.menga@cmcc.it,188,0,3
Arianna  Acierno,maybole3.14@gmail.com,188,0,9
Océane Espin,oceane.espin@cmcc.it,188,0,9
Roberta  Baria,roberta.baria@cmcc.it,188,0,9
CIGDEM COSKUN HEPCAN,cigdem.coskun.hepcan@ege.edu.tr,188,0,9
Stefano Tibaldi,stefanotib@gmail.com,188,0,5
valentina giannini,valentina.giannini@cmcc.it,188,0,9
Zheng Hou,zheng.hou@cmcc.it,188,0,9
Arianna Acierno,arianna.acierno@cmcc.it,188,0,9
Fabrizio Antonio,fabrizio.antonio@cmcc.it,188,0,9
Jaroslav Mysiak,jaroslav.mysiak@cmcc.it,188,0,9
mauro buonocore,mauro.buonocore@cmcc.it,188,0,3
Dobrivoje Lale Eric,dleric@cpn.rs,188,0,5
Alessandra Mazzai,alessandra.mazzai@cmcc.it,188,0,9
Chiara Trozzo,chiara.trozzo@cmcc.it,188,0,9
Andrea Russo,rast4ndy@gmail.com,188,0,3
Andrea Russo,andrea.russo@cmcc.it,188,0,6
Lorenzo Tarricone,lorenzo.tarricone@cmcc.it,188,0,4
mauro gmail buonocore,buonocoremauro@gmail.com,188,0,5
Diep Nguyen,ngocdiep.nguyen@cmcc.it,188,0,9
Asrat Tekle Asresu,956666@stud.unive.it,188,0,5
Alfredo Reder,alfredo.reder@cmcc.it,188,0,9
Paola Mercogliano ,Paola.mercogliano@cmcc.it,188,0,9
Elisa Filippi,elisa.filippi@euronike.it,189,0,4
Jip Lenssen,jip.lenssen@eurada.org,190,0,4
Jerome Friedrichs,jerome.friedrichs@eurada.org,190,0,4
Andrej Ceglar,andrej.ceglar@ecb.europa.eu,191,0,6
Sebastiano Sanna,sannasebastiano@gmail.com,193,0,9
Sophie Berger,sophie.berger@ec.europa.eu,194,0,6
Alessia Pietrosanti,alessia.pietrosanti@ec.europa.eu,194,0,6
Aldo Treville,aldo.treville@ec.europa.eu,194,0,6
Alessia Pietrosanti,alessia.pietrosanti@gmail.com,194,0,6
Paschalis TZIASTAS,paschalis.tziastas@ec.europa.eu,194,0,6
Christiana Photiadou,christiana.photiadou@eea.europa.eu,195,0,6
Marianne Tychsen,marianne.tychsen@eea.europa.eu,195,0,6
Hans-Martin Fuessel,martin.fuessel@eea.europa.eu,195,0,6
sergio carpano neuschuler,carpanon@eib.org,196,0,6
Maria Falaleeva,falaleeva.mariya@gmail.com,197,0,7
Marika D'Angelo,marikadangelo94@gmail.com,198,0,4
Pauli Von Gethen,paulliubaoyu@gmail.com,199,0,9
Branko Grisogono,branko.grisogono@gfz.hr,200,0,9
David Nri,David.nri@falck.com,201,0,5
Abigail  Alvarado,abigail.alvarado@fao.org,202,0,5
herve levite,herve.levite@fao.org,202,0,6
Inge Jonckheere,inge.jonckheere@fao.org,202,0,6
Inge Jonckheere,inge.jonckheere@gmail.com,202,0,9
Annamaria Lehoczky,annamaria.lehoczky@fauna-flora.org,203,0,4
Cynthia el-Dash,cdash@arq.up.pt,204,0,5
Céline,up202200061@up.pt,204,0,5
Chiara Leonardi,cleonardi@fbk.eu,205,0,9
Paolo Massa,massa@fbk.eu,205,0,9
fabio catino,fabio.catino@fc21.eu,206,0,1
fabio catino,fabio.catino@fc1.eu,206,0,1
Nadège Seguel,nadege.seguel@fedarene.org,207,0,4
Alice Terpereau,alice.terpereau@feem.it,208,0,9
Irua Euribe,iruaeuribe@gmail.com,209,0,1
Antonio Martins,antonioareosamartins@gmail.com,210,0,9
Carlo Mei,mei@finapptech.com,211,0,1
Andrea Vajda,andrea.vajda@fmi.fi,212,0,9
Mikko Strahlendorff,mikko.strahlendorff@fmi.fi,212,0,6
Miriam Kosmale,miriam.kosmale@fmi.fi,212,0,9
Otto Hyvärinen,otto.hyvarinen@fmi.fi,212,0,9
Carla Maria Di Natale,carla.di.natale@fmi.fi,212,0,9
Hada Ajosenpää,hada.ajosenpaa@fmi.fi,212,0,9
Hilppa Gregow,hilppa.gregow@fmi.fi,212,0,4
Theresa Schaber,theresa.schaber@fmi.fi,212,0,1
Vera Chinellato,vera.chinellato@fispmed.org,213,0,4
Filip Lefebre,filip.lefebre@vito.be,214,0,7
Sara Stemberger,sstemberger@fbk.eu,215,0,9
Alessia Torre,atorre@fbk.eu,215,0,9
Alessandro Gretter,alessandro.gretter@fmach.it,216,0,9
GIAN ANTONIO BATTISTEL,gianantonio.battistel@fmach.it,216,0,9
Cristina Lavecchia,c.lavecchia@fondazioneomd.it,217,0,9
Susanna Di Lernia,s.dilernia@fondazioneomd.it,217,0,4
Giuseppe Frustaci,g.frustaci@fondazioneomd.it,217,0,4
Tarub Bahri,tarub.bahri@fao.org,218,0,5
Andrea  Simonati,andrea.simonati@gmail.com,219,0,9
Laura Diez,laura.diez@patrimonionatural.org,220,0,6
Laura Diez,laura1082@gmail.com,220,0,6
Camilla Geier,camilla.geier@zv.fraunhofer.de,221,0,9
Kilian Nickel,kilian.nickel@iais.fraunhofer.de,222,0,9
Kylie Wood,kylie.wood@iais.fraunhofer.de,222,0,9
Frede Cappelen,fredec@broadpark.no,223,0,5
Daniele Dalla Torre,Daniele.dallatorre@unibz.it,224,0,9
Agnese Chittaro,agne.kit@hotmail.it,225,0,9
Agnese Metitieri,agnese.metitieri@gmail.com,225,0,3
Daniele Boscaro,danieleboscaro@yahoo.it,225,0,1
Vjola  Avdiu ,vjola.avdiu@gmail.com,225,0,9
Mira Odic,miraodic@gmail.com,226,0,5
Isadora Jiménez García,isadora.jimenez@gmail.com,227,0,1
Natalia RODRIGUEZ,natalia.rodrigueez-ramirez@ofb.gouv.fr,228,0,6
Anna  Colucci,Anna.colucci@fmc-ag.com,229,0,1
Thomas Dworak,thomas.dworak@fresh-thoughts.eu,230,0,1
Nivedita Kurade,niveditakurade@gmail.com,231,0,4
Clara Lattanzio,clara.proyectos@musol.org,232,0,4
Anca Marin,anca.marin@fundingbox.com,233,0,5
Alice Casiraghi,alice@futureurbanliving.com,234,0,1
Melissa Campagno,mcampagno@group-gac.com,235,0,6
Henri Lo,henrimathieulo02@gmail.com,236,0,4
Tiziana  Tamborrini ,Tiziana.tamborrini@gmail.com,237,0,4
Gerard Forde,gerardaforde@galwaycity.ie,238,0,6
Gerard Forde,gerarda.forde@galwaycity.ie,238,0,6
Paolo Mazzoli,paolo.mazzoli@gecosistema.com,239,0,1
stefano bagli,stefano.bagli@gecosistema.com,239,0,3
sonia artuso,sonia.artuso@generali.com,240,0,1
Stefan Kienberger,stefan.kienberger@geopshere.at,241,0,6
Stefan Kienberger,stefan.kienberger@geosphere.at,241,0,6
Mingyi Dr. Wang,m.wang@gdv.de,243,0,4
MONA GHALAYINI,monaghl2022@hotmail.com,244,0,1
Dobrivoje Lale Eric,dleric@cpn.rs,245,0,6
Elisabetta Scuri,e.scuri@gruppoitaliaenergia.it,246,0,3
Pablo Borges,pablo.borges@giz.de,247,0,8
Anna  Smetanova ,anna.smetanova@gwpcee.org,248,0,4
vuyyapu venkata satya narayana,vuyyapusatya@gmail.com,249,0,9
Vinod Jena,jenavinod@gmail.com,250,0,9
Lynette Smith,lynsmith@gramma.com.au,251,0,5
Tijana Mićanović,info@greenartincubator.org,252,0,4
Tijana Mićanović,tijanamicanovic11@gmail.com,252,0,4
Kristina Sodomkova,kristina.sodomkova@greenblue.com,253,0,1
Chipo  Muntanga ,chipomuntanga2@gmail.com,254,0,4
Ignacio Navarro,inavarro@greenpeace.org,255,0,4
Denyse Dookie,D.dookie@lse.ac.uk,256,0,9
Nigel Caruana,ncaruana25@gmail.com,256,0,9
Marcello Sano,m.sano@griffith.edu.au,257,0,9
Joseph Essandoh-Yeddu,jeyeddu@hotmail.com,258,0,9
Joseph Essandoh-Yeddu,jeyeddu@hotmail.com,258,0,9
G P,guillaume.pousse@guycarp.com,259,0,1
Javier Marzo,marzo_hjav@gva.es,260,0,6
Görkem Güngör,ggungor@hacettepe.edu.tr,261,0,9
Tsegaye Bekele,bekele57@yahoo.com,262,0,9
Dejene Worku,dworkud@gmail.com,262,0,9
Vlatka Matkovic,vlatka@env-health.org,263,0,4
Nicholas Karatarakis,karatarakis@gmail.com,264,0,5
Narine Piliposyan,piliposyan.narine@mail.ru,265,0,9
Qristine Margaryan,qristine.margaryan.96@mail.ru,265,0,9
Anna Mamara,annamamara@yahoo.gr,266,0,5
Georgios Xexakis,gxexakis@holisticsa.gr,267,0,9
Dharm Kapletia,dharm.kapletia@horizonnua.eu,268,0,9
Seyed Salam,salam.hosaini@yahoo.com,269,0,5
Diego Fdez-Sevilla,d.fdezsevilla@gmail.com,270,0,9
Haykuhi Azizyan,haykuhiazizyan1@gmail.com,271,0,9
Khatuna Kokosadze,kokosadze.k@gmail.com,272,0,9
Anush Lokyan,anush.loqyan@gmail.com,273,0,6
Andrea Chini,andrea.chini@hypermeteo.com,274,0,1
ANTONELLA PICCHIO,antonella.picchio@unimore.it,275,0,9
Marisa Alvarado Diaz,ladi@iberdrola.es,276,0,1
Elena Lopez Gunn,Elopezgunn@icatalist.eu,277,0,1
Paloma Santos,psantos@icatalist.eu,277,0,5
Tommaso Bassetti,tommasobst@gmail.com,277,0,1
Gloria Salmoral gsalmoral@icatalist.eu,gsalmoral@icatalist.eu,277,0,7
Manuel Bea,mbea@icatalist.eu,278,0,1
Michael  Waters,michael.waters@icem.com.au,279,0,9
Laura Pirazan-Palomar,laura.pirazan-palomar@iclei.org,280,0,4
Vitor Teixeira,vmteixeira@gmail.com,281,0,1
Innocent OMBENI,icpedhasbl@gmail.com,282,0,4
Andrea Pistillo,apistillo@idiapjgol.org,283,0,9
Agastin  Baulraj,agastinb@gmail.com,284,0,4
Indriany Lionggo,Indri@ieecp.org,285,0,9
Siaka DEMBELE,siaka.bioscience@gmail.com,286,0,9
Sumiran Rastogi,s.rastogi@un-ihe.org,287,0,9
Tim Foreman,foreman@iiasa.ac.at,288,0,9
Junghee Hyun,hyun@iiasa.ac.at,288,0,9
Oscar Higuera,oscar-higuera@outlook.com,288,0,9
Michaela Bachmann,bachmann@iiasa.ac.at,288,0,9
Durlave Roy,kdr2021@gmail.com,289,0,9
Manfredi Vale,m.vale@eambientegroup.com,290,0,1
Reenzo Bassani,bassani.architetti@gmail.com,291,0,9
Laura Bottino,laura.bottino@gmail.com,292,0,9
Abhishek  Anand ,abhipat.13@gmail.com,293,0,9
Ilaria Dal Pio Luogo,ilaria.dalpioluogo@informest.it,294,0,5
Lia Gover,lia.gover@informest.it,294,0,6
Herbert Kasiita,kasiitacollin@gmail.com,295,0,1
Daniele Melini,daniele.melini@ingv.it,296,0,9
Durlave Roy,kdr2021@gmail.com,297,0,5
João Mendes,instituteforanthropocenestudies@protonmail.com,298,0,4
Vivian DEPOUES,vivian.depoues@i4ce.org,299,0,4
Ramona Magno,ramona.magno@cnr.it,300,0,9
Mirjana,mirjana.ivanov@meteo.co.me,301,0,5
Priyabrata Mukherjee,priyorose@gmail.com,302,0,4
Sylvie Joussaume,sylvie.joussaume@lsce.ipsl.fr,303,0,8
Orlando Mendes,orlandomendes75@gmail.com,304,0,9
Candida Parlato,Candi.parlato@gmail.com,305,0,6
Rocco Logozzo,rocco.logozzo@intecs.it,306,0,1
Mohit Kumar,mohit6kumar@gmail.com,307,0,4
Bozhil Kondev,bozhil.kondev@gmail.com,308,0,7
Alberto Fresolone,fresolone@iiasa.ac.at,309,0,9
Maria Amata Garito,segreteria.rettore@uninettunouniversity.net,310,0,9
Elisa Calò,elisa.calo@ipres.it,311,0,6
Kourosh  Mohammadpour ,Dr.kourosh_mohammadpour@yahoo.com,312,0,9
Mohammadreza Salari Fanoodi,mrcsalari@gmail.com,312,0,5
Ahad,vazife@gmail.com,312,0,5
Masoume Norouzi,masoumn@gmail.com,312,0,5
Carmen Gonzalez Romero,carmenglezr@gmail.com,313,0,9
Dimitris Bliziotis,dimitris.bliziotis@iccs.gr,314,0,9
Bozhil Kondev,bk@sustainablefinance.bg,315,0,1
Daniela Maria Geraci,geracidaniela@yahoo.it,316,0,6
antonio denaro,a.denaro@ismea.it,317,0,6
antonio denaro,antoniodenaro68@gmail.com,317,0,5
Laura Rosatelli,l.rosatelli@ismea.it,317,0,6
Aurora Troccoli,aurora.troccoli@libero.it,318,0,9
Elena Giusta,elena.giusta@isprambiente.it,318,0,9
Elisabetta De Maio,elisabetta.demaio@isprambiente.it,318,0,6
Francesca Giordano,francesca.giordano@isprambiente.it,318,0,6
Paola Fantilli,Paola.fantilli@isprambiente.it,318,0,9
Federica Tommasi,federica.tommasi@iss.it,319,0,9
Isabel  Loupa Ramos ,Isabe.ramos@tecnico.ulisboa.pt,320,0,9
Marina Locritani,marina.locritani@ingv.it,321,0,9
CLAUDIO TINTI,claudio.tinti1@posta.istruzione.it,322,0,6
Massimiliano Granceri,mgranceri@iuav.it,323,0,9
Stefania Tonin,tonin@iuav.it,324,0,9
Mohammad Mehdi Bateni,mehdi.bateni@iusspavia.it,325,0,9
Laura Massano,laura.massano@iusspavia.it,325,0,9
Viola,viola.ditullio@iusspavia.it,325,0,5
marcello arosio,marcello.arosio@iusspavia.it,325,0,9
Mike Abate ,mabate@fieldoperations.net,326,0,5
Toshio Yamagata,yamagata@jamstec.go.jp,327,0,9
stevemaslen JBA Consulting,steve.maslen@jbaconsulting.com,328,0,1
Emma Raven,emma.raven@jbarisk.com,329,0,1
Judith Ellison,judith.ellison@jbarisk.com,329,0,1
Lauren Hart,lauren.hart@jbarisk.com,329,0,1
Paul Maisey,paul.maisey@jbarisk.com,329,0,1
Paul Young,paul.young@jbarisk.com,329,0,1
giacomo grassi,giacomo.grassi@ec.europa.eu,330,0,6
Petra Manderscheid,petra.manderscheid@jpi-climate.belspo.be,331,0,5
ilaria gliottone,ilaria.gliottone@ext.ec.europa.eu,332,0,5
Luca Caporaso,luca.caporaso@ec.europa.eu,332,0,9
Luca Caporaso,lucap1979@gmail.com,332,0,9
Mehry Akbary,mehryakbary@gmail.com,333,0,5
cecilia colombo,cecilia.colombo@kilowatt.bo.it,334,0,5
Carine Homan,carine.homan@knmi.nl,468,0,9
Alessandro Spinuso,alessandro.spinuso@knmi.nl,468,0,6
Alessandro Spinuso,spinuso@knmi.nl,468,0,6
Kai-Ti Wu,hello@kaitiwu.de,335,0,1
Karolina Baron,karolina.baron@metropoliakrakowska.pl,336,0,5
Haunani Kalama,hhkalama@gmail.com,337,0,4
Alla Kudiņa,alla.kudina@kurzemesregions.lv,338,0,6
Carla Schulte-Fischedick,lakunabi@posteo.de,339,0,4
Clement Dehondt,clement.dehondt@lsce.ipsl.fr,340,0,9
Lennard Ann,info@lassannschreiben.de,341,0,1
Florence Eicher,florence_eicher@hotmail.com,342,0,1
Pascale Elbared,pascalelbared@gmail.com,343,0,9
Ina Rust,i.rust@ish.uni-hannover.de,344,0,9
Gianni Nardone,gianni.nardone@lgi.earth,345,0,7
Adéola Jaiyeola,adeola.jaiyeola@lgi.earth,345,0,1
Anwar Benkerta,benkerta.anwar@lgi.earth,345,0,5
Imad Audi,imad.audi@lgi.earth,345,0,5
Anwar Benkerta,anwar.benkerta@lgi.earth,345,0,7
Lisa Benes,lisa.benes@lgi.earth,345,0,7
Vincent Chauvet,vincent.chauvet@lgi.earth,345,0,7
Alberto Cecere,cecere1957@gmail.com,346,0,1
Georgios Siokas,george.siokas@libramli.ai,347,0,1
Simone Candido,simocan006@gmail.com,348,0,9
Federico Oldani,federico.oldani@gmail.com,349,0,9
Rui Mendes,ruimendes@lisboaenova.org,350,0,4
Serhii Nazarenko,serhii.nazarenko@lei.lt,351,0,9
Per Skougaard Kaspersen,per@lnhwater.dk,352,0,1
Jorge Calvin,Jorge.calvin@lobelia.earth,353,0,1
Isadora Jiménez,isadora.jimenez@lobelia.earth,353,0,1
Thaís Fontenelle,thais.fontenelle@lobelia.earth,353,0,1
Isadora Jiménez Lobelia Earth,isadora@lobelia.earth,353,0,5
David Stainforth,d.a.stainforth@lse.ac.uk,354,0,9
Malek Al Jebaie,malek.aljebaie@mespom.eu,355,0,9
Martina Angela Caretta,martina_angela.caretta@keg.lu.se,355,0,9
Chuansi Gao,chuansi.gao@design.lth.se,355,0,9
Matteo  Trevisan,communication@macromicro.it,356,0,4
alemayehu abate,aabate50@gmail.com,357,0,9
Kei Patrick,kpatrick@careandrepair-manchester.org.uk,358,0,8
Jennifer Tibay,jtibay@observatory.ph,359,0,5
Gaia Galassi,gaia.galassi@regione.marche.it,360,0,6
Lidia Diana Nechita,lidiadiana.nechita@gmail.com,362,0,1
Holger Pohlmann,holger.pohlmann@mpimet.mpg.de,363,0,9
Yuting Wu,yuting.wu@mpimet.mpg.de,363,0,9
Ewa Szulc,e.szulc@mae.com.pl,364,0,5
vera moutinho,verapmoutinho@gmail.com,365,0,3
maria grigroatou,mgrigoratou@mercator-ocean.fr,366,0,4
Catriona Duffy,catriona.duffy@met.ie,367,0,5
Claire Scannell,claire.scannell@met.ie,367,0,6
Jordan Delmar,jordan.delmar@met.ie,367,0,6
Seánie Griffin,seanie.griffin@met.ie,367,0,5
Keith Lambkin,keith.lambkin@met.ie,367,0,6
Sandra Spillane,sandra.spillane@met.ie,367,0,9
Anna Hulda Ólafsdóttir,annaol@vedur.is,368,0,8
Alexander Askew,alexander.askew@metoffice.gov.uk,368,0,6
Emma Dyer,emma.dyer@metoffice.gov.uk,368,0,6
Erika Palin,erika.palin@metoffice.gov.uk,368,0,6
Freya Garry,freyagarry@googlemail.com,368,0,9
Laura Burgin,laura.burgin@metoffice.gov.uk,368,0,9
Michael Szczepanski,michael.szczepanski@metoffice.gov.uk,368,0,6
Neha Mittal,neha.mittal@metoffice.gov.uk,368,0,5
Sarah Bull,sarah.bull@metoffice.gov.uk,368,0,6
Amy Waterson,amy.waterson@metoffice.gov.uk,368,0,6
Daisy Harley-Nyang,daisy.harleynyang@metoffice.gov.uk,368,0,5
Nicola Golding,Nicola.golding@metoffice.gov.uk,368,0,9
Pete Falloon,pete.falloon@metoffice.gov.uk,368,0,9
Rose Willoughby,rose.willoughby@metoffice.gov.uk,368,0,6
Tyrone Dunbar,tyrone.dunbar@metoffice.gov.uk,368,0,9
Citlali Solis,citlali.solissalas@metoffice.gov.uk,368,0,8
Francesca Eggleton,francesca.eggleton@metoffice.gov.uk,368,0,8
Victoria Ramsey,victoria.ramsey@metoffice.gov.uk,368,0,8
James Pope,james.pope@metoffice.gov.uk,368,0,8
Albert Klein Tank,albert.klein.tank@metoffice.gov.uk,368,0,8
Rosie Oakes,rosie.oakes@metoffice.gov.uk,368,0,8
Jennifer Weeks,jennifer.weeks@metoffice.gov.uk,368,0,8
Freya Garry,freya.garry@metoffice.gov.uk,368,0,6
Rebecca Osborne,rebecca.osborne@metoffice.gov.uk,368,0,9
Stacey New,stacey.new@metoffice.gov.uk,368,0,6
Joseph Daron,joseph.daron@metoffice.gov.uk,368,0,8
Nicola Golding,nicgolding@hotmail.co.uk,368,0,9
Paula Newton,paula.newton@metoffice.gov.uk,368,0,6
Theodora Matthiasdottir,theodorama@vedur.is,368,0,8
Oriol Palom,opalom@meteosim.com,370,0,6
Dr Brij Bhushan,brij56@gmail.com,371,0,9
Cyril T. F. Murewi,murewic@gmail.com,372,0,9
Emre ozdemir,emre.ozdmr66@gmail.com,373,0,9
Željko Šimek,zeljko.simek@mingor.hr,374,0,5
NYAKALLO REJOICE MOLISE,nyakallorejoicem@yahoo.com,375,0,9
Ruwan Gamage,rntgamage7@gmail.com,376,0,6
Boubacar Hassane Oumarou,hassaneboubacar2000@yahoo.fr,376,0,6
Azhan Hasan,azhanhsn1602@gmail.com,377,0,6
marianna ronchini,ronchini.marianna@mase.gov.it,378,0,6
Admir Softic,admir.softic@mvteo.gov.ba,379,0,6
Haris Paliogiannis,paliogiannis@mio-ecsde.org,381,0,4
Michemberg Conti Ximena,ximena.michembergconti@ricardo.com,382,0,5
Eleftheria Exarchou,eleftheria.exarchou@gmail.com,383,0,1
Luis Sousa,luis.sousa@mitigasolutions.com,383,0,1
Annija Danenberga,annija.danenbegra@varam.gov.lv,384,0,6
Cherise Harris,cherise.harris@msunduzi.gov.za,385,0,6
Gabriel von Müller,gabriel.vonmueller@mbbm-cert.com,386,0,1
Andreia  Mafra,andreiamafra@famalicao.pt,387,0,6
Andreia  Mafra ,andreiarmafra@gmail.com,388,0,6
Alessandro Capati,alessandro.capati@gmail.com,389,0,5
FESTO MWANDENENE,mwandenee@gmail.com,390,0,4
jiping xie,jiping.xie@nersc.no,391,0,9
paul de silentio,info-center@hq.nasa.gov,392,0,9
Zornitsa Spasova,z.spassova@ncpha.government.bg,393,0,9
Georgia Panagopoulou,g.panagopoulou@necca.gov.gr,394,0,9
Refka Zouaoui,Refkazouaoui19@gmail.com,395,0,9
Meriem Mergheni,may.mergheni@yahoo.fr,395,0,9
MOHAMMAD ANASH,2021pgcewr07@nitjsr.ac.in,396,0,9
Hanene Mairech,mairech.hanene@gmail.com,397,0,6
Rabeb Selmi,rabeb.selmi@meteo.tn,398,0,6
Vlad Falcescu,falcescu.vladstefan@gmail.com,399,0,9
Micu Dana,micudanamagdalena@gmail.com,399,0,9
Girima Tona,girima01@yahoo.co.uk,400,0,5
CHRISTOS GIANNAKOPOULOS,cgiannak@noa.gr,401,0,9
Gianna Kitsara,gkitsara@noa.gr,401,0,9
Lilia  Taranu,tsaranu.lilia@gmail.com,402,0,6
Chiara Lapucci,chiara.lapucci@cnr.it,403,0,9
Alessandra Conversi,a.conversi@ismar.cnr.it,404,0,9
Marina Baldi,marina.baldi@cnr.it,404,0,9
Roberto Nebuloni,roberto.nebuloni@ieiit.cnr.it,404,0,9
TIZIANA DE FILIPPIS,tiziana.defilippis@ibe.cnr.it,404,0,9
Massimiliano Pasqui,massimiliano.pasqui@ibe.cnr.it,404,0,9
Elena Rapisardi,e.rapisardi@gmail.com,404,0,9
Agatino Nicita,tinonici22@gmail.com,404,0,9
Carmelina Cosmi,carmelina.cosmi@imaa.cnr.it,404,0,9
Emanuele Böhm,emanuele.bohm@cnr.it,404,0,9
Julie Jebeile,julie.jebeile@umr-cnrm.fr,404,0,9
Fabio Madonna,fabio.madonna@imaa.cnr.it,404,0,9
Wan-Ling Tseng,ioloi1128@gmail.com,405,0,9
Tadej Stepisnik Perdih,tadej.stepisnik@gmail.com,406,0,9
Javier Urbina-Soria,jaurso@gmail.com,407,0,9
Shirley Thompson,s.thompson@umanitoba.ca,408,0,9
Hazel Jeffery,hazel.jeffery@metoffice.gov.uk,409,0,9
Thanasis Sfetsos,ts@ipta.demokritos.gr,410,0,9
Iryna Usava,iryna.usava@gmail.com,411,0,4
Natallia Andreyenka,anatallia@gmail.com,412,0,4
Priyabrata  Mukherjee ,priyorose@gmail.com,413,0,4
PETRESCU LAURA ELENA,laura-elena.petrescu@s.unibuc.ro,414,0,9
Roger Pulwarty,roger.pulwarty@noaa.gov,415,0,9
Christina Lief,christina.lief@gmail.com,415,0,8
thaina mota,thainac.damota@gmail.com,416,0,9
Stephanie Mayer,stma@norceresearch.no,417,0,9
Stefan Sobolowski,stso@norceresearch.no,417,0,9
Etienne Dunn-Sigouin,etdu@norceresearch.no,417,0,9
paola manduca,paolamanduca@gmail.com,418,0,9
Graça  Saraiva ,gsaraiva@sapo.pt,419,0,4
Giuseppe Manzella,giuseppe.manzella@oceanhis.com,420,0,1
Renate Polster,renate.polster@oenb.at,421,0,5
Natalia RODRIGUEZ,natalia.rodriguez-ramirez@ofb.gouv.fr,422,0,6
Laia Palau,laia@yesoffcourse.com,423,0,5
Pilar Pascual,pilar@yesoffcourse.com,423,0,3
Paul Slocombe,Paul.Slocombe@ons.gov.uk,424,0,8
Riccardo Ottaviani,ottaviani.riccardo94@gmail.com,425,0,5
Enrico  Màiero,956595@stud.unive.it,426,0,9
Marco Fianchini,mfianchini@ogs.it,426,0,9
Julieta Logarzo,slogarzo@ogs.it,426,0,9
Maria Ubierna Aparicio,mubierna@openhydro.net,427,0,1
Rémi Gandoin,remi.gandoin@gmail.com,428,0,7
Mihajilo Tosic,fizikabjankovic@gmail.com,429,0,9
Juliana Osakue,Osijoetouchinglives@gmail.com,430,0,4
Itziar Diaz,itziardiazmartinez@gmail.com,432,0,9
Hassnain Shah,hassnainshah1@gmail.com,433,0,9
Elizabeth Parisi,eparisi@palermoscienza.it,434,0,4
Stefano Casati,stefanocasatisc@gmail.com,435,0,1
Roger Street,roger.street_oxf@outlook.com,436,0,9
Chaluma Kicha,chaluma.kicha@yahoo.com,437,0,4
Florian Humpenöder,humpenoeder@pik-potsdam.de,438,0,9
Mariana Pereira Guimaraes,mariana.pereira@polimi.it,439,0,9
marcello magoni,magoni@polimi.it,439,0,9
Margherita Gori,margherita.gori@polimi.it,439,0,5
Wenjin Hao,wenjin.hao@polimi.it,439,0,9
Sandra Ricart,sandra.ricart@polimi.it,439,0,9
Veronica Piuri,veronica.piuri2@gmail.com,439,0,9
Elena Matta,elenamatta9@gmail.com,439,0,9
Antonio Barchi,Antonio.barchi@polito.it,440,0,9
Francesco Busca,francesco.busca@polito.it,440,0,9
Nicole Mastromatteo,mastromatteo.nicole@gmail.com,440,0,9
Jacopo Grassi,jacopo.grassi@polito.it,440,0,9
Elisa Vanin,elisa.vanin@polito.it,440,0,9
Alexandre Grebenkov,sasha.grebenkov9491@gmail.com,441,0,9
Javier Triana Predictia,trianaj@predictia.es,442,0,1
Eva Prieto,prietoe@predictia.es,442,0,5
Antonio Pérez Velasco,aperez@predictia.es,442,0,1
Jan Dutton,jan.dutton@prescientweather.com,443,0,7
Emilio Grieco,emilio.grieco@gmail.com,444,0,5
Johan van der Bank,introoted@gmail.com,444,0,9
Graziella Pillari,pillarigraziella@gmail.com,444,0,1
Dayeong Kim,kdy133796@gmail.com,445,0,5
Lavinia Laiti,lavinia.laiti@provincia.tn.it,446,0,6
Giacomo Bonciani,gboncini@hotmail.com,447,0,6
Giacomo  Bonciani ,gbonciani@hotmail.com,447,0,6
Nikolaos Katsiotis,nikolaos.katsiotis@pwc.com,448,0,1
zohaib udin ,zohaibjamali517@gmail.com,449,0,9
Matteo De Felice,matteo.de.felice@rabobank.com,450,0,1
Adeline Cauchy,acauchy@ramboll.com,451,0,1
Giada Restuccia,grestuccia@ramboll.com,451,0,1
Julien Fouilland,jfouilland@ramboll.com,451,0,1
Jelena Popovic,Jpopovic@ramboll.com,451,0,5
Luca Colaianni,lcolaianni@ramboll.com,451,0,1
Paula Beltran,Pbeltran@ramboll.com,451,0,1
Laetitia Giraud,lagi@ramboll.com,451,0,9
Luca Colombo,lcolombo@ramboll.com,451,0,1
Sandro Orlando,sandro.orlando@rcs.it,452,0,3
Mohamed Eltayeb,mohamedeltayeb@hotmail.com,453,0,1
Simona Tršinar,strsinar@regea.org,454,0,6
Tena Maruševac,tmarusevac@regea.org,454,0,4
Francesco  Tutino ,francesco.tutino@regione.bologna.it,455,0,6
fabiana raffaella rampetta,fabiana.rampetta@cmcc.it,456,0,5
Léa Hayez,lea@renewables-grid.eu,457,0,4
Ana Savovic,ana.pjevic@hidmet.gov.rs,458,0,6
Slavica Radovanovic,slavica.radovanovic@hidmet.gov.rs,458,0,5
Tatjana Savić- Šljivić,tatjana.savic@hidmet.gov.rs,458,0,6
Dragan Mihic,dragan.mihic@hidmet.gov.rs,458,0,6
Biljana Milic-Petrovic,biljana.milic-petrovic@hidmet.gov.rs,458,0,6
Alvise Lisca,alvise@rescope.earth,460,0,1
Bora Ristic,bora@rescope.earth,460,0,7
Majid,habibi3558@gmail.com,461,0,5
Federico Aili,faili@resilientcitiesnetwork.org,462,0,4
Isabel Parra,isaparra888@gmail.com,462,0,4
Uroš Davidović,uros.davidovic@hidmet.gov.rs,459,0,6
Aleksandra Krzic,aleksandra.krzic@hidmet.gov.rs,459,0,6
Mansoureh Kouhi,man_koohi@yahoo.com,463,0,5
Prof Murari Lal,lal321@hotmail.com,464,0,6
Arto Keklikian,arto.keklikian@gmail.com,465,0,4
Francesca Larosa,larosa@kth.se,466,0,9
Rozemien De Troch,rozemien.detroch@meteo.be,467,0,9
Paola Faggian,paola.faggian@rse-web.it,469,0,9
Ruba  Ajjour,ruba.ajjour@rss.jo,470,0,9
Juan Gomez,gomezp.juanp@protonmail.com,471,0,3
Anna Blanch,anna.blanchgirones@gmail.com,472,0,5
ANA LUCIA SZAJUBOK,aszajubok@sabesp.com.br,473,0,6
VIRGINIA  TAVARES RIBEIRO,virginiaribeiro@sabesp.com.br,473,0,6
giovanny Mateus,giovanny.mateus@salukat.com,474,0,9
AMIN TAHERI,Taheri.1957048@studenti.uniroma1.it,475,0,9
Maretva Baricot,maretva.baricot@sa.catcapult.org.uk,476,0,9
Liliana Vižintin,liliana.vizintin@zrs-kp.si,477,0,9
Charlotte Pascoe,charlotte.pascoe@stfc.ac.uk,478,0,9
Molly MacRae,molly.macrae@stfc.ac.uk,478,0,5
Ellie Fisher,ellie.fisher@stfc.ac.uk,478,0,6
Katie Cartmell,katie.cartmell@stfc.ac.uk,478,0,2
Alison Pamment,alison.pamment@stfc.ac.uk,478,0,6
Ghufran Dheyab,ghufran.almahdawi@yahoo.com,479,0,4
Pietro Altermatt,altermatt@posteo.de,480,0,9
Jade Blackwater,jade.blackwater@seabecksystems.com,481,0,1
Paul Dale,pauldale@sp.gov.br,482,0,6
DR. NEEL KAMAL MISHRA,mail.nkmishra@gmail.com,483,0,9
Damir Slamić,damir.slamic@skz.hr,484,0,6
Christian Turotti,christian.turotti89@gmail.com,485,0,1
Juan Angel Acero Alejandro,juanangel.acero74@gmail.com,486,0,5
Cristina-Maria Iordan,cristina-maria.iordan@sintef.no,487,0,9
Francesco Scarel,francesco.scarel@posteo.net,488,0,5
Dace Gaile,dace.gaile@lvgmc.lv,489,0,5
Edgars Maļinovskis,edgars.malinovskis@lvgmc.lv,489,0,6
Róbert Blaško,robertblasko@sazp.sk,490,0,6
Kristína Szabóová,kristina.szaboova@shmu.sk,491,0,5
Oliver Bochnicek,oliver.bochnicek@shmu.sk,491,0,5
Katja Klančar,katja.klancar@gov.si,492,0,6
Ziva Vlahovic,ziwa.jzst@gmail.com,492,0,6
Luka Honzak,luka.honzak@gov.si,492,0,6
Živa Vlahović,ziva.vlahovic@gov.si,492,0,6
Anže Medved,anze.medved@gov.si,492,0,6
Klaus Zimmermann,klaus.zimmermann@smhi.se,509,0,9
Renate Wilcke,renate.wilcke@smhi.se,509,0,9
Helena Martins,helena.martins@smhi.se,509,0,9
Gustav Strandberg,gustav.strandberg@smhi.se,509,0,9
Barbara Tołłoczko-Suchańska,b.tolloczko-suchanska@lis.gdynia.pl,493,0,5
Giota Digkoglou,giotadigkoglou@outlook.com,494,0,1
ANTONIO GRAÇA,antonio.graca@sogrape.pt,495,0,7
Juan Jose Amate,info@sostenibilidadamedida.com,496,0,7
Fabio Rodrigues,f.rodrigues@southpole.com,497,0,1
Alyson Douglas,a.douglas@southpole.com,497,0,1
ghizlane makhchane,ghizlane.makhchane@sowit.fr,498,0,1
Joerg Helmschrot,jhelmschrot@gmx.net,499,0,9
Shantha Dalugamage,dalugamage@gmail.com,500,0,4
Rosie Witton,rosie.witton@sei.org,501,0,9
Sukaina Bharwani,sukaina.bharwani@sei.org,501,0,9
Ascanio Vitale,ascanio.vitale@stopco2.org,502,0,1
Oratile Otsetswe,oratileak@gmail.com,503,0,3
Adrian Toth,tot.ecology@gmail.com,504,0,4
Natalia Brack,natalia.brack@iid-sii.org,505,0,5
Francisco Fernandes da Costa,francisco.costa@sustainary.pt,506,0,4
Severine Hermand,severine.hermand@swecobelgium.be,507,0,1
Isabelle Putseys,isabelle.putseys@swecobelgium.be,507,0,1
Nikki Brown,nicola.brown@smhi.se,508,0,6
Davide Perollo,davide.perollo@gmail.com,510,0,4
Fernandio Alves,fernando.alves@symington.com,511,0,1
Marc POUMADERE,poumadere@wanadoo.fr,512,0,9
Ashwini Otta,ashwini.otta@gmail.com,513,0,1
simona de rosa,s.derosa@t-6.it,514,0,9
Carmit Lubanov,carmit.lubanov@gmail.com,515,0,4
Luka Stokić ,100le.no6@gmail.com,516,0,3
Roger Street,roger.street_oxf@outlook.com,517,0,9
Makoto Takahashi,mak.makoto.takahashi@gmail.com,518,0,9
Michael Nitschmann,michael.nitschmann@tum.de,518,0,9
Julian Bräuer,julian.braeuer@tum.de,518,0,9
Fiona Kinniburgh,fiona.kinniburgh@hfp.tum.de,518,0,9
Fiona Kinniburgh,fiona.kinniburgh@tum.de,518,0,9
Aris Koutroulis,aris@hydromech.gr,519,0,9
Aristeidis Koutroulis,akoutroulis@tuc.gr,519,0,9
Elena Turienzo,elena.turienzo@tecnalia.com,521,0,9
Gemma Garcia Blanco,gemma.garcia@tecnalia.com,521,0,9
Nieves Peña,nieves.pena@tecnalia.com,521,0,9
Daniel Navarro,daniel.navarro@tecnalia.com,521,0,9
Efrén Feliu,efren.feliu@tecnalia.com,521,0,9
Saioa Zorita Castresana,saioa.zorita@tecnalia.com,521,0,9
Jorge Paz Jiménez,jorge.paz@tecnalia.com,521,0,9
A.R.Javaheri,arjavaheri@gmail.com,522,0,5
SANTOSH KUMAR MURIKI,SANTHOSHSUN55@GMAIL.COM,523,0,4
Maria Grazia Quieti,m.quieti@aur.edu,524,0,9
giuliana panieri,giuliana.panieri@uit.no,525,0,9
Grace Murray,gracemurray@tbij.com,526,0,3
Harilaos Loukos,harilaos@theclimatedatafactory.com,527,0,7
Theo Economou,t.economou@cyi.ac.cy,528,0,9
Milan Mathew,milanmathew.mec@gmail.com,529,0,9
Raúl Antonio Oliva Muñoz,oliva.r@pucp.pe,530,0,7
Vanya Walker-Leigh,vanya_walkerleigh@yahoo.com,531,0,5
Angela Heard,angela.heard@metoffice.gov.uk,532,0,6
Richard  Charter,Waterway@monitor.net,534,0,4
Ingunn Borlaug Lid,il@rcn.no,535,0,6
Mareike Söder,mareike.soeder@thuenen.de,536,0,9
Anette Ganske,anette.ganske@tib.eu,537,0,5
H Mahinda Goonasekara,hmahindagoonasekara@gmail.com,538,0,1
Dharm Kapletia,dharm.kapletia@tcd.ie,539,0,9
Thiru  Selvan ,selvanthirudr@gmail.com,540,0,9
Gizem Cakmak,gizem.cakmak@tubitak.gov.tr,541,0,9
Hüdaverdi Gürkan,hgurkan@mgm.gov.tr,543,0,4
Adriaan Perrels,adriaan.perrels@tyrskyconsulting.fi,544,0,1
Daniel Skarja,daniel@ubivivo.com,545,0,1
Maria Pina Usai,mariapinausai@gmail.com,546,0,9
John Smith,betterclimate@outlook.com,547,0,9
Marina Baldissera Pacchetti,marina.pacchetti@ucl.ac.uk,547,0,9
Pradeep Mahapatra,udyama.pradeep@gmail.com,548,0,4
Justine Mwanje,jmwanje69@gmail.com,549,0,4
Wilson Chan ,wilcha@ceh.ac.uk,550,0,5
Bernd Eggen,bernd.eggen@ukhsa.gov.uk,551,0,9
Elisabeth Thompson,elisabeth.thompson@metoffice.gov.uk,552,0,5
Angie Gregory,ajgregory@umass.edu,553,0,9
Debora Ley,debbieannley@yahoo.com,554,0,6
Inès Vincent,i.vincent@unesco.org,555,0,4
Michela Miletto,m.miletto@unesco.org,555,0,5
Patrizia Leone,Patrizia.leone@unibo.it,556,0,9
Erich Roberto  Trevisiol,erich.roberto@gmail.com,557,0,9
Daniel Delatin,d.delatinrodrigues@campus.unimib.it,558,0,9
Laurent Alfonso,laurent.alfonso.expert@ufmsecretariat.org,559,0,5
Marlene Tomaszkiewicz,tomaszkiewiczm@un.org,560,0,6
Lidia Chiarati,lidia.chiarati@unito.it,561,0,9
Karolina Czechowska,KAROLINAMARIA.CZECHOWSKA@phd.units.it,562,0,9
Beena Balan Sarojini,beena.balansarojini@physics.ox.ac.uk,563,0,9
fernando de la cruz,ferdelac@ucm.es,564,0,9
Teresa Amezcua ,mamezcua@ujaen.es,565,0,9
Marta Graciela Vinocur,m_vinocur_grace_5800@yahoo.com,566,0,9
Pierre Florentin,pieral@hotmail.com,567,0,9
Roberta Cocci Grifoni,roberta.coccigrifoni@unicam.it,568,0,9
Denise Cerrone,denisecerrone76@gmail.com,569,0,9
Aurora Piras,a.piras53@studenti.uniss.it,570,0,9
Carlo Andrea Pensavalle,pensa@uniss.it,570,0,9
Tonito Solinas,tsolinas@uniss.it,570,0,9
Flavio Pichler,flavio.pichler@univr.it,571,0,9
Marco Monticelli,marco.monticelli@unicam.it,572,0,9
Fabio Castelli,fabio.castelli@unifi.it,573,0,9
Chiara Ceseracciu,Cceseracciu@uniss.it,574,0,9
Valentina  Acquafredda ,v.acquafredda@campus.uniurb.it,575,0,9
Lorenzo Pierini,lorenzo.pierini@uniroma1.it,576,0,9
Noemi Marchetti,n.marchetti@pm.univpm.it,577,0,9
Giuseppe Lelow,S1112530@pm.univpm.it,577,0,9
Paolo Garbati,s1112532@pm.univpm.it,577,0,9
Silvia Montagnani,montagnanisilvia@gmail.com,578,0,9
Benjamin Molina,benmomo@upvnet.upv.es,579,0,9
Bekhta MANSOUR,hydrau13@gmail.com,580,0,9
Sofia Filippetti,sofiafil@libero.it,580,0,9
semra uluatam,uluatams@yahoo.com,580,0,9
Imane Joudar,imanejoudar1@gmail.com,581,0,9
Uroš Davidović,uros.davidovic@yahoo.com,582,0,9
Irida Lazic,irida.lazic@ff.bg.ac.rs,582,0,9
Milica Tosic,milica.tosic@ff.bg.ac.rs,582,0,9
Katarina Veljovic,katarina@ff.bg.ac.rs,582,0,9
Ivana Tosic,itosic@ff.bg.ac.rs,582,0,9
Alexandra Kovacevic,alexkovacevic217@gmail.com,583,0,9
Mario Nicolas Mora,marionicolas.mora2@unibo.it,583,0,9
Andrea Cavina,andrea.cavina8@unibo.it,583,0,9
Agumase Kindie Tefera,agumasekindie.tefer3@unibo.it,583,0,9
Maryam Sarfraz,maryam.sarfraz@studio.unibo.it,583,0,9
sara zanni,sara.zanni7@unibo.it,583,0,9
Umberto Lavorata,umberto.lavorata2@unibo.it,583,0,9
Yu Chen,yu.chen5@unibo.it,583,0,9
Sara Satanassi,sara.satanassi3@unibo.it,583,0,9
Werner Krauss,wkrauss@uni-bremen.de,584,0,9
Laura Zecchi,laura.zecchi@unibs.it,585,0,9
Claudio Marchesi,claudio.marchesi@unibs.it,585,0,9
Michele Arrighini,michele.arrighini@unibs.it,585,0,9
Giovanna Grossi,giovanna.grossi@unibs.it,585,0,9
Rachel James,rachel.james@bristol.ac.uk,586,0,5
Md Shafi Noor Islam,shafi.islam@ubd.edu.bn,587,0,9
Carolina Vera,vera_caro@yahoo.com,588,0,9
Carolina Vera,carolina@cima.fcen.uba.ar,588,0,9
Clare Goodess,c.goodess@uea.ac.uk,589,0,9
BENJAMIN GYAMERA,benjamin.gyamera@uenr.edu.gh,590,0,9
Cecilia Manosa,c.manosa@exeter.ac.uk,591,0,9
Valeria Luciani,lcv@unife.it,592,0,9
Angelo Spedicati de Matteis,angelospedicati@gmail.com,593,0,9
Mordechai Shechter,shechter@econ.haifa.ac.il,594,0,9
Iuliia Polkova,iuliia.polkova@uni-hamburg.de,595,0,9
Harshavardhan Vijay Anand,harsahvardhanjjk@gmail.com,595,0,9
Harshavardhan Vijay Anand,harshavardhanjjk@gmail.com,595,0,9
Fanny Groundstroem,fgroundstroem@gmail.com,596,0,9
Carolina Collaro,carolina.collaro@gmail.com,597,0,9
Susanne Lorenz,s.lorenz@leeds.ac.uk,598,0,9
Sam Grainger,s.grainger@leeds.ac.uk,598,0,9
Suraje Dessai,s.dessai@leeds.ac.uk,598,0,9
Jillian Schacher,eejas@leeds.ac.uk,598,0,9
Carolina Vieira,ccrvieira@fc.ul.pt,599,0,9
Hugo Costa,hpcosta@fc.ul.pt,599,0,9
FABIANA ROSSI,fabiana.rossi3@studenti.unimi.it,600,0,9
Maria Giovanna Stoppani,m.stoppani@campus.unimib.it,601,0,4
Christopher Ezeh,christopher-uche.ezeh@unn.edu.ng,602,0,9
Tamara Radjenovic,tamara.radjenovic@znrfak.ni.ac.rs,603,0,9
Marko Mancic,marko.mancic@masfak.ni.ac.rs,603,0,5
Biljana Basarin,biljana.basarin@gmail.com,604,0,9
Dragan Milosevic,dragan.milosevic@dgt.uns.ac.rs,604,0,9
Soraya Melinato,sorayamelinato@gmail.com,605,0,9
Simon Jackman,simon.jackman@mpls.ox.ac.uk,605,0,9
Carlo Zanetti,carlo.zanetti@unipd.it,606,0,9
Marcello Mazzani,marcello.mazzani@unipr.it,607,0,9
Christos Raftopoulos,c.raftopoulos@go.uop.gr,608,0,9
Loubna Benabbou,loubna_benabbou@uqar.ca,609,0,5
Len Shaffrey,l.c.shaffrey@reading.ac.uk,610,0,9
Maria Noguer,m.noguer@the-iea.org,610,0,9
Martina Perez,martina.perez@uniroma1.it,611,0,9
Andre Simoes,afsimoes@usp.br,612,0,9
SARADOUNI  Lyes,lyessaradouni@gmail.com,613,0,9
Dritan Rustja,dritan.rustja@unishk.edu.al,614,0,9
Lea Hallik,lea.hallik@ut.ee,615,0,9
Piia Post ,piia@ut.ee,615,0,5
Elham Oustan,e.oustan@gmail.com,616,0,9
Michele Libralato,michele.libralato@uniud.it,618,0,9
Paola López-Muñoz,plopezm@funge.uva.es,619,0,9
Christopher Lyon,christopher.lyon@york.ac.uk,620,0,9
Matej Žgela,matej.zgela@gfz.hr,621,0,9
GISELA VILALTA,vilalta@crahi.upc.edu,622,0,5
Venugopal Thallam,venux4@gmail.com,623,0,9
Zehra Yakut,zyakutt@gmail.com,624,0,7
Juli Sikorska,Juli@urbanheat.Studio,625,0,4
Janette Marsh,Marsh.Janette@epa.gov,626,0,6
Cathy  Vaughan,cathy.vaughan@tetratech.com,627,0,6
Natalia Doloisio,n.doloisio@hotmail.com,628,0,9
Salem Afeworki,safeworki@valuesustainability.com,629,0,9
Linda Fernandez,lmfernandez@vcu.edu,630,0,9
Alessandra Fornetti,alessandra.fornetti@univiu.org,631,0,9
Elina Racko,elina.racko@vidzeme.lv,632,0,6
kien nguyen van,kiennguyenvan8@gmail.com,633,0,9
Dovile Karloniene,dovile@climateneutral.lt,634,0,6
Federico Enguix,federico@vitidron.es,635,0,1
Maurizio  Mazzoleni,m.mazzoleni@vu.nl,636,0,9
Rosa Pietroiusti,rosa.pietroiusti@vub.be,637,0,9
Fokke Jong,fokke.dejong@wur.nl,638,0,9
Ingrid Coninx,ingrid.coninx@wur.nl,638,0,9
Judith Klostermann,judith.klostermann@wur.nl,638,0,9
Remco Kranendonk,remco.kranendonk@wur.nl,638,0,9
Rutger Dankers,rutger.dankers@wur.nl,639,0,9
Allard de Wit,allard.dewit@wur.nl,639,0,9
Cheng Liu,cheng.liu@wur.nl,639,0,5
Ronald Hutjes,ronald.hutjes@wur.nl,639,0,9
Maria del Pozo,maria.delpozogarcia@wur.nl,639,0,9
Ineke Weppelman,ineke.weppelman@wur.nl,639,0,5
AmirHossein Modabber,amirhmodabber@gmail.com,640,0,9
Amir Hossein,amir.hmodabber@gmail.com,641,0,5
jean manteke kabay,johnmanteke@yahoo.fr,642,0,6
Christopher Nankervis,chris@weatherlogistics.com,643,0,1
Artiza Elosegi,elosegi@weblyzard.com,644,1,7
Sue Blundell,susanblundell@outlook.com,645,0,4
Soraya Melinato,sorayamelinato@gmail.com,646,0,9
Aboubacar Issaka Ousman Gaoh,aiogaoh93@gmail.com,647,0,9
Bethany Haskins,bethany.haskins@wmca.org.uk,648,0,6
Akhmad Jaafar  Albeso ,akhmadjaafar@gmail.com,649,0,9
Pier Schaper,pschaper@wetterskipfryslan.nl,650,0,9
Antonio Piemontese,piemontese.antonio@gmail.com,651,0,3
Anahit Hovsepyan,ahovsepyan@wmo.int,652,0,5
Douglas Cripe,dcripe@protonmail.ch,652,0,5
Douglas Cripe,dcripe@protonmail.com,652,0,5
Milan Dacic,Mdacic@wmo.int,652,0,6
Nakiete Msemo,nakieemoe@gmail.com,652,0,1
Chris Hewitt,chewitt@wmo.int,652,0,4
Jose Silva,asilva@wmo.int,652,0,4
Richaihu Wu,rwu@wmo.int,652,0,5
Roberta Boscolo,rboscolo@wmo.int,652,0,6
Nakiete Msemo,nmsemo@wmo.int,652,0,6
AMIR HOOSHANG DELJU,adelju@wmo.int,652,0,9
Pawel Szewczyk,pawel.szewczyk@chorzow.wsb.pl,653,0,9
Damian Widera,damian.widera@chorzow.wsb.pl,654,0,9
Wiga Bednarek,jadwiga.bednarek@chorzow.wsb.pl,654,0,9
Bogna Janik,bogna.janik@wsb.poznan.pl,655,0,9
Adam Jabłoński,adam.jablonski@ottima-plus.com.pl,655,0,9
Carlo Strazza,carlo.strazza@wsp.com,656,0,5
Emily Fennell,emily.fennell@wsp.com,656,0,5
Roberto Mezzalama,roberto.mezzalama@wsp.com,656,0,7
Kathrin Rosi Würtz,wuertz@uni-bonn.de,657,0,3
Shilei Niu,niushilei@hotmail.com,658,0,5
shilei niu,shilei.niu@xjtlu.edu.cn,659,0,9
Fabio Marchesin,matteo10v8@gmail.com,660,0,5
Carla Sofia Ferreira Fernandes,sofia.fer.fernandes@gmail.com,661,0,1
Seyed Majid Mir Rokni,majid.mirrokni@gmail.com,662,0,5
Seyed Majid Mir Rokni,mirrokni@yazd.ac.ir,662,0,9
iris papadatou,iris@youandmearchitecture.com,663,0,5
Michelangelo Cristoforetti,info@zeroextreme.eu,664,0,1
chiara ramozzi,chiara.ramozzi@zeroco2.eco,665,0,1
Dana  Gavalierová,dana.gavalierova@zilinskazupa.sk,666,0,6
Federica Casarsa,federica.casarsa@zurich.com,667,0,1
Світлана  Потоцька ,s_pototska@ukr.net,668,0,9
Naoko Miyamoto,miyamoton27@gmail.com,380,0,5
Adam Jablonski,adam.jablonski@ottima-plus.com.pl,431,1,
Adeline Cauchy,acauchy@ramboll.com,451,1,
Adéola Jaiyeola,adeola.jaiyeola@lgi.earth,345,1,
Albert Soret,albert.soret@bsc.es,55,1,
Aleksandra Krzic,aleksandra.krzic@hidmet.gov.rs,458,1,
Alessandro Danca ,alessandro.danca@cmcc.it,188,1,
Alessandro Spinuso,alessandro.spinuso@knmi.nl,468,1,
Alison Pamment,alison.pamment@stfc.ac.uk,478,1,
Amir H. Delju ,adelju@wmo.int,652,1,
Andre Obregon,andre.obregon@ecmwf.int,192,1,
Andrea Taylor,a.l.taylor@leeds.ac.uk ,598,1,
Andreas Villwock,andreas.villwock@hereon.de,108,1,
Andria Nicodemou,andria.nicodemou@bsc.es,55,1,
Angel Muñoz,agmunoz@iri.columbia.edu,55,1,
Angel Muñoz,angel.g.munoz@bsc.es,55,1,
Anna Klose,anna.klose@iais.fraunhofer.de,221,1,
Anna Malinowska,anna.malinowska@wsb.poznan.pl,431,1,
Annemarie Groot,annemarie.groot@wur.nl,639,1,
Annette Ganske,anette.ganske@tib.eu,537,1,
Antonia Matthies,antonia.matthies@climate-kic.org,110,1,
Antonio Fabrizio,fabrizio.antonio@cmcc.it,188,1,
Anwar Benkerta,anwar.benkerta@lgi.earth,345,1,
Arianna Acierno,arianna.acierno@cmcc.it,188,1,
Arno Scharl,scharl@weblyzard.com,644,1,
Arnold Bernaciak,arnold.bernaciak@wsb.poznan.pl ,431,1,
Asun Lera St.Clair,asun.lerastclair@bsc.es,55,1,
Asun Lera St.Clair,asun.lera.st.clair@dnv.com,533,1,
Barbara Scarnato,barbara.scarnato@dnv.com,533,1,
Bart Van den Hurk,bart.vandenHurk@deltares.nl,142,1,
Beatrice Malnati,beatrice.malnati@climate-kic.org,110,1,
Berit Bremer,bbremer@uni-bremen.de,584,1,
Biljana Milic-Petrovic,biljana.milic-petrovic@hidmet.gov.rs,458,1,
Brigitte Perrin,bperrin@wmo.int,652,1,
Brigitte Yzel,yzel@cerfacs.fr,90,1,
Carlo Buontempo,carlo.buontempo@ecmwf.int ,90,1,
Carlo Lacagnina,carlo.lacagnina@bsc.es,55,1,
Carmen Gonzalez,carmen.gonzalezromero@bsc.es,55,1,
Charlotee Pascoe,charlotte.pascoe@stfc.ac.uk,478,1,
Chiara Calderaro,chiara.calderaro@cmcc.it,188,1,
Chris Hewitt,chris.hewitt@metoffice.gov.uk,368,1,
Christian Pagè,christian.page@cerfacs.fr,90,1,
Christiane Melzer,melzer@dkrz.de,145,1,
Clara Beffa,clara.beffa@cmcc.it,188,1,
Daniel Thiemert,daniel.thiemert@ecmwf.int ,192,1,
Daniela Tings,daniela.tings@ecologic.eu,158,1,
"Dankers, Rutger", rutger.dankers@wur.nl,639,1,
David Armstrong,david.armstrong@ecmwf.int,192,1,
Delphine Deryng ,dderyng@ramboll.com,451,1,
Delphine Meyer,delphine.meyer@lgi.earth,345,1,
Denis Stuber,denis.stuber@meteo.fr,369,1,
Diana Urquiza,diana.urquiza@bsc.es,55,1,
Dick Schaap,dick@maris.nl,361,1,
Difussion - Press release,presse@dtu.dk,520,1,
Dom Lethem,dom.lethem@metoffice.gov.uk,368,1,
Dominique Roffi,roffi@cerfacs.fr,90,1,
Douglas Cripe,dcripe@protonmail.ch,652,1,
Dragan Mihic,dragan.mihic@hidmet.gov.rs,458,1,
Edwin Aalders,edwin.aalders@dnv.com,533,1,
Eelco Kruizinga,eelco.kruizinga@dnv.com,533,1,
Efren Feliu,efren.feliu@tecnalia.com,521,1,
Elisa Luna,luna@zv.tum.de,518,1,
Elke Keup-Thiel,elke.keup-thiel@hereon.de,108,1,
Elke Rupp,elke.rupp@zv.fraunhofer.de,221,1,
Emma Seymour,e.l.seymour@leeds.ac.uk,598,1,
Eric Dobrivoje,dleric@cpn.rs,84,1,
ESG Liaison Office,liaisonoffice.esg@wur.nl ,639,1,
EU Finance,eu-finance@zv.tum.de,518,1,
EU funding,eufunding@leeds.ac.uk,598,1,
Eva Lillelund,eva@dtu.dk ,520,1,
Fiona Kinniburgh,fiona.kinniburgh@hfp.tum.de,518,1,
Fokke Dejong,fokke.dejong@wur.nl,639,1,
Francesca Finello,frfn@ramboll.com,451,1,
Francesca Larosa,francesca.larosa@cmcc.it,188,1,
Francisco J. Doblas-Reyes,francisco.doblas-reyes@bsc.es,55,1,
Frauke Meyer,eu@vw.uni-bremen.de ,584,1,
Frederice Pradelle,fpradelle@ramboll.com,451,1,
Freja Kjær,frekj@dtu.dk ,520,1,
Gianni Nardone,gianni.nardone@lgi.earth,345,1,
Ginetta Schneider,ginetta.schneider@metoffice.gov.uk,368,1,
Giulia Galluccio,giulia.galluccio@cmcc.it ,188,1,
Grit Martinez,grit.martinez@ecologic.eu,158,1,
Gro Martinsen,gro.martinsen@dnv.com,533,1,
Gwendoline Lacressonniere,glacressonniere@ramboll.com,451,1,
Hans-Joerg Isemer,hans-joerg.isemer@hereon.de,108,1,
Harilaos Loukos,harilaos@theclimatedatafactory.com,527,1,
Helena Martins,helena.martins@smhi.se,508,1,
Igone García,igone.garcia@tecnalia.com,521,1,
Ilaria Vigo,ilaria.vigo@bsc.es,55,1,
Italo Epicoco,italo.epicoco@cmcc.it,188,1,
Jaroslav Mysiak,jaroslav.mysiak@cmcc.it,188,1,
Jean Baptieste Migraine,jbmigraine@wmo.int ,652,1,
Jelena Medenica,jmedenica@cpn.rs,84,1,
Joanne Schanté,joanne.schante@lgi.earth,345,1,
Joerg Cortkear,joerg.cortekar@hereon.de,108,1,
Jorge Paz,jorge.paz@tecnalia.com,521,1,
Josiane Aboniyo,jaboniyo@wmo.int,652,1,
Judith Klostermann,judith.klostermann@wur.nl,639,1,
Julian Braeuer,julian.braeuer@tum.de,518,1,
Julien Fouilland,jfouilland@ramboll.com,451,1,
Karyn Morrisey,kamorr@dtu.dk,520,1,
Katarina Stekic,kstekic@cpn.rs,84,1,
Katie Cartmell,katie.cartmell@stfc.ac.uk,478,1,
Katja Hessenkämper,hessenkaemper@uni-bremen.de,584,1,
Keri Dunning,k.l.dunning@leeds.ac.uk,598,1,
Kevin Ramirez,kevin.ramirez@climate-kic.org,110,1,
Kilian Nickel,kilian.Nickel@iais.fraunhofer.de ,221,1,
Kirsten Halsnaes ,khal@dtu.dk,520,1,
Klaus Zimmermann,klaus.zimmermann@smhi.se,508,1,
Kristofer Proll,kristofer.proll@din.de,242,1,
Kylie Wood,kylie.wood@iais.fraunhofer.de,221,1,
Laetitia Giraud,lagi@ramboll.com,451,1,
Laura Carletti,laura.carletti@climate-kic.org,110,1,
Laura Schwabe,laura.schwabe@hereon.de,108,1,
Lilian Loyer,lloyer@ramboll.com,451,1,
Lina Monitor,lina.monitor@din.de,242,1,
Linn Pedersen,linn.pedersen@dnv.com,533,1,
Lisa Benes,lisa.benes@lgi.earth,345,1,
Ljiljana Ilic,pr@cpn.rs,84,1,
Louise de Torcy,ldetorcy@ramboll.com,451,1,
Mar Rodríguez,mar.rodriguez@bsc.es,55,1,
Marco Hendriks,marco1.hendriks@wur.nl,639,1,
Marina Baldissera,m.baldisserapacchetti@leeds.ac.uk,55,1,
Marina Baldissera,marina.baldissera@bsc.es,55,1,
Marina Corradini,marina.corradini@bsc.es,55,1,
Marina Matovic,mmatovic@cpn.rs,84,1,
Marjana Brkic,mbrkic@cpn.rs,84,1,
Marta Terrado,marta.terrado@bsc.es,55,1,
Martin Juckes,martin.juckes@stfc.ac.uk,478,1,
Martin Paumichl,martin.paulmichl@zv.fraunhofer.de ,221,1,
Martina Stockhause ,stockhause@dkrz.de,145,1,
Mathiled Baret,mbaret@ramboll.com,451,1,
Mauro Buonocore,mauro.buonocore@cmcc.it,188,1,
Maxx Dilley,mdilley@wmo.int,652,1,
Mehmet Ümit Taner,umit.taner@deltares.nl,142,1,
Melanie Krauss,krauss@dkrz.de,145,1,
Michael Böttinger,boettinger@dkrz.de,145,1,
Michael Flitner,mflitner@uni-bremen.de,584,1,
Michèle Campassens  ,campasse@cerfacs.fr,90,1,
Michele Gasparoli,michele.gasparoli@unitn.it,617,1,
Mikel Dorronsoro,mikel.dorronsoro@tecnalia.com,521,1,
Mirella Collini,mirella.collini@unitn.it,617,1,
Mirjana Volarev,mvolarev@cpn.rs,84,1,
Monica Wallgren,monica.wallgren@smhi.se,508,1,
Nakiete Msemo,NMsemo@wmo.int,652,1,
Nico Stelljes,nico.stelljes@ecologic.eu,158,1,
Nicola Golding,nicola.golding@metoffice.gov.uk,368,1,
Nicolas Bihel,nicolas.bihel@lgi.earth,345,1,
Oliver Ullrich,oliver.ullrich@iais.fraunhofer.de,221,1,
Ottavia Carlon,ottavia.carlon@cmcc.it,188,1,
Paola Castellanos,paola.castellanos@bsc.es,55,1,
Paula Newton,paula.newton@metoffice.gov.uk,368,1,
Petar Lausevic,plausevic@cpn.rs,84,1,
Peter Thijsse,peter@maris.nl,361,1,
Pierre Cattoire,pierre.cattoire@lgi.earth,345,1,
Pierre-Antoibe Bretonniere,pierre-antoine.bretonniere@bsc.es,55,1,
Pilar Ruiz Ibañez,pilar.ruiz@tecnalia.com,521,1,
Priscilla Wittenberg,priscilla.wittenberg@knmi.nl,468,1,
Remi Beteille,remi.beteille@ecologic.eu,158,1,
Roberta Boscolo,rboscolo@wmo.int,652,1,
Rutger Dankers,rutger.dankers@wur.nl,639,1,
Saioa Zorita,saioa.zorita@tecnalia.com,521,1,
Samantha Burgess,samantha.burgess@ecmwf.int,192,1,
Samantha Coope,samantha.coope@ukri.org,478,1,
Sandrine Dhenain,sdhenain@ramboll.com,451,1,
Sandro Fiore ,sandro.fiore@unitn.it,617,1,
Sarah Wright,sarah.wright@deltares.nl,142,1,
Selvaggia Santin,selvaggia.santin@cmcc.it,188,1,
Siegfried Eisinger,Siegfried.Eisinger@dnv.com,533,1,
Silke Beck,silke.beck@tum.de,518,1,
Stacey New,stacey.new@metoffice.gov.uk,368,1,
Stefka Domuzova,stefka.domuzova@climate-kic.org,110,1,
Stephanie Heinze,stephanie.heinze@uni-bremen.de ,584,1,
Suraje Dessai,s.dessai@leeds.ac.uk,598,1,
Suresh Balaji,suresh.balaji@stfc.ac.uk,478,1,
Suzanne Kok,suzanne.kok@knmi.nl,468,1,
Suzi Maurice,suzi.maurice@lgi.earth,345,1,
Tanya Warnaars,tanya.warnaars@ecmwf.int,192,1,
Tatiana Ferrari,tatikol@dtu.dk,520,1,
Thanh Tam Le,thanh-tam.le@climate-kic.org,110,1,
Thomas Neumann,tneu@ramboll.com,451,1,
Tjerk Krijger,tjerk@maris.nl,361,1,
Valerie Wischott,valerie.wischott@iais.fraunhofer.de,221,1,
Veronica Grasso,vgrasso@wmo.int,652,1,
Viola Bennink,viola.bennink@wur.nl,639,1,
Werner Krauss,wkrauss@uni-bremen.de,584,1,
Wilma Jans,wilma.jans@wur.nl,639,1,
Yasmina Dkhissi,yasmina.dkhissi@lgi.earth,345,1,
Zoran Krajinovic,zoran.krajinovic@hidmet.gov.rs,458,1,
