﻿id,fullName
1,A Sud Ecology and Cooperation
2,A/gent b.v. Env. Consultancy
3,Academia Sinica
4,Academy of Athens
5,Academy of science of South Africa
6,ACTeon Environment
7,Adam Sébire
8,Adigrat University 
9,ADVID | CoLAB Vines&Wines
10,Aerospace Valley
11,AESS
12,AFRY
13,AFVMC Assistance to Families and Victims of Clandestine Migrations
14,Agence Nationale de la Recherche
15,AGRIC-CACTUS PTY LTD
16,Agrotecnico - Enologo Enotecnico - Consulente Fitosanitario
17,"AISAM, AMPRO"
18,AIT
19,AkkaLab
20,alchemia-nova GmbH
21,ALDA- European Association for Local Democracy
22,Amigo srl
23,Anatolian Development Association
24,Anisn
25,ANM Romania
26,Anna University
27,Aon Impact Forecasting
28,APE FVG
29,Araymond
30,Archietto
31,"Arctic Centre,  University of Lapland "
32,Armada del Ecuador
33,ARPA FVG
34,ARPA Lombardia
35,ARPA PIEMONTE
36,ARPA Sardegna
37,ARPAE
38,ARPAT
39,Art Lab
40,ASADOF
41,Asian Marine Conservation Association
42,ASPRI
43,Association for Farmers Rights Defense (AFRD)
44,Associazione no profit Macromicro
45,Atkins Ltd
46,AtmoVera
47,AWorld
48,Ayuntamiento de Logroño
49,Ayuntamiento de Málaga
50,"B. I. Ag. Development Co.,  Ltd."
51,Babes-Bolyai Univerisity
52,Bahir Dar University
53,Bamfield Marine Sciences Centre
54,Bangladesh Open University
55,Barcelona Supercomputing Center (BSC)
56,Bašte iz Mašte / Karlovački vinogradi
57,Bauhaus University of Weimar
58,Bazzmann Agency + Venipedia
59,BC3-Basque Center for Climate Change
60,BDI
61,Bdutae
62,BEDO
63,Beijer Institute
64,Belgian Climate Centre
65,Biosense Institute
66,Bluebiloba startup innovativa srl
67,Bluefarm
68,Brandeis University
69,British Red Cross 
70,C/o MUR
71,Cà Foscari University
72,Cabildo de Gran Canaria - Consejo Insular de la Energía de Gran Canaria (CIEGC)
73,"CACR,  AMIS,  ASTRI"
74,"Cambridge Resource Economics and C-EENRG, University of Cambridge"
75,Capgemini
76,CAS
77,CASE
78,Catalan Government
79,CDP
80,CEDOCS
81,CEFA
82,CEN IEM Unit
83,Center for Agriculture and Climate Change
84,Center for the Promotion of Science
85,Center for the Promotion of Science (CPN)
86,Centre for Earth Research and Environment Management
87,Centro Agronómico Tropical de Investigación y Enseñanza (CATIE)
88,Centro Funzionale Multirischi - Regione Campania
89,Centro Terzo Millennio
90,CERFACS
91,cervest
92,CEVIPE - LA GRANADA
93,cgil
94,Charles University
95,Chulalongkorn university
96,CIAT
97,CIM Cávado
98,CIMA Research Foundation
99,CINEA
100,CISL
101,Civil Society Advocacy Network on Climate Change and the Environment Sierra Leone (CAN-SL)
102,Climate Adaptation Services
103,Climate Analytics
104,Climate art project
105,Climate Centre
106,Climate Scale
107,Climate Service Center Germany (GERICS)
108,Climate Service Center Germany (GERICS) - Helmholtz Zentrum Hereon
109,Climate Standard
110,Climate-KIC
111,COIMA
112,CoLAB +ATLANTIC
113,Comenius University in Bratislava
114,Comitato Italiano per l'UNICEF
115,Company
116,COMSATS University Islamabad
117,Comune dell'Aquila
118,Comune di Gaiba
119,Comune di Milano
120,Comune di Salerno
121,Conscious planet 
122,Consejo Insular de la Energía de Gran Canaria
123,COOPERATION EUROPEAN PROGRAMME INTERREG
124,Cooperativa sociale Le Mille e Una Notte
125,"Coordinator,  Transformative Urban Nature Action UNECE/FAO Forestry and Timber Section Forests"
126,Co-PLAN institute for habitat development
127,Cork City Council
128,Corvers Procurement Services B.V.
129,CREA OF SANREMO
130,Cresol
131,Croatian Meteorological and Hydrolologic
132,CSEND
133,CSTEP
134,Czech University of Life Sciences Prague
135,Danish Meterological Insitute
136,Datiaperti
137,DBA Group
138,Debub Global Bank
139,Deepki
140,Deloitte
141,Deloitte & Touche S.p.A.
142,Deltares
143,DestinationEmea.com
144,Deutscher Wetterdienst
145,Deutsches Klimarechenzentrum (DKRZ)
146,DEval - German Institute for Development Evaluation
147,Dgm
148,Direção Regional do Ambiente e Alterações Climáticas
149,Directorate of climate change
150,DISSCO
151,DOOR
152,dryres
153,Dutch Green Building Council
154,DUTH
155,EARSC
156,EC
157,ECOL STUDIO SPA
158,Ecologic Institute (ECO)
159,Economic and Social Council (ECOSOC)
160,ECRA
161,ECSA
162,EDUCOMMART
163,EEA
164,ege university
165,EIOPA
166,EIT Climate-KIC
167,eLEAF
168,Electricity supply board 
169,ELO - European Landowners' Org
170,Emilia-Romagna Region
171,Empa
172,ENEA
173,Enel
174,enexion GmbH - Energy Consulting and Risk Management Inc.
175,Engie 
176,ENVISA
177,EPA
178,Equator Principles
179,"Estonian, Latvian & Lithuanian Environment, SIA"
180,ETHZ
181,ETICAMBIENTE
182,EU project CoM East
183,euclipa
184,Eunoia ngo
185,eurac research
186,Eurecat
187,EUROCONTROL
188,Euro-Mediterranean Centre for Climate Change (CMCC)
189,Euronike
190,European Association of Development Agencies (EURADA)
191,European Central Bank
192,European Centre for Medium-Range Weather Forecasts (ECMWF)
193,European Climate Pact Ambassador
194,European Commission
195,European Environment Agency
196,European Investment Bank
197,EVRESCO
198,"Ex-student (Unict, Unito, Roma Tre)"
199,Fabrica Research Center
200,Faculty of Science
201,Falck 
202,FAO
203,Fauna & Flora
204,FAUP
205,FBK
206,fc21 adv
207,FEDARENE
208,FEEM
209,FESA LLC
210,FEUP
211,Finapp
212,Finnish Meteorological Institute (FMI)
213,Fispmed
214,Flemish Institute for Technological Research (VITO)
215,Fondazione Bruno Kessler
216,Fondazione Edmund Mach
217,Fondazione Osservatorio Meteorologico Milano Duomo
218,Food and Agriculture Organization
219,FORTH/ICE-HT
220,FPNCYL
221,Fraunhofer Gesellschaft
222,Fraunhofer Institute IAIS
223,Frede Cappelen Climate Change
224,Free University of Bozen 
225,Freelance
226,Freelance artist
227,Freelance consultant
228,French Agency of Biodiversity (OFB)
229,Fresenius medical care 
230,Fresh Thoughts Consulting 
231,Friends for future
232,Fundación MUSOL
233,FundingBox
234,Future Urban Living
235,G.A.C. Group
236,GAIA
237,Gaialux asbl
238,Galway City Council
239,gecosistema
240,Generali
241,GeoSphere Austria
242,German Institute for Standardization (DIN)
243,German Insurance Association (GDV)
244,Ghalayini for Trade and Turnkey
245,"Ghana NDC Action Project,  EPA,  Ghana"
246,GIE
247,GIZ
248,Global Water Partnership Central and Eastern Europe
249,"Government of Andhr Pradesh,  India."
250,Govt NPG College of Science Raipur India
251,gramma consulting and communications
252,Green Art Incubator
253,GreenBlue Urban 
254,Greener Zambia Vision 
255,Greenpeace
256,GRI/LSE
257,Griffith University
258,Gruppo Italia Energia
259,Guy Carpenter
260,GVA
261,Hacettepe University
262,Hawassa University
263,HEAL
264,Hellenic National Meteorological Service 
265,HMC
266,HNMS
267,Holistic
268,Horizon Nua
269,Hosseini
270,https://diegofdezsevilla.wordpress.com
271,Hydromet service of Armenia
272,Hydrometeorological Department of National Environmental Agency
273,"Hydrometeorology and Monitoring Center"" SNCO"
274,Hypermeteo
275,IAFFE
276,Iberdrola
277,Icatalist
278,I-CATALIST (MIP4Adapt)
279,Icem
280,ICLEI Europe 
281,iClimate Adviser
282,ICPEDH
283,IDIAPJGol
284,IDSAA
285,Ieecp
286,IER
287,IHE Delft Institute for Water Education
288,IIASA
289,ikrishibid
290,IMQ eAmbiente
291,INARCH
292,Independent Researcher
293,Indian Institute of Technology Madras 
294,INFORMEST
295,Infowe Concepts Ltd
296,INGV
297,Inside Climate Service srl
298,Institute for Anthropocene Studies
299,Institute for Climate Economics (I4CE)
300,Institute of BioEconomy - National Research Council
301,Institute of Hydrometeorology and Seismology
302,"Institute of Oil and Gas Studies,  University of Cape Coast,  Ghana "
303,Institute Pierre Simon Laplace
304,Instituto de Geografia e Ordenamento do Territorio
305,Insubria
306,Intecs Solutions
307,Integrated Research and Action for Development
308,Integration Umwelt & Energie GmbH
309,International Institute for Applied Systems Analysis (IIASA)
310,International Telematic University UNINETTUNO
311,Ipres
312,Iran Meteorological Organization (IRIMO)
313,IRI
314,ISENSE/Institute of Communication & Computer Systems (ICCS)
315,ISF BG
316,ISISS Giovanni Falcone
317,ISMEA
318,ISPRA
319,ISS
320,IST
321,Istituto Nazionale di Geofisica e Vulcanologia
322,ITET
323,Iuav
324,IUAV 
325,IUSS
326,James Corner Field Operations
327,JAMSTEC
328,JBA Consulting
329,JBA Risk Management
330,Joint reseerch centre
331,JPI Climate
332,JRC
333,Kharazmi University
334,kilowatt
335,KP Consulting
336,Krakow Metropolitan Association 
337,Kulama (For Earth)
338,Kurzeme Planning region
339,Labor für Kunst und nachhaltige Bildung (LaKunaBi)
340,Laboratoire des Sciences du Climat et de l'environment (LSCE)
341,Lass Ann schreiben
342,Latham & Watkins
343,Lebanese University
344,Leibniz Universität Hannover
345,LGI Sustainable Innovation
346,libero pofessionista
347,LIBRA AI Technologies IKE
348,Liceo classico G. Palmieri
349,LINKS Foundation
350,Lisboa E-Nova - Energy and Environment Agency of Lisbon
351,Lithuanian Energy Institute
352,LNH Water ApS
353,Lobelia Earth
354,London School of Economics and Poltical Science
355,Lund University
356,Macromicro Association
357,Madda Walabu University
358,Manchester Care & Repair
359,Manila Observatory
360,Marche Region
361,MARIS
362,Master Builders Solutions Italia Spa
363,Max Planck Institute for Meteorology
364,Mazovia Energy Agency
365,Media
366,mercator ocean international
367,Met Éireann
368,Met Office
369,Meteo france
370,Meteosim
371,Mewar University
372,Midlands State University
373,Minister of agriculture Turkey
374,Ministry of Economy and Sustainable Development
375,"MINISTRY OF EDUCATION AND TRAINING,  NATIONAL CURRICULUM DEVELOPMENT CENTRE (NCDC)"
376,Ministry of Environment 
377,Ministry of Environment and Climate Change (MECC) Qatar
378,ministry of environment and energy security
379,Ministry of Foreign Trade and Economic Relations of Bosnia and Herzegovina
380,"Ministry of the Environment, Government of Japan"
381,MIO-ECSDE
382,MIP4Adapt
383,Mitiga Solutions
384,MoEPRD
385,Msunduzi Municipality
386,Müller-BBM Cert Umweltgutachter GmbH
387,Municipality of Vila nova de Famalicão
388,Município Famalicão 
389,Museo della Cascata srls
390,My Birthday Tree
391,Nansen Environmental and Remote Sensing Center
392,NASA
393,National Center of Public Health and Analyses
394,National Environment and Climate Change Agency
395,National Institut of researches in rural ingeneering water and forest
396,National Institute of Jamshedpur
397,National Institute of Meteorology
398,National institute of meteorology  of tunisia
399,National Meteorological Administration
400,National Ministry of Livestock and Fisheries 
401,National Observatory of Athens
402,"National Office for Implementation Environmental Projects (ONIPM),  Ministry of Environment of the Republic of Moldova"
403,National Research Council ISMAR
404,National Research Council of Italy (CNR)
405,National Taiwan University
406,National Technical University of Athens
407,National University of Mexico
408,Natural Resources Institute
409,NCAS
410,NCSR Demokritos
411,"NGO ""EKAPRAEKT"""
412,NGO Ecopartnership
413,Nistarini College
414,NMA Romania
415,NOAA
416,none
417,NORCE Norwegian Research Center AS
418,nwrg-onlus
419,Observatório da Paisagem da Charneca 
420,OceanHis SrL
421,OeNB
422,OFB-Life ARTISAN
423,Off Course Studio
424,Office for National Statistics
425,Officina Digitale Imola
426,OGS
427,Open Hydro
428,Ørsted
429,OS BJankovic
430,Osi Joe Touching Lives Initiative
431,Ottima Plus - Science and Technology
432,own
433,Pakistan Agricultural Research Council Islamabad
434,Palermoscienza ETS
435,Pension Fund 
436,Peyzaj Arastirmalari Dernegi -PAD
437,PHE Ethiopia Consortium
438,PIK
439,Politecnico di Milano
440,Politecnico di Torino
441,Power Engineering Institute of Belarus National Academy of Sciences
442,Predictia Intelligent Data Solutions
443,Prescient Weather
444,Private
445,Private sector 
446,Provincia di Trento (APPA)
447,Pubblica amministrazione
448,PwC (GR)
449,"Quaid-i-Azam university, Islamabad "
450,Rabobank
451,Ramboll
452,Rcs Media
453,Red Sea Cruise Company
454,REGEA
455,Regione Emilia-Romagna 
456,REMHI
457,Renewables Grid Initiative
458,Republic Hydrometeorological Service of Serbia
459,Republic Hydrometeorological servise of Serbia (RHMZ)
460,reScope
461,Research institute of Meteorology and Atmospheric Science
462,Resilient Cities Network
463,RIMAS
464,RMSI
465,RO
466,Royal Institute of Technology (KTH)
467,Royal Meteorological Institute of Belgium
468,Royal Netherlands Meteorological Institute (KNMI)
469,RSE S.p.A.
470,RSS Jordan
471,Rutas del Conflicto
472,RWE
473,SABESP
474,Salukat
475,Sapienza Università di Roma
476,Satellite Applications Catapult
477,Science and research centre Koper (ZRS Koper)
478,Science and Technology Facilities Council (STFC)
479,Scientific Society for Water Resources
480,Scientists for Future
481,Seabeck Systems
482,SEMIL
483,SHRI J J T UNIVERSITY 
484,Šibenik-Knin County
485,Simmons & Simmons
486,Singapore-MIT Alliance for Research and Technology
487,SINTEF OCEAN
488,SISSA
489,"SLLC “Latvian Environment,  Geology and Meteorology Centre”"
490,Slovak Environment Agency
491,Slovak hydrometeorological institute
492,Slovenian Environment Agency (ARSO)
493,Social Innovation Lab Gdynia 
494,Social Nebula
495,Sogrape
496,Sostenibilidad a Medida
497,South Pole
498,SOWIT
499,Stellenbosch University
500,Stichting Mission Lanka 
501,Stockholm Environment Institute
502,Stop CO2 Ltd
503,Sunday Standard
504,Sustainable Brussels 
505,Sustainable Innovation Institute
506,Sustainary Sul da Europa e Africa 
507,SWECO
508,Swedish Meteorological and Hydrological Institute
509,Swedish Meteorological and Hydrological Institute (SMHI)
510,SwitchMED - Maghweb
511,Symington Family Estates
512,SYMLOG
513,System2C
514,t6 
515,Tahadhari Center for Climate and Migration in Euro-Med (TCCMEM)
516,Tanjug television
517,Tapananda Rural Development Society 
518,Technical University Munich
519,Technical university of Crete
520,Technical University of Denmark (DTU)
521,Tecnalia
522,Tehran Disaster Mitigation Management Organization
523,TERI
524,The American University of Rome
525,The Arctic University of Norway 
526,The Bureau of Investigative Journalism
527,The Climate Data Factory
528,The Cyprus Institute
529,The Energy and Resources Institute
530,The Entrepreneurial University - TUM
531,The Malta Business Weekly
532,The Meteorological Office
533,The norwegian veritas (DNV)
534,The Ocean Foundation 
535,The Research Council of Norway
536,Thuenen Institute
537,TIB – Leibniz-Informationszentrum Technik und  Naturwissenschaften 
538,TIMBERCARE
539,Trinity College Dublin
540,Tripura University 
541,TÜBİTAK MAM
542,tue Energy and Resources Institute 
543,Turkish State Meteorological Service
544,Tyrsky Consulting
545,Ubivivo
546,U-BOOT Lab
547,UCL
548,UDYAMA
549,Uganda Forestry Association
550,UK Centre for Ecology and Hydrology
551,UKHSA
552,UKMO
553,UMass Amherst - Energy Transition Institute
554,UN ECLAC
555,Unesco
556,Unibo
557,UNIFI
558,Unimib
559,Union for the Mediterranean
560,United Nations Economic and Social Commission for Western Asia
561,UNITO
562,UNITS
563,Univeristy of Oxford
564,Universidad Complutense de Madrid
565,Universidad de Jaén 
566,Universidad Nacional de Río Cuarto 
567,Universidad Nacional del Este
568,Università degli Studi di Camerino
569,università degli studi di milano-bicocca
570,Università degli studi di Sassari
571,Università degli Studi di Verona
572,Università di Camerino
573,università di Firenze
574,Università di sassari
575,Università di Urbino Carlo Bo 
576,Università La Sapienza
577,Università Politecnica delle Marche
578,Universitat Autonoma de Barcelona
579,Universitat Politecnica de Valencia
580,University
581,university chouib doukkali
582,University of Belgrade
583,University of Bologna
584,University of Bremen (UBREMEN)
585,University of Brescia
586,"University of Bristol, UK"
587,University of Brunei Darussalam
588,University of Buenos Aires - CONICET
589,University of East Anglia
590,University of Energy and Natural Resources
591,University of Exeter
592,University of Ferrara 
593,University of Greenwich
594,University of Haifa
595,University of Hamburg
596,University of Helsinki
597,University of Jaén Spain
598,University of Leeds
599,University of Lisbon
600,University of Milan
601,University of Milano-Bicocca
602,University of Nigeria
603,University of Nis
604,University of Novi Sad
605,University of Oxford
606,University of Padua
607,University of Parma
608,University of Peloponese
609,University of Quebec at Rimouski
610,"University of Reading, UK"
611,University of Rome Sapienza
612,University of São Paulo - USP
613,University of science and technology Houari Boumediene 
614,"University of Shkoder ""Luigj Gurakuqi"", Albania"
615,University of Tartu
616,University of Tehran
617,University of Trento
618,University of Udine
619,University of Valladolid
620,University of York
621,University of Zagreb
622,UPC
623,Uppsala University
624,Urban Climate Change Research Network (UCCRN)
625,Urban Heat Studio
626,US EPA
627,USAID Climate Adaptation Support Activity / Tetra Tech
628,Utrecht University
629,Value Sustainability
630,VCU
631,Venice International University
632,Vidzeme Planning Region
633,VIETNAM NATIONAL PLANT GENEBANK
634,Vilnius Climate Neutral
635,vitiDron
636,Vrije Universiteit Amsterdam
637,Vrije Universiteit Brussel
638,Wageningen Environmental Research (WENR)
639,Wageningen University & Research (WUR)
640,Water resources management
641,Water resources STUDENT 
642,Water Resources/Ministry of Environment
643,Weather Logistics Ltd
644,webLyzard technology
645,WeCCAN
646,WEMC
647,West African Science Service Centre on Climate Change and Adapted Land Use WASCAL
648,West Midlands Combined Authority
649,Western Mindanao State University - Environmental Science Society
650,Wetterskip Fryslan
651,Wired Italia
652,World Meteorological Organization (WMO)
653,WSB Banking University
654,WSB Chorzow
655,WSB University in Poznań
656,WSP
657,Würtz Media - Verlag Kathrin Rosi Würtz
658,xian jiaotong liverpool uni.
659,XJTLU
660,Xlog
661,Yamesa Consulting
662,Yazd University
663,YOU&ME Architecture
664,Zero Extreme 
665,zeroco2
666,Žilina self-governing region
667,Zurich Insurance 
668,"Національний університет ""Чернігівський колегіум"" іменіТ.Г.Шевченка; ГО ""ЧОО Українського товариства охорони природи"""
669,other
